correct,winner_hit,logloss,brier,ndcg3,model,regime,season,race_id,tau
3,0,0.13871565808205494,0.0355396758602202,0.9410924754941495,base_grid,post,2021,2021_1,2.5805860963538376
2,0,0.22698827665142085,0.07645020633026253,0.5306652111662978,base_grid,post,2021,2021_10,2.5805860963538376
1,0,0.5210588241574579,0.13678903430651337,0.4104272643278517,base_grid,post,2021,2021_11,2.5805860963538376
3,1,0.13871565808205494,0.0355396758602202,1.0,base_grid,post,2021,2021_12,2.5805860963538376
3,1,0.13871565808205494,0.0355396758602202,1.0,base_grid,post,2021,2021_13,2.5805860963538376
2,0,0.513753577352965,0.11114868314015938,0.5648674831936188,base_grid,post,2021,2021_14,2.5805860963538376
1,0,0.5795510357607143,0.1242591201010674,0.21579231061781579,base_grid,post,2021,2021_15,2.5805860963538376
2,1,0.21308924064059864,0.06623475572156098,0.8289886398633951,base_grid,post,2021,2021_16,2.5805860963538376
3,1,0.13871565808205494,0.0355396758602202,1.0,base_grid,post,2021,2021_17,2.5805860963538376
2,0,0.22698827665142085,0.07645020633026253,0.543969706302387,base_grid,post,2021,2021_18,2.5805860963538376
2,0,0.2961136779848911,0.07963195201609682,0.6009734930145886,base_grid,post,2021,2021_19,2.5805860963538376
2,0,0.26412175817039035,0.08598864703470697,0.6954461978888599,base_grid,post,2021,2021_2,2.5805860963538376
2,1,0.26412175817039035,0.08598864703470697,0.7410492272586211,base_grid,post,2021,2021_20,2.5805860963538376
3,1,0.13871565808205494,0.0355396758602202,0.9910438099037578,base_grid,post,2021,2021_21,2.5805860963538376
2,1,0.19027673431214534,0.058747781012974974,0.8289886398633951,base_grid,post,2021,2021_22,2.5805860963538376
3,0,0.13871565808205494,0.0355396758602202,0.9068902034668286,base_grid,post,2021,2021_3,2.5805860963538376
3,1,0.13871565808205494,0.0355396758602202,1.0,base_grid,post,2021,2021_4,2.5805860963538376
1,0,0.2785493528815112,0.09965831148301732,0.35965385102969294,base_grid,post,2021,2021_5,2.5805860963538376
0,0,0.5079726873915382,0.16687528206199206,0.0,base_grid,post,2021,2021_6,2.5805860963538376
2,1,0.16572601195471495,0.04855723963537023,0.8289886398633951,base_grid,post,2021,2021_7,2.5805860963538376
2,1,0.19027673431214534,0.058747781012974974,0.8289886398633951,base_grid,post,2021,2021_8,2.5805860963538376
2,1,0.19027673431214534,0.058747781012974974,0.785830177739832,base_grid,post,2021,2021_9,2.5805860963538376
2,1,0.2196491841566361,0.07317425285236266,0.7752514992859421,base_grid,post,2022,2022_1,2.5805860963538376
1,1,0.2466595380292961,0.0861918166275127,0.5700378671220162,base_grid,post,2022,2022_10,2.5805860963538376
2,0,0.25565044660853864,0.07528613406591642,0.7700811153575446,base_grid,post,2022,2022_11,2.5805860963538376
1,0,0.30136185920996456,0.10714528619160331,0.35965385102969294,base_grid,post,2022,2022_12,2.5805860963538376
1,0,0.42151977807322644,0.1300809231905836,0.34202272027320973,base_grid,post,2022,2022_13,2.5805860963538376
2,0,0.3552301495219436,0.08223317168252545,0.6009734930145886,base_grid,post,2022,2022_14,2.5805860963538376
2,1,0.21308924064059864,0.06623475572156098,0.785830177739832,base_grid,post,2022,2022_15,2.5805860963538376
2,0,0.23474930832589957,0.07156217519531928,0.6262195749456675,base_grid,post,2022,2022_16,2.5805860963538376
2,0,0.16572601195471495,0.04855723963537023,0.7700811153575446,base_grid,post,2022,2022_17,2.5805860963538376
2,1,0.16572601195471495,0.04855723963537023,0.785830177739832,base_grid,post,2022,2022_18,2.5805860963538376
2,0,0.3969060576180406,0.1095627892010188,0.5648674831936188,base_grid,post,2022,2022_19,2.5805860963538376
2,0,0.22698827665142085,0.07645020633026253,0.42996213287798374,base_grid,post,2022,2022_2,2.5805860963538376
2,1,0.1950984617992057,0.06298371147475793,0.7752514992859421,base_grid,post,2022,2022_20,2.5805860963538376
2,1,0.23474930832589957,0.07156217519531928,0.8289886398633951,base_grid,post,2022,2022_21,2.5805860963538376
3,1,0.13871565808205494,0.0355396758602202,0.9910438099037578,base_grid,post,2022,2022_22,2.5805860963538376
2,1,0.24246169048508937,0.08066122756094868,0.7752514992859421,base_grid,post,2022,2022_3,2.5805860963538376
2,1,0.2196491841566361,0.07317425285236266,0.7752514992859421,base_grid,post,2022,2022_4,2.5805860963538376
3,0,0.13871332104174722,0.035539283074059506,0.9112385085066755,base_grid,post,2022,2022_5,2.5805860963538376
1,0,0.2785493528815112,0.09965831148301732,0.35965385102969294,base_grid,post,2022,2022_6,2.5805860963538376
2,0,0.22698827665142085,0.07645020633026253,0.543969706302387,base_grid,post,2022,2022_7,2.5805860963538376
2,0,0.25153899900885124,0.08664074770786727,0.543969706302387,base_grid,post,2022,2022_8,2.5805860963538376
2,1,0.1950984617992057,0.06298371147475793,0.7752514992859421,base_grid,post,2022,2022_9,2.5805860963538376
2,1,0.19027673431214534,0.058747781012974974,0.8289886398633951,base_grid,post,2023,2023_1,2.5805860963538376
2,1,0.23474930832589957,0.07156217519531928,0.8289886398633951,base_grid,post,2023,2023_10,2.5805860963538376
2,0,0.33731158630627883,0.10575489709328696,0.5648674831936188,base_grid,post,2023,2023_11,2.5805860963538376
2,0,0.21308924064059864,0.06623475572156098,0.6009734930145886,base_grid,post,2023,2023_12,2.5805860963538376
1,1,0.41657731899591577,0.11930439949826895,0.5700378671220162,base_grid,post,2023,2023_13,2.5805860963538376
2,0,0.19027673431214534,0.058747781012974974,0.7016765713029027,base_grid,post,2023,2023_14,2.5805860963538376
1,1,0.2466595380292961,0.0861918166275127,0.5700378671220162,base_grid,post,2023,2023_15,2.5805860963538376
3,1,0.13871565808205494,0.0355396758602202,0.9910438099037578,base_grid,post,2023,2023_16,2.5805860963538376
1,1,0.39985971038792556,0.1247535037168253,0.5700378671220162,base_grid,post,2023,2023_17,2.5805860963538376
1,0,0.30136185920996456,0.10714528619160331,0.2589507727413789,base_grid,post,2023,2023_18,2.5805860963538376
2,0,0.24246169048508937,0.08066122756094868,0.6270416538342178,base_grid,post,2023,2023_19,2.5805860963538376
2,1,0.3942247434624565,0.0828766049607805,0.785830177739832,base_grid,post,2023,2023_2,2.5805860963538376
1,1,0.26947204435774935,0.0936787913360987,0.5700378671220162,base_grid,post,2023,2023_20,2.5805860963538376
2,0,0.3159540364191379,0.08084319989122127,0.7700811153575446,base_grid,post,2023,2023_21,2.5805860963538376
2,1,0.16572601195471495,0.04855723963537023,0.8289886398633951,base_grid,post,2023,2023_22,2.5805860963538376
2,1,0.1950984617992057,0.06298371147475793,0.7752514992859421,base_grid,post,2023,2023_3,2.5805860963538376
3,0,0.13871565808205494,0.0355396758602202,0.8859924265755967,base_grid,post,2023,2023_4,2.5805860963538376
2,0,0.2760493216095729,0.07786193039839466,0.6262195749456675,base_grid,post,2023,2023_5,2.5805860963538376
3,1,0.13871565808205494,0.0355396758602202,1.0,base_grid,post,2023,2023_6,2.5805860963538376
1,1,0.39202659663848544,0.10911385812066424,0.5700378671220162,base_grid,post,2023,2023_7,2.5805860963538376
3,1,0.13871565808205494,0.0355396758602202,1.0,base_grid,post,2023,2023_8,2.5805860963538376
2,1,0.3942247434624565,0.0828766049607805,0.8289886398633951,base_grid,post,2023,2023_9,2.5805860963538376
1,1,0.2466595380292961,0.0861918166275127,0.5700378671220162,base_grid,post,2024,2024_1,2.5805860963538376
3,0,0.13871565808205494,0.0355396758602202,0.9410924754941495,base_grid,post,2024,2024_10,2.5805860963538376
1,0,0.35239437673975627,0.12689917750474927,0.2850189335610081,base_grid,post,2024,2024_11,2.5805860963538376
2,0,0.22698827665142085,0.07645020633026253,0.5306652111662978,base_grid,post,2024,2024_12,2.5805860963538376
2,0,0.19027673431214534,0.058747781012974974,0.7700811153575446,base_grid,post,2024,2024_13,2.5805860963538376
2,0,0.2196491841566361,0.07317425285236266,0.6270416538342178,base_grid,post,2024,2024_14,2.5805860963538376
2,1,0.21308924064059864,0.06623475572156098,0.8289886398633951,base_grid,post,2024,2024_15,2.5805860963538376
2,0,0.16572601195471495,0.04855723963537023,0.6009734930145886,base_grid,post,2024,2024_16,2.5805860963538376
2,0,0.19027673431214534,0.058747781012974974,0.7700811153575446,base_grid,post,2024,2024_17,2.5805860963538376
2,1,0.19027673431214534,0.058747781012974974,0.8289886398633951,base_grid,post,2024,2024_18,2.5805860963538376
2,0,0.22698827665142085,0.07645020633026253,0.42100594278174164,base_grid,post,2024,2024_19,2.5805860963538376
3,1,0.13871565808205494,0.0355396758602202,0.9910438099037578,base_grid,post,2024,2024_2,2.5805860963538376
2,1,0.1950984617992057,0.06298371147475793,0.7752514992859421,base_grid,post,2024,2024_20,2.5805860963538376
0,0,0.7672482567768213,0.18520412706953662,0.0,base_grid,post,2024,2024_21,2.5805860963538376
2,1,0.2961136779848911,0.07963195201609682,0.785830177739832,base_grid,post,2024,2024_22,2.5805860963538376
1,0,0.2785493528815112,0.09965831148301732,0.35965385102969294,base_grid,post,2024,2024_23,2.5805860963538376
2,1,0.5012613792804104,0.0977374220809181,0.7752514992859421,base_grid,post,2024,2024_24,2.5805860963538376
2,0,0.2388936548816782,0.08046732416170499,0.5306652111662978,base_grid,post,2024,2024_3,2.5805860963538376
2,1,0.16572601195471495,0.04855723963537023,0.8289886398633951,base_grid,post,2024,2024_4,2.5805860963538376
2,1,0.16572601195471495,0.04855723963537023,0.785830177739832,base_grid,post,2024,2024_5,2.5805860963538376
2,0,0.19027673431214534,0.058747781012974974,0.6262195749456675,base_grid,post,2024,2024_6,2.5805860963538376
3,1,0.13871565808205494,0.0355396758602202,1.0,base_grid,post,2024,2024_7,2.5805860963538376
3,1,0.13871565808205494,0.0355396758602202,1.0,base_grid,post,2024,2024_8,2.5805860963538376
3,0,0.13871565808205494,0.0355396758602202,0.9068902034668286,base_grid,post,2024,2024_9,2.5805860963538376
2,1,0.1950984617992057,0.06298371147475793,0.7752514992859421,base_grid,post,2025,2025_1,2.5805860963538376
2,1,0.16572601195471495,0.04855723963537023,0.8289886398633951,base_grid,post,2025,2025_10,2.5805860963538376
3,1,0.13871565808205494,0.0355396758602202,0.9910438099037578,base_grid,post,2025,2025_11,2.5805860963538376
2,0,0.5331511941326256,0.1112039169364227,0.543969706302387,base_grid,post,2025,2025_12,2.5805860963538376
3,0,0.13871565808205494,0.0355396758602202,0.9410924754941495,base_grid,post,2025,2025_13,2.5805860963538376
2,0,0.22698827665142085,0.07645020633026253,0.543969706302387,base_grid,post,2025,2025_14,2.5805860963538376
2,1,0.1950984617992057,0.06298371147475793,0.7752514992859421,base_grid,post,2025,2025_15,2.5805860963538376
3,1,0.13871565808205494,0.0355396758602202,1.0,base_grid,post,2025,2025_16,2.5805860963538376
2,1,0.19027673431214534,0.058747781012974974,0.785830177739832,base_grid,post,2025,2025_17,2.5805860963538376
2,1,0.19027673431214534,0.058747781012974974,0.8289886398633951,base_grid,post,2025,2025_18,2.5805860963538376
3,1,0.13871565808205494,0.0355396758602202,1.0,base_grid,post,2025,2025_19,2.5805860963538376
3,1,0.13871565808205494,0.0355396758602202,0.9910438099037578,base_grid,post,2025,2025_2,2.5805860963538376
2,1,0.19027673431214534,0.058747781012974974,0.8289886398633951,base_grid,post,2025,2025_20,2.5805860963538376
2,1,0.47188892943591976,0.08331095024153043,0.8289886398633951,base_grid,post,2025,2025_21,2.5805860963538376
1,0,0.5213594670191126,0.12408438628595544,0.35965385102969294,base_grid,post,2025,2025_22,2.5805860963538376
2,0,0.26412175817039035,0.08598864703470697,0.6954461978888599,base_grid,post,2025,2025_23,2.5805860963538376
3,1,0.13871565808205494,0.0355396758602202,0.9910438099037578,base_grid,post,2025,2025_24,2.5805860963538376
3,1,0.13871565808205494,0.0355396758602202,1.0,base_grid,post,2025,2025_3,2.5805860963538376
2,1,0.24246169048508937,0.08066122756094868,0.7752514992859421,base_grid,post,2025,2025_4,2.5805860963538376
2,0,0.16572601195471495,0.04855723963537023,0.7700811153575446,base_grid,post,2025,2025_5,2.5805860963538376
1,0,0.2785493528815112,0.09965831148301732,0.2589507727413789,base_grid,post,2025,2025_6,2.5805860963538376
2,0,0.16572601195471495,0.04855723963537023,0.7016765713029027,base_grid,post,2025,2025_7,2.5805860963538376
3,1,0.13871565808205494,0.0355396758602202,1.0,base_grid,post,2025,2025_8,2.5805860963538376
2,1,0.247060135793833,0.07533020017190942,0.8289886398633951,base_grid,post,2025,2025_9,2.5805860963538376
2,1,0.14472921320781132,0.042684268388055606,0.8289886398633951,base_grid,post,2026,2026_1,2.3921085581075743
2,1,0.14472921320781132,0.042684268388055606,0.785830177739832,base_grid,post,2026,2026_10,2.3921085581075743
1,1,0.26826143124909474,0.09174962913779411,0.5700378671220162,base_grid,post,2026,2026_11,2.3921085581075743
3,1,0.11791203952409522,0.029715874295818158,0.9910438099037578,base_grid,post,2026,2026_12,2.3921085581075743
1,0,0.5561871802024649,0.1241861584401279,0.2589507727413789,base_grid,post,2026,2026_13,2.3921085581075743
3,0,0.11791203952409522,0.029715874295818158,0.9068902034668286,base_grid,post,2026,2026_14,2.3921085581075743
1,1,0.2886178508024407,0.0950518368395349,0.5700378671220162,base_grid,post,2026,2026_15,2.3921085581075743
3,1,0.11791203952409522,0.029715874295818158,1.0,base_grid,post,2026,2026_2,2.3921085581075743
2,1,0.1739885657929028,0.05689746530557032,0.7752514992859421,base_grid,post,2026,2026_3,2.3921085581075743
1,1,0.26826143124909474,0.09174962913779411,0.5700378671220162,base_grid,post,2026,2026_4,2.3921085581075743
1,0,0.3031859874106819,0.10951615354296153,0.35965385102969294,base_grid,post,2026,2026_5,2.3921085581075743
2,1,0.19808571381145904,0.06682437078122323,0.7752514992859421,base_grid,post,2026,2026_6,2.3921085581075743
2,0,0.14472921320781132,0.042684268388055606,0.7700811153575446,base_grid,post,2026,2026_7,2.3921085581075743
1,1,0.22490288749517517,0.07979276487346068,0.5700378671220162,base_grid,post,2026,2026_8,2.3921085581075743
2,0,0.20591237708430626,0.06961578736330903,0.5306652111662978,base_grid,post,2026,2026_9,2.3921085581075743
3,0,0.12088874290474876,0.029980190045265847,0.9410924754941495,base_quali_gap,post,2021,2021_1,2.2173968006169154
1,0,0.4227090878059908,0.1275,0.2589507727413789,base_quali_gap,post,2021,2021_10,2.2173968006169154
1,0,0.4227090878059908,0.1275,0.2589507727413789,base_quali_gap,post,2021,2021_11,2.2173968006169154
1,0,0.4227090878059908,0.1275,0.2589507727413789,base_quali_gap,post,2021,2021_12,2.2173968006169154
1,0,0.4227090878059908,0.1275,0.2589507727413789,base_quali_gap,post,2021,2021_13,2.2173968006169154
1,0,0.4227090878059908,0.1275,0.2589507727413789,base_quali_gap,post,2021,2021_14,2.2173968006169154
1,0,0.4227090878059908,0.1275,0.2589507727413789,base_quali_gap,post,2021,2021_15,2.2173968006169154
1,0,0.4227090878059908,0.1275,0.2589507727413789,base_quali_gap,post,2021,2021_16,2.2173968006169154
1,0,0.4227090878059908,0.1275,0.2589507727413789,base_quali_gap,post,2021,2021_17,2.2173968006169154
1,0,0.4227090878059908,0.1275,0.2589507727413789,base_quali_gap,post,2021,2021_18,2.2173968006169154
1,0,0.4227090878059908,0.1275,0.2589507727413789,base_quali_gap,post,2021,2021_19,2.2173968006169154
2,0,0.21699073742687677,0.07414937678731073,0.6954461978888599,base_quali_gap,post,2021,2021_2,2.2173968006169154
1,0,0.4227090878059908,0.1275,0.2589507727413789,base_quali_gap,post,2021,2021_20,2.2173968006169154
1,0,0.4227090878059908,0.1275,0.2589507727413789,base_quali_gap,post,2021,2021_21,2.2173968006169154
1,0,0.4227090878059908,0.1275,0.2589507727413789,base_quali_gap,post,2021,2021_22,2.2173968006169154
2,1,0.1817336641550658,0.057274173062846954,0.785830177739832,base_quali_gap,post,2021,2021_3,2.2173968006169154
3,1,0.12088874290474876,0.029980190045265847,1.0,base_quali_gap,post,2021,2021_4,2.2173968006169154
1,0,0.2879123587823015,0.10414909536028735,0.35965385102969294,base_quali_gap,post,2021,2021_5,2.2173968006169154
0,0,0.5548670299922882,0.17790675891145294,0.0,base_quali_gap,post,2021,2021_6,2.2173968006169154
2,1,0.1531370683344716,0.04561386057565615,0.8289886398633951,base_quali_gap,post,2021,2021_7,2.2173968006169154
3,1,0.12088874290474876,0.029980190045265847,0.9910438099037578,base_quali_gap,post,2021,2021_8,2.2173968006169154
1,0,0.4227090878059908,0.1275,0.2589507727413789,base_quali_gap,post,2021,2021_9,2.2173968006169154
2,1,0.21699073742687677,0.07414937678731073,0.7752514992859421,base_quali_gap,post,2022,2022_1,2.2173968006169154
0,0,0.41027916160941447,0.156359905622445,0.0,base_quali_gap,post,2022,2022_10,2.2173968006169154
2,0,0.1817336641550658,0.057274173062846954,0.7700811153575446,base_quali_gap,post,2022,2022_11,2.2173968006169154
1,0,0.4028814332980345,0.14607938809314952,0.2850189335610081,base_quali_gap,post,2022,2022_12,2.2173968006169154
1,0,0.3243416844637385,0.10667685731338901,0.34202272027320973,base_quali_gap,post,2022,2022_13,2.2173968006169154
3,1,0.12088874290474876,0.029980190045265847,0.9910438099037578,base_quali_gap,post,2022,2022_14,2.2173968006169154
2,1,0.1817336641550658,0.057274173062846954,0.785830177739832,base_quali_gap,post,2022,2022_15,2.2173968006169154
2,0,0.20799847246005085,0.06531579658295969,0.7700811153575446,base_quali_gap,post,2022,2022_16,2.2173968006169154
2,0,0.1531370683344716,0.04561386057565615,0.7700811153575446,base_quali_gap,post,2022,2022_17,2.2173968006169154
2,1,0.1531370683344716,0.04561386057565615,0.785830177739832,base_quali_gap,post,2022,2022_18,2.2173968006169154
2,0,0.25566403335257865,0.08851542482989706,0.5008112441788239,base_quali_gap,post,2022,2022_19,2.2173968006169154
2,0,0.2270674375319844,0.07685511234270623,0.42996213287798374,base_quali_gap,post,2022,2022_2,2.2173968006169154
2,1,0.1883941416062825,0.062489064300119926,0.7752514992859421,base_quali_gap,post,2022,2022_20,2.2173968006169154
1,0,0.3864685884012531,0.12330681700855808,0.21579231061781579,base_quali_gap,post,2022,2022_21,2.2173968006169154
3,1,0.12088874290474876,0.029980190045265847,0.9910438099037578,base_quali_gap,post,2022,2022_22,2.2173968006169154
2,1,0.29209335903401573,0.0910431867829987,0.7752514992859421,base_quali_gap,post,2022,2022_3,2.2173968006169154
1,1,0.24923906285659955,0.08978304731770105,0.5700378671220162,base_quali_gap,post,2022,2022_4,2.2173968006169154
3,0,0.12088874290474876,0.029980190045265847,0.9112385085066755,base_quali_gap,post,2022,2022_5,2.2173968006169154
1,0,0.2879123587823015,0.10414909536028735,0.35965385102969294,base_quali_gap,post,2022,2022_6,2.2173968006169154
2,0,0.2270674375319844,0.07685511234270623,0.543969706302387,base_quali_gap,post,2022,2022_7,2.2173968006169154
2,0,0.25566403335257865,0.08851542482989706,0.543969706302387,base_quali_gap,post,2022,2022_8,2.2173968006169154
2,1,0.1883941416062825,0.062489064300119926,0.7752514992859421,base_quali_gap,post,2022,2022_9,2.2173968006169154
2,1,0.2101689192493935,0.06565896102718963,0.8289886398633951,base_quali_gap,post,2023,2023_1,2.3921085581075743
2,1,0.23337566168761548,0.07102674013413449,0.8289886398633951,base_quali_gap,post,2023,2023_10,2.3921085581075743
2,0,0.3449469717243023,0.10671706143167883,0.5648674831936188,base_quali_gap,post,2023,2023_11,2.3921085581075743
3,1,0.1296686574598719,0.0326819587243362,0.9910438099037578,base_quali_gap,post,2023,2023_12,2.3921085581075743
1,1,0.429863394318666,0.1213221659883587,0.5700378671220162,base_quali_gap,post,2023,2023_13,2.3921085581075743
2,0,0.18567942176257451,0.05787129386434645,0.7016765713029027,base_quali_gap,post,2023,2023_14,2.3921085581075743
1,1,0.24736973892993835,0.08777386924158602,0.5700378671220162,base_quali_gap,post,2023,2023_15,2.3921085581075743
3,1,0.1296686574598719,0.0326819587243362,0.9910438099037578,base_quali_gap,post,2023,2023_16,2.3921085581075743
1,1,0.36845674625242547,0.12327203475760415,0.5700378671220162,base_quali_gap,post,2023,2023_17,2.3921085581075743
1,0,0.2824889795795043,0.10176225070040475,0.2589507727413789,base_quali_gap,post,2023,2023_18,2.3921085581075743
2,0,0.2423572434674291,0.08129399401020646,0.6270416538342178,base_quali_gap,post,2023,2023_19,2.3921085581075743
2,1,0.19135897462723578,0.06258453410157575,0.7410492272586211,base_quali_gap,post,2023,2023_2,2.3921085581075743
2,0,0.15917065040920025,0.04694950111855893,0.7700811153575446,base_quali_gap,post,2023,2023_20,2.3921085581075743
2,0,0.37385263001596336,0.0961328308483484,0.6954461978888599,base_quali_gap,post,2023,2023_21,2.3921085581075743
2,1,0.15917065040920025,0.04694950111855893,0.8289886398633951,base_quali_gap,post,2023,2023_22,2.3921085581075743
2,1,0.19135897462723578,0.06258453410157575,0.7752514992859421,base_quali_gap,post,2023,2023_3,2.3921085581075743
3,0,0.1296686574598719,0.0326819587243362,0.8859924265755967,base_quali_gap,post,2023,2023_4,2.3921085581075743
2,1,0.15917065040920025,0.04694950111855893,0.8289886398633951,base_quali_gap,post,2023,2023_5,2.3921085581075743
2,1,0.15917065040920025,0.04694950111855893,0.8289886398633951,base_quali_gap,post,2023,2023_6,2.3921085581075743
1,1,0.3821808525903805,0.10969007860311601,0.5700378671220162,base_quali_gap,post,2023,2023_7,2.3921085581075743
1,0,0.42249255199495694,0.13352626554988994,0.35965385102969294,base_quali_gap,post,2023,2023_8,2.3921085581075743
2,1,0.2991742228246528,0.07871351596804411,0.8289886398633951,base_quali_gap,post,2023,2023_9,2.3921085581075743
1,0,0.2824889795795043,0.10176225070040475,0.35965385102969294,base_quali_gap,post,2024,2024_1,2.3921085581075743
3,0,0.1296686574598719,0.0326819587243362,0.9410924754941495,base_quali_gap,post,2024,2024_10,2.3921085581075743
1,0,0.3623735437225809,0.1305527299532096,0.2850189335610081,base_quali_gap,post,2024,2024_11,2.3921085581075743
2,0,0.22647821527680168,0.07657291556039444,0.5306652111662978,base_quali_gap,post,2024,2024_12,2.3921085581075743
2,0,0.18567942176257451,0.05787129386434645,0.7700811153575446,base_quali_gap,post,2024,2024_13,2.3921085581075743
1,0,0.30697847706632336,0.10954991786324793,0.21579231061781579,base_quali_gap,post,2024,2024_14,2.3921085581075743
2,1,0.2101689192493935,0.06565896102718963,0.8289886398633951,base_quali_gap,post,2024,2024_15,2.3921085581075743
2,0,0.15917065040920025,0.04694950111855893,0.6009734930145886,base_quali_gap,post,2024,2024_16,2.3921085581075743
2,0,0.18567942176257451,0.05787129386434645,0.7700811153575446,base_quali_gap,post,2024,2024_17,2.3921085581075743
3,1,0.1296686574598719,0.0326819587243362,0.9910438099037578,base_quali_gap,post,2024,2024_18,2.3921085581075743
2,0,0.22647821527680168,0.07657291556039444,0.42100594278174164,base_quali_gap,post,2024,2024_19,2.3921085581075743
3,1,0.1296686574598719,0.0326819587243362,0.9910438099037578,base_quali_gap,post,2024,2024_2,2.3921085581075743
2,1,0.19135897462723578,0.06258453410157575,0.7752514992859421,base_quali_gap,post,2024,2024_20,2.3921085581075743
0,0,0.7245630983531907,0.1881116483265694,0.0,base_quali_gap,post,2024,2024_21,2.3921085581075743
3,1,0.1296686574598719,0.0326819587243362,0.9910438099037578,base_quali_gap,post,2024,2024_22,2.3921085581075743
1,1,0.24736973892993835,0.08777386924158602,0.5700378671220162,base_quali_gap,post,2024,2024_23,2.3921085581075743
2,1,0.35267885964105217,0.09542253620889327,0.7752514992859421,base_quali_gap,post,2024,2024_24,2.3921085581075743
1,0,0.29733716197675125,0.1071182083496371,0.35965385102969294,base_quali_gap,post,2024,2024_3,2.3921085581075743
2,1,0.15917065040920025,0.04694950111855893,0.8289886398633951,base_quali_gap,post,2024,2024_4,2.3921085581075743
2,1,0.15917065040920025,0.04694950111855893,0.785830177739832,base_quali_gap,post,2024,2024_5,2.3921085581075743
2,0,0.18567942176257451,0.05787129386434645,0.6262195749456675,base_quali_gap,post,2024,2024_6,2.3921085581075743
2,1,0.19135897462723578,0.06258453410157575,0.7752514992859421,base_quali_gap,post,2024,2024_7,2.3921085581075743
3,1,0.1296686574598719,0.0326819587243362,1.0,base_quali_gap,post,2024,2024_8,2.3921085581075743
2,0,0.19135897462723578,0.06258453410157575,0.6270416538342178,base_quali_gap,post,2024,2024_9,2.3921085581075743
2,1,0.19135897462723578,0.06258453410157575,0.7752514992859421,base_quali_gap,post,2025,2025_1,2.3921085581075743
2,1,0.15917065040920025,0.04694950111855893,0.8289886398633951,base_quali_gap,post,2025,2025_10,2.3921085581075743
3,1,0.1296686574598719,0.0326819587243362,0.9910438099037578,base_quali_gap,post,2025,2025_11,2.3921085581075743
2,0,0.5557797162009519,0.11142307797396425,0.543969706302387,base_quali_gap,post,2025,2025_12,2.3921085581075743
3,0,0.1296686574598719,0.0326819587243362,0.9410924754941495,base_quali_gap,post,2025,2025_13,2.3921085581075743
2,1,0.15917065040920025,0.04694950111855893,0.8289886398633951,base_quali_gap,post,2025,2025_14,2.3921085581075743
2,1,0.19135897462723578,0.06258453410157575,0.7752514992859421,base_quali_gap,post,2025,2025_15,2.3921085581075743
3,1,0.1296686574598719,0.0326819587243362,1.0,base_quali_gap,post,2025,2025_16,2.3921085581075743
1,1,0.31745847741223215,0.10456257484897344,0.5700378671220162,base_quali_gap,post,2025,2025_17,2.3921085581075743
2,1,0.18567795710708648,0.05787124184672082,0.8289886398633951,base_quali_gap,post,2025,2025_18,2.3921085581075743
3,1,0.1296686574598719,0.0326819587243362,1.0,base_quali_gap,post,2025,2025_19,2.3921085581075743
3,1,0.1296686574598719,0.0326819587243362,0.9910438099037578,base_quali_gap,post,2025,2025_2,2.3921085581075743
2,1,0.18567942176257451,0.05787129386434645,0.8289886398633951,base_quali_gap,post,2025,2025_20,2.3921085581075743
2,1,0.42569614038102727,0.08161448250894983,0.8289886398633951,base_quali_gap,post,2025,2025_21,2.3921085581075743
1,0,0.5434411484427566,0.12559394779630248,0.35965385102969294,base_quali_gap,post,2025,2025_22,2.3921085581075743
2,0,0.28795648446290384,0.09029503245475068,0.6954461978888599,base_quali_gap,post,2025,2025_23,2.3921085581075743
3,1,0.1296686574598719,0.0326819587243362,0.9910438099037578,base_quali_gap,post,2025,2025_24,2.3921085581075743
3,1,0.1296686574598719,0.0326819587243362,1.0,base_quali_gap,post,2025,2025_3,2.3921085581075743
2,1,0.2101689192493935,0.06565896102718963,0.8289886398633951,base_quali_gap,post,2025,2025_4,2.3921085581075743
2,0,0.18567942176257451,0.05787129386434645,0.7700811153575446,base_quali_gap,post,2025,2025_5,2.3921085581075743
1,0,0.4227090878059908,0.1275,0.2589507727413789,base_quali_gap,post,2025,2025_6,2.3921085581075743
2,0,0.15917065040920025,0.04694950111855893,0.7016765713029027,base_quali_gap,post,2025,2025_7,2.3921085581075743
3,1,0.1296686574598719,0.0326819587243362,1.0,base_quali_gap,post,2025,2025_8,2.3921085581075743
2,1,0.24563184700554186,0.07476681990473513,0.8289886398633951,base_quali_gap,post,2025,2025_9,2.3921085581075743
2,1,0.13923143831023,0.041468508835999555,0.8289886398633951,base_quali_gap,post,2026,2026_1,2.2173968006169154
2,1,0.16522724224906196,0.052067535873535034,0.785830177739832,base_quali_gap,post,2026,2026_10,2.2173968006169154
1,1,0.25046857174097,0.08892920243744136,0.5700378671220162,base_quali_gap,post,2026,2026_11,2.2173968006169154
3,1,0.10991670064490694,0.027257447036856067,0.9910438099037578,base_quali_gap,post,2026,2026_12,2.2173968006169154
2,0,0.30070703844343055,0.09582580904138785,0.543969706302387,base_quali_gap,post,2026,2026_13,2.2173968006169154
3,0,0.10991670064490694,0.027257447036856067,0.9068902034668286,base_quali_gap,post,2026,2026_14,2.2173968006169154
1,1,0.25046857174097,0.08892920243744136,0.5700378671220162,base_quali_gap,post,2026,2026_15,2.2173968006169154
3,1,0.10991670064490694,0.027257447036856067,1.0,base_quali_gap,post,2026,2026_2,2.2173968006169154
2,1,0.17128155724378102,0.05680947473574083,0.7752514992859421,base_quali_gap,post,2026,2026_3,2.2173968006169154
1,1,0.2730596565339473,0.09379506893085945,0.5700378671220162,base_quali_gap,post,2026,2026_4,2.2173968006169154
1,0,0.3116201565849688,0.1125895139517866,0.35965385102969294,base_quali_gap,post,2026,2026_5,2.2173968006169154
2,1,0.19727736118261305,0.06740850177327633,0.7752514992859421,base_quali_gap,post,2026,2026_6,2.2173968006169154
2,0,0.13923143831023,0.041468508835999555,0.7700811153575446,base_quali_gap,post,2026,2026_7,2.2173968006169154
1,1,0.22659209884793616,0.08161956357241981,0.5700378671220162,base_quali_gap,post,2026,2026_8,2.2173968006169154
2,0,0.20643733814894796,0.0698707592125505,0.5306652111662978,base_quali_gap,post,2026,2026_9,2.2173968006169154
3,0,0.14958426060216107,0.04061288804980283,0.9068902034668286,base_season_points,post,2021,2021_1,2.5805860963538376
1,0,0.3259021123358602,0.11733741088190038,0.35965385102969294,base_season_points,post,2021,2021_10,2.5805860963538376
1,0,0.5125193651202539,0.14615336003088028,0.2589507727413789,base_season_points,post,2021,2021_11,2.5805860963538376
2,0,0.41366461037029933,0.08305385735994533,0.7016765713029027,base_season_points,post,2021,2021_12,2.5805860963538376
2,1,0.16536590020703304,0.04838889744346641,0.8289886398633951,base_season_points,post,2021,2021_13,2.5805860963538376
1,0,0.3936932296860241,0.13319924060956856,0.17101136013660487,base_season_points,post,2021,2021_14,2.5805860963538376
2,0,0.2347473794281699,0.0715622386037151,0.7700811153575446,base_season_points,post,2021,2021_15,2.5805860963538376
2,0,0.21964731770969062,0.07317417787895796,0.6954461978888599,base_season_points,post,2021,2021_16,2.5805860963538376
2,1,0.1902746873626728,0.058747658917873626,0.8289886398633951,base_season_points,post,2021,2021_17,2.5805860963538376
2,1,0.16572385030477996,0.04855698392100493,0.8289886398633951,base_season_points,post,2021,2021_18,2.5805860963538376
3,0,0.13871332104174722,0.035539283074059506,0.9410924754941495,base_season_points,post,2021,2021_19,2.5805860963538376
2,0,0.1656604410266762,0.04854633210784924,0.7700811153575446,base_season_points,post,2021,2021_2,2.5805860963538376
2,0,0.29611181119103447,0.0796321384926964,0.7700811153575446,base_season_points,post,2021,2021_20,2.5805860963538376
3,0,0.13871332104174722,0.035539283074059506,0.9410924754941495,base_season_points,post,2021,2021_21,2.5805860963538376
2,1,0.2347473794281699,0.0715622386037151,0.8289886398633951,base_season_points,post,2021,2021_22,2.5805860963538376
2,1,0.19026057457081214,0.05874668230880746,0.8289886398633951,base_season_points,post,2021,2021_3,2.5805860963538376
2,1,0.16570895073142672,0.048555090190942965,0.8289886398633951,base_season_points,post,2021,2021_4,2.5805860963538376
1,0,0.3439122888998589,0.11619826081698437,0.35965385102969294,base_season_points,post,2021,2021_5,2.5805860963538376
0,0,0.595481683912098,0.18869627304695444,0.0,base_season_points,post,2021,2021_6,2.5805860963538376
3,1,0.13869721925946393,0.03553644930076421,1.0,base_season_points,post,2021,2021_7,2.5805860963538376
2,1,0.19026057457081214,0.05874668230880746,0.8289886398633951,base_season_points,post,2021,2021_8,2.5805860963538376
1,1,0.24664616932095207,0.08619216260743663,0.5700378671220162,base_season_points,post,2021,2021_9,2.5805860963538376
1,0,0.30713455206272006,0.10989248951483169,0.34202272027320973,base_season_points,post,2022,2022_1,2.5805860963538376
1,0,0.32591258156739494,0.11733582756920805,0.2589507727413789,base_season_points,post,2022,2022_10,2.5805860963538376
2,0,0.24246169048508937,0.08066122756094868,0.6954461978888599,base_season_points,post,2022,2022_11,2.5805860963538376
1,1,0.26947204435774935,0.0936787913360987,0.5700378671220162,base_season_points,post,2022,2022_12,2.5805860963538376
1,1,0.26947204435774935,0.0936787913360987,0.5700378671220162,base_season_points,post,2022,2022_13,2.5805860963538376
2,1,0.21308924064059864,0.06623475572156098,0.8289886398633951,base_season_points,post,2022,2022_14,2.5805860963538376
2,1,0.1950984617992057,0.06298371147475793,0.7410492272586211,base_season_points,post,2022,2022_15,2.5805860963538376
2,1,0.19509648065179774,0.06298350288208927,0.7752514992859421,base_season_points,post,2022,2022_16,2.5805860963538376
1,0,0.2785493528815112,0.09965831148301732,0.2589507727413789,base_season_points,post,2022,2022_17,2.5805860963538376
3,1,0.13871565808205494,0.0355396758602202,1.0,base_season_points,post,2022,2022_18,2.5805860963538376
2,1,0.24246169048508937,0.08066122756094868,0.7410492272586211,base_season_points,post,2022,2022_19,2.5805860963538376
2,0,0.3257445725358029,0.0812998709358291,0.6262195749456675,base_season_points,post,2022,2022_2,2.5805860963538376
2,1,0.19027673431214534,0.058747781012974974,0.785830177739832,base_season_points,post,2022,2022_20,2.5805860963538376
0,0,0.3822953852845457,0.14477986318374575,0.0,base_season_points,post,2022,2022_21,2.5805860963538376
3,1,0.13871565808205494,0.0355396758602202,0.9910438099037578,base_season_points,post,2022,2022_22,2.5805860963538376
1,1,0.2910888417306917,0.09900942098146492,0.5700378671220162,base_season_points,post,2022,2022_3,2.5805860963538376
0,0,0.44766731367938756,0.1613195975797628,0.0,base_season_points,post,2022,2022_4,2.5805860963538376
2,0,0.19027673431214534,0.058747781012974974,0.7700811153575446,base_season_points,post,2022,2022_5,2.5805860963538376
2,0,0.22698827665142085,0.07645020633026253,0.5648674831936188,base_season_points,post,2022,2022_6,2.5805860963538376
2,0,0.2196491841566361,0.07317425285236266,0.6270416538342178,base_season_points,post,2022,2022_7,2.5805860963538376
2,1,0.1950984617992057,0.06298371147475793,0.7752514992859421,base_season_points,post,2022,2022_8,2.5805860963538376
1,1,0.29402276671517974,0.10386933271370342,0.5700378671220162,base_season_points,post,2022,2022_9,2.5805860963538376
2,0,0.3229253481572698,0.0797447391302966,0.7700811153575446,base_season_points,post,2023,2023_1,2.5805860963538376
1,1,0.35249648170204184,0.10707598763063456,0.5700378671220162,base_season_points,post,2023,2023_10,2.5805860963538376
2,1,0.25565044660853864,0.07528613406591642,0.785830177739832,base_season_points,post,2023,2023_11,2.5805860963538376
2,1,0.23474930832589957,0.07156217519531928,0.8289886398633951,base_season_points,post,2023,2023_12,2.5805860963538376
1,1,0.39202659663848544,0.10911385812066424,0.5700378671220162,base_season_points,post,2023,2023_13,2.5805860963538376
2,1,0.23474930832589957,0.07156217519531928,0.8289886398633951,base_season_points,post,2023,2023_14,2.5805860963538376
0,0,0.42485659125248565,0.15383124152810118,0.0,base_season_points,post,2023,2023_15,2.5805860963538376
1,1,0.46226127479011225,0.13501612993630516,0.5700378671220162,base_season_points,post,2023,2023_16,2.5805860963538376
1,1,0.4014554216979082,0.12831090157288141,0.5700378671220162,base_season_points,post,2023,2023_17,2.5805860963538376
1,1,0.3156828344004807,0.10919675218746172,0.5700378671220162,base_season_points,post,2023,2023_18,2.5805860963538376
2,1,0.26412175817039035,0.08598864703470697,0.7752514992859421,base_season_points,post,2023,2023_19,2.5805860963538376
3,0,0.13868185811278025,0.03553335307923831,0.9410924754941495,base_season_points,post,2023,2023_2,2.5805860963538376
1,1,0.26947204435774935,0.0936787913360987,0.5700378671220162,base_season_points,post,2023,2023_20,2.5805860963538376
2,1,0.23474930832589957,0.07156217519531928,0.785830177739832,base_season_points,post,2023,2023_21,2.5805860963538376
1,1,0.38105654669687405,0.12573510524040316,0.5700378671220162,base_season_points,post,2023,2023_22,2.5805860963538376
2,0,0.2097568072945406,0.06938375119862601,0.5306652111662978,base_season_points,post,2023,2023_3,2.5805860963538376
2,0,0.2760069283855019,0.07786221056450807,0.7700811153575446,base_season_points,post,2023,2023_4,2.5805860963538376
3,1,0.13868026483641271,0.035532392980945,1.0,base_season_points,post,2023,2023_5,2.5805860963538376
2,1,0.3453264862636286,0.09526967173060896,0.7752514992859421,base_season_points,post,2023,2023_6,2.5805860963538376
1,1,0.2466595380292961,0.0861918166275127,0.5700378671220162,base_season_points,post,2023,2023_7,2.5805860963538376
2,1,0.195084644422728,0.06298198046274041,0.7752514992859421,base_season_points,post,2023,2023_8,2.5805860963538376
2,1,0.23474930832589957,0.07156217519531928,0.785830177739832,base_season_points,post,2023,2023_9,2.5805860963538376
2,0,0.20368106745311812,0.06226851608131404,0.7700811153575446,base_season_points,post,2024,2024_1,2.7839140402403353
2,1,0.256399037622502,0.0760509192424434,0.8289886398633951,base_season_points,post,2024,2024_10,2.7839140402403353
0,0,0.4128849751609017,0.15200542184147647,0.0,base_season_points,post,2024,2024_11,2.7839140402403353
2,0,0.256399037622502,0.0760509192424434,0.6262195749456675,base_season_points,post,2024,2024_12,2.7839140402403353
1,0,0.3596180080373535,0.1234913522781826,0.2589507727413789,base_season_points,post,2024,2024_13,2.7839140402403353
1,0,0.3467062263251216,0.12774560302061316,0.17101136013660487,base_season_points,post,2024,2024_14,2.7839140402403353
3,0,0.14799776084800031,0.03854523469730138,0.9410924754941495,base_season_points,post,2024,2024_15,2.7839140402403353
2,0,0.2284967728887822,0.07651068096255328,0.5008112441788239,base_season_points,post,2024,2024_16,2.7839140402403353
1,0,0.36369535150662247,0.12727911190816696,0.20521363216392585,base_season_points,post,2024,2024_17,2.7839140402403353
2,0,0.1727432243157759,0.05041725827274206,0.7700811153575446,base_season_points,post,2024,2024_18,2.7839140402403353
2,0,0.2222582710490097,0.07315504304598953,0.6270416538342178,base_season_points,post,2024,2024_19,2.7839140402403353
3,1,0.14789707236486538,0.038522712226236946,1.0,base_season_points,post,2024,2024_2,2.7839140402403353
2,0,0.2512156245207646,0.08598569353418485,0.42996213287798374,base_season_points,post,2024,2024_20,2.7839140402403353
1,1,0.649436984742845,0.14335715994882842,0.5700378671220162,base_season_points,post,2024,2024_21,2.7839140402403353
0,0,0.4356044174905418,0.16148014529811067,0.0,base_season_points,post,2024,2024_22,2.7839140402403353
2,1,0.1995394194170273,0.06368003047435797,0.7752514992859421,base_season_points,post,2024,2024_23,2.7839140402403353
2,0,0.2512179451407834,0.08598591104660366,0.5306652111662978,base_season_points,post,2024,2024_24,2.7839140402403353
1,0,0.40849465395769335,0.14753112405499724,0.20521363216392585,base_season_points,post,2024,2024_3,2.7839140402403353
2,1,0.17272519493680158,0.05041466078501946,0.8289886398633951,base_season_points,post,2024,2024_4,2.7839140402403353
2,1,0.1954448786865957,0.059890658794308126,0.785830177739832,base_season_points,post,2024,2024_5,2.7839140402403353
2,0,0.2222376994917235,0.07315336787900303,0.5814386244644566,base_season_points,post,2024,2024_6,2.7839140402403353
2,1,0.1995339414725445,0.06367936742811633,0.7410492272586211,base_season_points,post,2024,2024_7,2.7839140402403353
1,0,0.31990611260130153,0.11448327059338936,0.35965385102969294,base_season_points,post,2024,2024_8,2.7839140402403353
2,1,0.2636776523825547,0.08554258780337462,0.7752514992859421,base_season_points,post,2024,2024_9,2.7839140402403353
0,0,0.397164723862231,0.14410254152877056,0.0,base_season_points,post,2025,2025_1,2.7839140402403353
1,0,0.3441929319284862,0.12350775114998977,0.20521363216392585,base_season_points,post,2025,2025_10,2.7839140402403353
2,0,0.195464817594296,0.059892493748676556,0.7700811153575446,base_season_points,post,2025,2025_11,2.7839140402403353
2,0,0.29412782688590294,0.08063962822447764,0.7700811153575446,base_season_points,post,2025,2025_12,2.7839140402403353
2,1,0.19544099744688498,0.059889663623902946,0.8289886398633951,base_season_points,post,2025,2025_13,2.7839140402403353
2,0,0.17272114405634104,0.05041346159947019,0.7700811153575446,base_season_points,post,2025,2025_14,2.7839140402403353
2,1,0.3759218859308619,0.09684476913706541,0.7752514992859421,base_season_points,post,2025,2025_15,2.7839140402403353
3,0,0.14800083015282525,0.03854577527692728,0.8859924265755967,base_season_points,post,2025,2025_16,2.7839140402403353
1,0,0.5466990371658884,0.13609119650832477,0.2850189335610081,base_season_points,post,2025,2025_17,2.7839140402403353
2,0,0.22849922711207332,0.07651105654209378,0.42100594278174164,base_season_points,post,2025,2025_18,2.7839140402403353
2,0,0.2512179451407834,0.08598591104660366,0.543969706302387,base_season_points,post,2025,2025_19,2.7839140402403353
2,0,0.30218130006189636,0.09200206013124976,0.5814386244644566,base_season_points,post,2025,2025_2,2.7839140402403353
2,0,0.2512179451407834,0.08598591104660366,0.5306652111662978,base_season_points,post,2025,2025_20,2.7839140402403353
2,1,0.26369453496923817,0.08554246988482325,0.7410492272586211,base_season_points,post,2025,2025_21,2.7839140402403353
1,0,0.3441929319284862,0.12350775114998977,0.2850189335610081,base_season_points,post,2025,2025_22,2.7839140402403353
2,0,0.386670574460009,0.10901505016816553,0.543969706302387,base_season_points,post,2025,2025_23,2.7839140402403353
3,0,0.14800083015282525,0.03854577527692728,0.9068902034668286,base_season_points,post,2025,2025_24,2.7839140402403353
2,0,0.19953041144177758,0.0636789024151115,0.6954461978888599,base_season_points,post,2025,2025_3,2.7839140402403353
2,0,0.19953660902380518,0.06367967590730207,0.6270416538342178,base_season_points,post,2025,2025_4,2.7839140402403353
2,0,0.2724479488112821,0.09313588201810556,0.5648674831936188,base_season_points,post,2025,2025_5,2.7839140402403353
2,1,0.1727460995655859,0.05041763924416668,0.8289886398633951,base_season_points,post,2025,2025_6,2.7839140402403353
3,0,0.14800083015282525,0.03854577527692728,0.8859924265755967,base_season_points,post,2025,2025_7,2.7839140402403353
2,0,0.195464817594296,0.059892493748676556,0.7016765713029027,base_season_points,post,2025,2025_8,2.7839140402403353
2,0,0.20567791934495255,0.063038979307379,0.7700811153575446,base_season_points,post,2025,2025_9,2.7839140402403353
1,0,0.31963210692129107,0.11367010010464483,0.20521363216392585,base_season_points,post,2026,2026_1,2.7839140402403353
1,1,0.26227802754975754,0.08855159370427636,0.5700378671220162,base_season_points,post,2026,2026_10,2.7839140402403353
1,0,0.27359488164100665,0.09487923081947569,0.34202272027320973,base_season_points,post,2026,2026_11,2.7839140402403353
2,0,0.20212462838681725,0.06650850866433039,0.5814386244644566,base_season_points,post,2026,2026_12,2.7839140402403353
2,1,0.22142222033163508,0.07300491299398128,0.7752514992859421,base_season_points,post,2026,2026_13,2.7839140402403353
1,1,0.24391259618254324,0.0837931369799808,0.5700378671220162,base_season_points,post,2026,2026_14,2.7839140402403353
1,0,0.34627412874835184,0.11874949340154854,0.35965385102969294,base_season_points,post,2026,2026_15,2.7839140402403353
2,0,0.15709946829941102,0.04584113391838621,0.7700811153575446,base_season_points,post,2026,2026_2,2.7839140402403353
2,0,0.39756060419582523,0.09939095930853611,0.5306652111662978,base_season_points,post,2026,2026_3,2.7839140402403353
1,1,0.26456038643488244,0.09240257518304089,0.5700378671220162,base_season_points,post,2026,2026_4,2.7839140402403353
1,1,0.2622760334105975,0.0885518098195513,0.5700378671220162,base_season_points,post,2026,2026_5,2.7839140402403353
2,1,0.3086031076982987,0.08657665144145756,0.7752514992859421,base_season_points,post,2026,2026_6,2.7839140402403353
2,0,0.24774102953047974,0.08467103206562122,0.5648674831936188,base_season_points,post,2026,2026_7,2.7839140402403353
2,0,0.23978765169884939,0.07776336971827683,0.6270416538342178,base_season_points,post,2026,2026_8,2.7839140402403353
2,0,0.24774102953047974,0.08467103206562122,0.42100594278174164,base_season_points,post,2026,2026_9,2.7839140402403353
3,0,0.14958426060216107,0.04061288804980283,0.9068902034668286,base_season_points,pre,2021,2021_1,2.5805860963538376
1,0,0.3259021123358602,0.11733741088190038,0.35965385102969294,base_season_points,pre,2021,2021_10,2.5805860963538376
1,0,0.5125193651202539,0.14615336003088028,0.2589507727413789,base_season_points,pre,2021,2021_11,2.5805860963538376
2,0,0.41366461037029933,0.08305385735994533,0.7016765713029027,base_season_points,pre,2021,2021_12,2.5805860963538376
2,1,0.16536590020703304,0.04838889744346641,0.8289886398633951,base_season_points,pre,2021,2021_13,2.5805860963538376
1,0,0.3936932296860241,0.13319924060956856,0.17101136013660487,base_season_points,pre,2021,2021_14,2.5805860963538376
2,0,0.2347473794281699,0.0715622386037151,0.7700811153575446,base_season_points,pre,2021,2021_15,2.5805860963538376
2,0,0.21964731770969062,0.07317417787895796,0.6954461978888599,base_season_points,pre,2021,2021_16,2.5805860963538376
2,1,0.1902746873626728,0.058747658917873626,0.8289886398633951,base_season_points,pre,2021,2021_17,2.5805860963538376
2,1,0.16572385030477996,0.04855698392100493,0.8289886398633951,base_season_points,pre,2021,2021_18,2.5805860963538376
3,0,0.13871332104174722,0.035539283074059506,0.9410924754941495,base_season_points,pre,2021,2021_19,2.5805860963538376
2,0,0.1656604410266762,0.04854633210784924,0.7700811153575446,base_season_points,pre,2021,2021_2,2.5805860963538376
2,0,0.29611181119103447,0.0796321384926964,0.7700811153575446,base_season_points,pre,2021,2021_20,2.5805860963538376
3,0,0.13871332104174722,0.035539283074059506,0.9410924754941495,base_season_points,pre,2021,2021_21,2.5805860963538376
2,1,0.2347473794281699,0.0715622386037151,0.8289886398633951,base_season_points,pre,2021,2021_22,2.5805860963538376
2,1,0.19026057457081214,0.05874668230880746,0.8289886398633951,base_season_points,pre,2021,2021_3,2.5805860963538376
2,1,0.16570895073142672,0.048555090190942965,0.8289886398633951,base_season_points,pre,2021,2021_4,2.5805860963538376
1,0,0.3439122888998589,0.11619826081698437,0.35965385102969294,base_season_points,pre,2021,2021_5,2.5805860963538376
0,0,0.595481683912098,0.18869627304695444,0.0,base_season_points,pre,2021,2021_6,2.5805860963538376
3,1,0.13869721925946393,0.03553644930076421,1.0,base_season_points,pre,2021,2021_7,2.5805860963538376
2,1,0.19026057457081214,0.05874668230880746,0.8289886398633951,base_season_points,pre,2021,2021_8,2.5805860963538376
1,1,0.24664616932095207,0.08619216260743663,0.5700378671220162,base_season_points,pre,2021,2021_9,2.5805860963538376
1,0,0.30713455206272006,0.10989248951483169,0.34202272027320973,base_season_points,pre,2022,2022_1,2.5805860963538376
1,0,0.32591258156739494,0.11733582756920805,0.2589507727413789,base_season_points,pre,2022,2022_10,2.5805860963538376
2,0,0.24246169048508937,0.08066122756094868,0.6954461978888599,base_season_points,pre,2022,2022_11,2.5805860963538376
1,1,0.26947204435774935,0.0936787913360987,0.5700378671220162,base_season_points,pre,2022,2022_12,2.5805860963538376
1,1,0.26947204435774935,0.0936787913360987,0.5700378671220162,base_season_points,pre,2022,2022_13,2.5805860963538376
2,1,0.21308924064059864,0.06623475572156098,0.8289886398633951,base_season_points,pre,2022,2022_14,2.5805860963538376
2,1,0.1950984617992057,0.06298371147475793,0.7410492272586211,base_season_points,pre,2022,2022_15,2.5805860963538376
2,1,0.19509648065179774,0.06298350288208927,0.7752514992859421,base_season_points,pre,2022,2022_16,2.5805860963538376
1,0,0.2785493528815112,0.09965831148301732,0.2589507727413789,base_season_points,pre,2022,2022_17,2.5805860963538376
3,1,0.13871565808205494,0.0355396758602202,1.0,base_season_points,pre,2022,2022_18,2.5805860963538376
2,1,0.24246169048508937,0.08066122756094868,0.7410492272586211,base_season_points,pre,2022,2022_19,2.5805860963538376
2,0,0.3257445725358029,0.0812998709358291,0.6262195749456675,base_season_points,pre,2022,2022_2,2.5805860963538376
2,1,0.19027673431214534,0.058747781012974974,0.785830177739832,base_season_points,pre,2022,2022_20,2.5805860963538376
0,0,0.3822953852845457,0.14477986318374575,0.0,base_season_points,pre,2022,2022_21,2.5805860963538376
3,1,0.13871565808205494,0.0355396758602202,0.9910438099037578,base_season_points,pre,2022,2022_22,2.5805860963538376
1,1,0.2910888417306917,0.09900942098146492,0.5700378671220162,base_season_points,pre,2022,2022_3,2.5805860963538376
0,0,0.44766731367938756,0.1613195975797628,0.0,base_season_points,pre,2022,2022_4,2.5805860963538376
2,0,0.19027673431214534,0.058747781012974974,0.7700811153575446,base_season_points,pre,2022,2022_5,2.5805860963538376
2,0,0.22698827665142085,0.07645020633026253,0.5648674831936188,base_season_points,pre,2022,2022_6,2.5805860963538376
2,0,0.2196491841566361,0.07317425285236266,0.6270416538342178,base_season_points,pre,2022,2022_7,2.5805860963538376
2,1,0.1950984617992057,0.06298371147475793,0.7752514992859421,base_season_points,pre,2022,2022_8,2.5805860963538376
1,1,0.29402276671517974,0.10386933271370342,0.5700378671220162,base_season_points,pre,2022,2022_9,2.5805860963538376
2,0,0.3229253481572698,0.0797447391302966,0.7700811153575446,base_season_points,pre,2023,2023_1,2.5805860963538376
1,1,0.35249648170204184,0.10707598763063456,0.5700378671220162,base_season_points,pre,2023,2023_10,2.5805860963538376
2,1,0.25565044660853864,0.07528613406591642,0.785830177739832,base_season_points,pre,2023,2023_11,2.5805860963538376
2,1,0.23474930832589957,0.07156217519531928,0.8289886398633951,base_season_points,pre,2023,2023_12,2.5805860963538376
1,1,0.39202659663848544,0.10911385812066424,0.5700378671220162,base_season_points,pre,2023,2023_13,2.5805860963538376
2,1,0.23474930832589957,0.07156217519531928,0.8289886398633951,base_season_points,pre,2023,2023_14,2.5805860963538376
0,0,0.42485659125248565,0.15383124152810118,0.0,base_season_points,pre,2023,2023_15,2.5805860963538376
1,1,0.46226127479011225,0.13501612993630516,0.5700378671220162,base_season_points,pre,2023,2023_16,2.5805860963538376
1,1,0.4014554216979082,0.12831090157288141,0.5700378671220162,base_season_points,pre,2023,2023_17,2.5805860963538376
1,1,0.3156828344004807,0.10919675218746172,0.5700378671220162,base_season_points,pre,2023,2023_18,2.5805860963538376
2,1,0.26412175817039035,0.08598864703470697,0.7752514992859421,base_season_points,pre,2023,2023_19,2.5805860963538376
3,0,0.13868185811278025,0.03553335307923831,0.9410924754941495,base_season_points,pre,2023,2023_2,2.5805860963538376
1,1,0.26947204435774935,0.0936787913360987,0.5700378671220162,base_season_points,pre,2023,2023_20,2.5805860963538376
2,1,0.23474930832589957,0.07156217519531928,0.785830177739832,base_season_points,pre,2023,2023_21,2.5805860963538376
1,1,0.38105654669687405,0.12573510524040316,0.5700378671220162,base_season_points,pre,2023,2023_22,2.5805860963538376
2,0,0.2097568072945406,0.06938375119862601,0.5306652111662978,base_season_points,pre,2023,2023_3,2.5805860963538376
2,0,0.2760069283855019,0.07786221056450807,0.7700811153575446,base_season_points,pre,2023,2023_4,2.5805860963538376
3,1,0.13868026483641271,0.035532392980945,1.0,base_season_points,pre,2023,2023_5,2.5805860963538376
2,1,0.3453264862636286,0.09526967173060896,0.7752514992859421,base_season_points,pre,2023,2023_6,2.5805860963538376
1,1,0.2466595380292961,0.0861918166275127,0.5700378671220162,base_season_points,pre,2023,2023_7,2.5805860963538376
2,1,0.195084644422728,0.06298198046274041,0.7752514992859421,base_season_points,pre,2023,2023_8,2.5805860963538376
2,1,0.23474930832589957,0.07156217519531928,0.785830177739832,base_season_points,pre,2023,2023_9,2.5805860963538376
2,0,0.20368106745311812,0.06226851608131404,0.7700811153575446,base_season_points,pre,2024,2024_1,2.7839140402403353
2,1,0.256399037622502,0.0760509192424434,0.8289886398633951,base_season_points,pre,2024,2024_10,2.7839140402403353
0,0,0.4128849751609017,0.15200542184147647,0.0,base_season_points,pre,2024,2024_11,2.7839140402403353
2,0,0.256399037622502,0.0760509192424434,0.6262195749456675,base_season_points,pre,2024,2024_12,2.7839140402403353
1,0,0.3596180080373535,0.1234913522781826,0.2589507727413789,base_season_points,pre,2024,2024_13,2.7839140402403353
1,0,0.3467062263251216,0.12774560302061316,0.17101136013660487,base_season_points,pre,2024,2024_14,2.7839140402403353
3,0,0.14799776084800031,0.03854523469730138,0.9410924754941495,base_season_points,pre,2024,2024_15,2.7839140402403353
2,0,0.2284967728887822,0.07651068096255328,0.5008112441788239,base_season_points,pre,2024,2024_16,2.7839140402403353
1,0,0.36369535150662247,0.12727911190816696,0.20521363216392585,base_season_points,pre,2024,2024_17,2.7839140402403353
2,0,0.1727432243157759,0.05041725827274206,0.7700811153575446,base_season_points,pre,2024,2024_18,2.7839140402403353
2,0,0.2222582710490097,0.07315504304598953,0.6270416538342178,base_season_points,pre,2024,2024_19,2.7839140402403353
3,1,0.14789707236486538,0.038522712226236946,1.0,base_season_points,pre,2024,2024_2,2.7839140402403353
2,0,0.2512156245207646,0.08598569353418485,0.42996213287798374,base_season_points,pre,2024,2024_20,2.7839140402403353
1,1,0.649436984742845,0.14335715994882842,0.5700378671220162,base_season_points,pre,2024,2024_21,2.7839140402403353
0,0,0.4356044174905418,0.16148014529811067,0.0,base_season_points,pre,2024,2024_22,2.7839140402403353
2,1,0.1995394194170273,0.06368003047435797,0.7752514992859421,base_season_points,pre,2024,2024_23,2.7839140402403353
2,0,0.2512179451407834,0.08598591104660366,0.5306652111662978,base_season_points,pre,2024,2024_24,2.7839140402403353
1,0,0.40849465395769335,0.14753112405499724,0.20521363216392585,base_season_points,pre,2024,2024_3,2.7839140402403353
2,1,0.17272519493680158,0.05041466078501946,0.8289886398633951,base_season_points,pre,2024,2024_4,2.7839140402403353
2,1,0.1954448786865957,0.059890658794308126,0.785830177739832,base_season_points,pre,2024,2024_5,2.7839140402403353
2,0,0.2222376994917235,0.07315336787900303,0.5814386244644566,base_season_points,pre,2024,2024_6,2.7839140402403353
2,1,0.1995339414725445,0.06367936742811633,0.7410492272586211,base_season_points,pre,2024,2024_7,2.7839140402403353
1,0,0.31990611260130153,0.11448327059338936,0.35965385102969294,base_season_points,pre,2024,2024_8,2.7839140402403353
2,1,0.2636776523825547,0.08554258780337462,0.7752514992859421,base_season_points,pre,2024,2024_9,2.7839140402403353
0,0,0.397164723862231,0.14410254152877056,0.0,base_season_points,pre,2025,2025_1,2.7839140402403353
1,0,0.3441929319284862,0.12350775114998977,0.20521363216392585,base_season_points,pre,2025,2025_10,2.7839140402403353
2,0,0.195464817594296,0.059892493748676556,0.7700811153575446,base_season_points,pre,2025,2025_11,2.7839140402403353
2,0,0.29412782688590294,0.08063962822447764,0.7700811153575446,base_season_points,pre,2025,2025_12,2.7839140402403353
2,1,0.19544099744688498,0.059889663623902946,0.8289886398633951,base_season_points,pre,2025,2025_13,2.7839140402403353
2,0,0.17272114405634104,0.05041346159947019,0.7700811153575446,base_season_points,pre,2025,2025_14,2.7839140402403353
2,1,0.3759218859308619,0.09684476913706541,0.7752514992859421,base_season_points,pre,2025,2025_15,2.7839140402403353
3,0,0.14800083015282525,0.03854577527692728,0.8859924265755967,base_season_points,pre,2025,2025_16,2.7839140402403353
1,0,0.5466990371658884,0.13609119650832477,0.2850189335610081,base_season_points,pre,2025,2025_17,2.7839140402403353
2,0,0.22849922711207332,0.07651105654209378,0.42100594278174164,base_season_points,pre,2025,2025_18,2.7839140402403353
2,0,0.2512179451407834,0.08598591104660366,0.543969706302387,base_season_points,pre,2025,2025_19,2.7839140402403353
2,0,0.30218130006189636,0.09200206013124976,0.5814386244644566,base_season_points,pre,2025,2025_2,2.7839140402403353
2,0,0.2512179451407834,0.08598591104660366,0.5306652111662978,base_season_points,pre,2025,2025_20,2.7839140402403353
2,1,0.26369453496923817,0.08554246988482325,0.7410492272586211,base_season_points,pre,2025,2025_21,2.7839140402403353
1,0,0.3441929319284862,0.12350775114998977,0.2850189335610081,base_season_points,pre,2025,2025_22,2.7839140402403353
2,0,0.386670574460009,0.10901505016816553,0.543969706302387,base_season_points,pre,2025,2025_23,2.7839140402403353
3,0,0.14800083015282525,0.03854577527692728,0.9068902034668286,base_season_points,pre,2025,2025_24,2.7839140402403353
2,0,0.19953041144177758,0.0636789024151115,0.6954461978888599,base_season_points,pre,2025,2025_3,2.7839140402403353
2,0,0.19953660902380518,0.06367967590730207,0.6270416538342178,base_season_points,pre,2025,2025_4,2.7839140402403353
2,0,0.2724479488112821,0.09313588201810556,0.5648674831936188,base_season_points,pre,2025,2025_5,2.7839140402403353
2,1,0.1727460995655859,0.05041763924416668,0.8289886398633951,base_season_points,pre,2025,2025_6,2.7839140402403353
3,0,0.14800083015282525,0.03854577527692728,0.8859924265755967,base_season_points,pre,2025,2025_7,2.7839140402403353
2,0,0.195464817594296,0.059892493748676556,0.7016765713029027,base_season_points,pre,2025,2025_8,2.7839140402403353
2,0,0.20567791934495255,0.063038979307379,0.7700811153575446,base_season_points,pre,2025,2025_9,2.7839140402403353
1,0,0.31963210692129107,0.11367010010464483,0.20521363216392585,base_season_points,pre,2026,2026_1,2.7839140402403353
1,1,0.26227802754975754,0.08855159370427636,0.5700378671220162,base_season_points,pre,2026,2026_10,2.7839140402403353
1,0,0.27359488164100665,0.09487923081947569,0.34202272027320973,base_season_points,pre,2026,2026_11,2.7839140402403353
2,0,0.20212462838681725,0.06650850866433039,0.5814386244644566,base_season_points,pre,2026,2026_12,2.7839140402403353
2,1,0.22142222033163508,0.07300491299398128,0.7752514992859421,base_season_points,pre,2026,2026_13,2.7839140402403353
1,1,0.24391259618254324,0.0837931369799808,0.5700378671220162,base_season_points,pre,2026,2026_14,2.7839140402403353
1,0,0.34627412874835184,0.11874949340154854,0.35965385102969294,base_season_points,pre,2026,2026_15,2.7839140402403353
2,0,0.15709946829941102,0.04584113391838621,0.7700811153575446,base_season_points,pre,2026,2026_2,2.7839140402403353
2,0,0.39756060419582523,0.09939095930853611,0.5306652111662978,base_season_points,pre,2026,2026_3,2.7839140402403353
1,1,0.26456038643488244,0.09240257518304089,0.5700378671220162,base_season_points,pre,2026,2026_4,2.7839140402403353
1,1,0.2622760334105975,0.0885518098195513,0.5700378671220162,base_season_points,pre,2026,2026_5,2.7839140402403353
2,1,0.3086031076982987,0.08657665144145756,0.7752514992859421,base_season_points,pre,2026,2026_6,2.7839140402403353
2,0,0.24774102953047974,0.08467103206562122,0.5648674831936188,base_season_points,pre,2026,2026_7,2.7839140402403353
2,0,0.23978765169884939,0.07776336971827683,0.6270416538342178,base_season_points,pre,2026,2026_8,2.7839140402403353
2,0,0.24774102953047974,0.08467103206562122,0.42100594278174164,base_season_points,pre,2026,2026_9,2.7839140402403353
3,0,0.17578510807932407,0.04891514615728611,0.9068902034668286,base_team_form,post,2021,2021_1,3.239893673378488
1,0,0.3391993609479176,0.11913674232588467,0.17101136013660487,base_team_form,post,2021,2021_10,3.239893673378488
1,0,0.4017654225096502,0.12916769378371104,0.4104272643278517,base_team_form,post,2021,2021_11,3.239893673378488
1,0,0.4924589423123068,0.125532577858787,0.34202272027320973,base_team_form,post,2021,2021_12,3.239893673378488
2,0,0.21472522359841636,0.06521579852459647,0.6262195749456675,base_team_form,post,2021,2021_13,3.239893673378488
1,0,0.3686330441394553,0.1234598610940564,0.34202272027320973,base_team_form,post,2021,2021_14,3.239893673378488
1,0,0.333479286574658,0.11347123555971943,0.35965385102969294,base_team_form,post,2021,2021_15,3.239893673378488
1,0,0.3686330441394553,0.1234598610940564,0.35965385102969294,base_team_form,post,2021,2021_16,3.239893673378488
2,0,0.220445297971676,0.07088130529076173,0.5814386244644566,base_team_form,post,2021,2021_17,3.239893673378488
2,0,0.220445297971676,0.07088130529076173,0.5814386244644566,base_team_form,post,2021,2021_18,3.239893673378488
2,0,0.220445297971676,0.07088130529076173,0.5814386244644566,base_team_form,post,2021,2021_19,3.239893673378488
1,0,0.2593854134907684,0.08718195765807209,0.4104272643278517,base_team_form,post,2021,2021_2,3.239893673378488
2,0,0.3276715494257604,0.1028784158820637,0.5648674831936188,base_team_form,post,2021,2021_20,3.239893673378488
2,0,0.220445297971676,0.07088130529076173,0.5814386244644566,base_team_form,post,2021,2021_21,3.239893673378488
1,0,0.2593854134907684,0.08718195765807209,0.4104272643278517,base_team_form,post,2021,2021_22,3.239893673378488
3,0,0.17578510807932407,0.04891514615728611,0.9068902034668286,base_team_form,post,2021,2021_3,3.239893673378488
3,0,0.17578510807932407,0.04891514615728611,0.9068902034668286,base_team_form,post,2021,2021_4,3.239893673378488
0,0,0.37813947646700996,0.13543739469319505,0.0,base_team_form,post,2021,2021_5,3.239893673378488
1,0,0.5305530625467583,0.1429438332308076,0.35965385102969294,base_team_form,post,2021,2021_6,3.239893673378488
3,0,0.17578510807932407,0.04891514615728611,0.9068902034668286,base_team_form,post,2021,2021_7,3.239893673378488
2,0,0.220445297971676,0.07088130529076173,0.5648674831936188,base_team_form,post,2021,2021_8,3.239893673378488
2,0,0.2593854134907684,0.08718195765807209,0.5648674831936188,base_team_form,post,2021,2021_9,3.239893673378488
1,0,0.2983255290098607,0.10348261002538246,0.34202272027320973,base_team_form,post,2022,2022_1,3.239893673378488
2,0,0.2593854134907684,0.08718195765807209,0.42100594278174164,base_team_form,post,2022,2022_10,3.239893673378488
2,0,0.2593854134907684,0.08718195765807209,0.5814386244644566,base_team_form,post,2022,2022_11,3.239893673378488
2,0,0.17578510807932407,0.04891514615728611,0.6262195749456675,base_team_form,post,2022,2022_12,3.239893673378488
2,0,0.17578510807932407,0.04891514615728611,0.6262195749456675,base_team_form,post,2022,2022_13,3.239893673378488
1,0,0.30404560338312037,0.1091481167915477,0.20521363216392585,base_team_form,post,2022,2022_14,3.239893673378488
2,0,0.2593854134907684,0.08718195765807209,0.5648674831936188,base_team_form,post,2022,2022_15,3.239893673378488
1,0,0.2593854134907684,0.08718195765807209,0.35965385102969294,base_team_form,post,2022,2022_16,3.239893673378488
1,0,0.2983255290098607,0.10348261002538246,0.35965385102969294,base_team_form,post,2022,2022_17,3.239893673378488
2,0,0.17578510807932407,0.04891514615728611,0.7700811153575446,base_team_form,post,2022,2022_18,3.239893673378488
2,0,0.2593854134907684,0.08718195765807209,0.5648674831936188,base_team_form,post,2022,2022_19,3.239893673378488
1,0,0.30404560338312037,0.1091481167915477,0.20521363216392585,base_team_form,post,2022,2022_2,3.239893673378488
3,0,0.17578510807932407,0.04891514615728611,0.9068902034668286,base_team_form,post,2022,2022_20,3.239893673378488
1,0,0.30404560338312037,0.1091481167915477,0.20521363216392585,base_team_form,post,2022,2022_21,3.239893673378488
2,0,0.21472522359841636,0.06521579852459647,0.7016765713029027,base_team_form,post,2022,2022_22,3.239893673378488
1,0,0.2593854134907684,0.08718195765807209,0.34202272027320973,base_team_form,post,2022,2022_3,3.239893673378488
0,0,0.41707959198610245,0.15173804706050542,0.0,base_team_form,post,2022,2022_4,3.239893673378488
0,0,0.3429857189022127,0.12544876915885808,0.0,base_team_form,post,2022,2022_5,3.239893673378488
2,0,0.220445297971676,0.07088130529076173,0.42100594278174164,base_team_form,post,2022,2022_6,3.239893673378488
2,0,0.21472522359841636,0.06521579852459647,0.7016765713029027,base_team_form,post,2022,2022_7,3.239893673378488
3,0,0.17578510807932407,0.04891514615728611,0.9410924754941495,base_team_form,post,2022,2022_8,3.239893673378488
2,0,0.2593854134907684,0.08718195765807209,0.5306652111662978,base_team_form,post,2022,2022_9,3.239893673378488
2,0,0.31667960564858777,0.08258591546561425,0.7700811153575446,base_team_form,post,2023,2023_1,3.0032624737448783
1,0,0.40779429188644867,0.12420256273494905,0.35965385102969294,base_team_form,post,2023,2023_10,3.0032624737448783
2,0,0.2822495645435228,0.07961644387836672,0.7016765713029027,base_team_form,post,2023,2023_11,3.0032624737448783
2,0,0.20896572060636104,0.06363598024970589,0.7700811153575446,base_team_form,post,2023,2023_12,3.0032624737448783
1,0,0.44554503285459235,0.1345546684292329,0.35965385102969294,base_team_form,post,2023,2023_13,3.0032624737448783
2,0,0.24671646157450478,0.07398808594398973,0.7700811153575446,base_team_form,post,2023,2023_14,3.0032624737448783
1,0,0.4223199781937336,0.14520139227048928,0.17101136013660487,base_team_form,post,2023,2023_15,3.0032624737448783
1,0,0.37558188878050947,0.12595683890760836,0.35965385102969294,base_team_form,post,2023,2023_16,3.0032624737448783
1,0,0.37558188878050947,0.12595683890760836,0.35965385102969294,base_team_form,post,2023,2023_17,3.0032624737448783
2,0,0.257921448018711,0.08760428137249368,0.5648674831936188,base_team_form,post,2023,2023_18,3.0032624737448783
1,0,0.3378311478123658,0.11560473321332454,0.35965385102969294,base_team_form,post,2023,2023_19,3.0032624737448783
2,0,0.24671646157450478,0.07398808594398973,0.7700811153575446,base_team_form,post,2023,2023_2,3.0032624737448783
2,0,0.3656353330609377,0.106554216588402,0.5648674831936188,base_team_form,post,2023,2023_20,3.0032624737448783
2,0,0.24671646157450478,0.07398808594398973,0.7016765713029027,base_team_form,post,2023,2023_21,3.0032624737448783
2,0,0.257921448018711,0.08760428137249368,0.5648674831936188,base_team_form,post,2023,2023_22,3.0032624737448783
2,0,0.3312052919558727,0.10358474500115447,0.5648674831936188,base_team_form,post,2023,2023_3,3.0032624737448783
2,0,0.20896572060636104,0.06363598024970589,0.7700811153575446,base_team_form,post,2023,2023_4,3.0032624737448783
2,0,0.24671646157450478,0.07398808594398973,0.7700811153575446,base_team_form,post,2023,2023_5,3.0032624737448783
1,1,0.41111499174952737,0.13158519684198536,0.5700378671220162,base_team_form,post,2023,2023_6,3.0032624737448783
2,0,0.2157624891932,0.06995593522594662,0.5648674831936188,base_team_form,post,2023,2023_7,3.0032624737448783
1,0,0.2956721889868547,0.0979563870667775,0.35965385102969294,base_team_form,post,2023,2023_8,3.0032624737448783
2,0,0.20896572060636104,0.06363598024970589,0.7016765713029027,base_team_form,post,2023,2023_9,3.0032624737448783
2,0,0.21472522359841636,0.06521579852459647,0.7700811153575446,base_team_form,post,2024,2024_1,3.239893673378488
1,0,0.29453917105556565,0.09717058319240905,0.4104272643278517,base_team_form,post,2024,2024_10,3.239893673378488
1,0,0.333479286574658,0.11347123555971943,0.4104272643278517,base_team_form,post,2024,2024_11,3.239893673378488
1,0,0.2593854134907684,0.08718195765807209,0.4104272643278517,base_team_form,post,2024,2024_12,3.239893673378488
2,0,0.21472522359841636,0.06521579852459647,0.7700811153575446,base_team_form,post,2024,2024_13,3.239893673378488
1,0,0.333479286574658,0.11347123555971943,0.4104272643278517,base_team_form,post,2024,2024_14,3.239893673378488
2,0,0.2593854134907684,0.08718195765807209,0.5648674831936188,base_team_form,post,2024,2024_15,3.239893673378488
2,0,0.21472522359841636,0.06521579852459647,0.6262195749456675,base_team_form,post,2024,2024_16,3.239893673378488
2,0,0.29453917105556565,0.09717058319240905,0.5648674831936188,base_team_form,post,2024,2024_17,3.239893673378488
2,0,0.21472522359841636,0.06521579852459647,0.7016765713029027,base_team_form,post,2024,2024_18,3.239893673378488
1,0,0.3391993609479176,0.11913674232588467,0.20521363216392585,base_team_form,post,2024,2024_19,3.239893673378488
2,0,0.17578510807932407,0.04891514615728611,0.7700811153575446,base_team_form,post,2024,2024_2,3.239893673378488
2,0,0.220445297971676,0.07088130529076173,0.5814386244644566,base_team_form,post,2024,2024_20,3.239893673378488
0,0,0.6808183046665695,0.19293281925707878,0.0,base_team_form,post,2024,2024_21,3.239893673378488
1,0,0.41329323403180745,0.145426020227532,0.17101136013660487,base_team_form,post,2024,2024_22,3.239893673378488
2,0,0.29453917105556565,0.09717058319240905,0.5472363524371356,base_team_form,post,2024,2024_23,3.239893673378488
2,0,0.220445297971676,0.07088130529076173,0.5648674831936188,base_team_form,post,2024,2024_24,3.239893673378488
1,0,0.3569382230561892,0.12541921531390837,0.20521363216392585,base_team_form,post,2024,2024_3,3.239893673378488
3,0,0.17578510807932407,0.04891514615728611,0.9410924754941495,base_team_form,post,2024,2024_4,3.239893673378488
2,0,0.21472522359841636,0.06521579852459647,0.7016765713029027,base_team_form,post,2024,2024_5,3.239893673378488
1,0,0.2593854134907684,0.08718195765807209,0.4104272643278517,base_team_form,post,2024,2024_6,3.239893673378488
1,0,0.2593854134907684,0.08718195765807209,0.35965385102969294,base_team_form,post,2024,2024_7,3.239893673378488
1,0,0.30404560338312037,0.1091481167915477,0.17101136013660487,base_team_form,post,2024,2024_8,3.239893673378488
0,0,0.37813947646700996,0.13543739469319505,0.0,base_team_form,post,2024,2024_9,3.239893673378488
0,0,0.37813947646700996,0.13543739469319505,0.0,base_team_form,post,2025,2025_1,3.239893673378488
0,0,0.41707959198610245,0.15173804706050542,0.0,base_team_form,post,2025,2025_10,3.239893673378488
3,0,0.17578510807932407,0.04891514615728611,0.9410924754941495,base_team_form,post,2025,2025_11,3.239893673378488
2,0,0.3778067294459152,0.08675544193150765,0.7700811153575446,base_team_form,post,2025,2025_12,3.239893673378488
2,0,0.17578510807932407,0.04891514615728611,0.7700811153575446,base_team_form,post,2025,2025_13,3.239893673378488
2,0,0.21472522359841636,0.06521579852459647,0.7700811153575446,base_team_form,post,2025,2025_14,3.239893673378488
1,0,0.46534864291489164,0.13406862165800612,0.35965385102969294,base_team_form,post,2025,2025_15,3.239893673378488
2,0,0.2498789811632137,0.07520442405893343,0.6262195749456675,base_team_form,post,2025,2025_16,3.239893673378488
0,0,0.4853657279210945,0.16743450528449705,0.0,base_team_form,post,2025,2025_17,3.239893673378488
1,0,0.29453917105556565,0.09717058319240905,0.34202272027320973,base_team_form,post,2025,2025_18,3.239893673378488
1,0,0.333479286574658,0.11347123555971943,0.4104272643278517,base_team_form,post,2025,2025_19,3.239893673378488
2,0,0.21472522359841636,0.06521579852459647,0.7700811153575446,base_team_form,post,2025,2025_2,3.239893673378488
2,0,0.2593854134907684,0.08718195765807209,0.5648674831936188,base_team_form,post,2025,2025_20,3.239893673378488
1,0,0.333479286574658,0.11347123555971943,0.35965385102969294,base_team_form,post,2025,2025_21,3.239893673378488
1,0,0.30404560338312037,0.1091481167915477,0.20521363216392585,base_team_form,post,2025,2025_22,3.239893673378488
1,0,0.4748550752424463,0.14604615525714476,0.20521363216392585,base_team_form,post,2025,2025_23,3.239893673378488
1,0,0.30404560338312037,0.1091481167915477,0.20521363216392585,base_team_form,post,2025,2025_24,3.239893673378488
2,0,0.2498789811632137,0.07520442405893343,0.6262195749456675,base_team_form,post,2025,2025_3,3.239893673378488
3,0,0.17578510807932407,0.04891514615728611,0.9068902034668286,base_team_form,post,2025,2025_4,3.239893673378488
1,0,0.333479286574658,0.11347123555971943,0.35965385102969294,base_team_form,post,2025,2025_5,3.239893673378488
3,0,0.17578510807932407,0.04891514615728611,0.9410924754941495,base_team_form,post,2025,2025_6,3.239893673378488
2,0,0.2498789811632137,0.07520442405893343,0.6262195749456675,base_team_form,post,2025,2025_7,3.239893673378488
3,0,0.17578510807932407,0.04891514615728611,0.9068902034668286,base_team_form,post,2025,2025_8,3.239893673378488
3,0,0.18487084045770183,0.05146118436515051,0.9410924754941495,base_team_form,post,2025,2025_9,3.239893673378488
1,0,0.3084956579770972,0.10829242543733891,0.20521363216392585,base_team_form,post,2026,2026_1,3.239893673378488
2,0,0.26791566025505353,0.08833287420114708,0.5648674831936188,base_team_form,post,2026,2026_10,3.239893673378488
0,0,0.34388222180521794,0.1230949921873164,0.0,base_team_form,post,2026,2026_11,3.239893673378488
1,0,0.3084956579770972,0.10829242543733891,0.20521363216392585,base_team_form,post,2026,2026_12,3.239893673378488
1,0,0.3084956579770972,0.10829242543733891,0.20521363216392585,base_team_form,post,2026,2026_13,3.239893673378488
1,0,0.30330222408317425,0.10313544095112456,0.35965385102969294,base_team_form,post,2026,2026_14,3.239893673378488
1,0,0.33525332483771647,0.11220441562081564,0.35965385102969294,base_team_form,post,2026,2026_15,3.239893673378488
2,0,0.19538456177846764,0.05930434829526418,0.7700811153575446,base_team_form,post,2026,2026_2,3.239893673378488
2,0,0.23596455950051132,0.07926389953145602,0.5306652111662978,base_team_form,post,2026,2026_3,3.239893673378488
1,0,0.2713511233286321,0.0940664662814335,0.35965385102969294,base_team_form,post,2026,2026_4,3.239893673378488
2,0,0.26791566025505353,0.08833287420114708,0.5648674831936188,base_team_form,post,2026,2026_5,3.239893673378488
2,0,0.26791566025505353,0.08833287420114708,0.5648674831936188,base_team_form,post,2026,2026_6,3.239893673378488
1,0,0.23596455950051132,0.07926389953145602,0.4104272643278517,base_team_form,post,2026,2026_7,3.239893673378488
2,0,0.22733566253300985,0.06837332296495524,0.7016765713029027,base_team_form,post,2026,2026_8,3.239893673378488
2,0,0.20057799567239057,0.06446133278147853,0.42996213287798374,base_team_form,post,2026,2026_9,3.239893673378488
3,0,0.17578510807932407,0.04891514615728611,0.9068902034668286,base_team_form,pre,2021,2021_1,3.239893673378488
1,0,0.3391993609479176,0.11913674232588467,0.17101136013660487,base_team_form,pre,2021,2021_10,3.239893673378488
1,0,0.4017654225096502,0.12916769378371104,0.4104272643278517,base_team_form,pre,2021,2021_11,3.239893673378488
1,0,0.4924589423123068,0.125532577858787,0.34202272027320973,base_team_form,pre,2021,2021_12,3.239893673378488
2,0,0.21472522359841636,0.06521579852459647,0.6262195749456675,base_team_form,pre,2021,2021_13,3.239893673378488
1,0,0.3686330441394553,0.1234598610940564,0.34202272027320973,base_team_form,pre,2021,2021_14,3.239893673378488
1,0,0.333479286574658,0.11347123555971943,0.35965385102969294,base_team_form,pre,2021,2021_15,3.239893673378488
1,0,0.3686330441394553,0.1234598610940564,0.35965385102969294,base_team_form,pre,2021,2021_16,3.239893673378488
2,0,0.220445297971676,0.07088130529076173,0.5814386244644566,base_team_form,pre,2021,2021_17,3.239893673378488
2,0,0.220445297971676,0.07088130529076173,0.5814386244644566,base_team_form,pre,2021,2021_18,3.239893673378488
2,0,0.220445297971676,0.07088130529076173,0.5814386244644566,base_team_form,pre,2021,2021_19,3.239893673378488
1,0,0.2593854134907684,0.08718195765807209,0.4104272643278517,base_team_form,pre,2021,2021_2,3.239893673378488
2,0,0.3276715494257604,0.1028784158820637,0.5648674831936188,base_team_form,pre,2021,2021_20,3.239893673378488
2,0,0.220445297971676,0.07088130529076173,0.5814386244644566,base_team_form,pre,2021,2021_21,3.239893673378488
1,0,0.2593854134907684,0.08718195765807209,0.4104272643278517,base_team_form,pre,2021,2021_22,3.239893673378488
3,0,0.17578510807932407,0.04891514615728611,0.9068902034668286,base_team_form,pre,2021,2021_3,3.239893673378488
3,0,0.17578510807932407,0.04891514615728611,0.9068902034668286,base_team_form,pre,2021,2021_4,3.239893673378488
0,0,0.37813947646700996,0.13543739469319505,0.0,base_team_form,pre,2021,2021_5,3.239893673378488
1,0,0.5305530625467583,0.1429438332308076,0.35965385102969294,base_team_form,pre,2021,2021_6,3.239893673378488
3,0,0.17578510807932407,0.04891514615728611,0.9068902034668286,base_team_form,pre,2021,2021_7,3.239893673378488
2,0,0.220445297971676,0.07088130529076173,0.5648674831936188,base_team_form,pre,2021,2021_8,3.239893673378488
2,0,0.2593854134907684,0.08718195765807209,0.5648674831936188,base_team_form,pre,2021,2021_9,3.239893673378488
1,0,0.2983255290098607,0.10348261002538246,0.34202272027320973,base_team_form,pre,2022,2022_1,3.239893673378488
2,0,0.2593854134907684,0.08718195765807209,0.42100594278174164,base_team_form,pre,2022,2022_10,3.239893673378488
2,0,0.2593854134907684,0.08718195765807209,0.5814386244644566,base_team_form,pre,2022,2022_11,3.239893673378488
2,0,0.17578510807932407,0.04891514615728611,0.6262195749456675,base_team_form,pre,2022,2022_12,3.239893673378488
2,0,0.17578510807932407,0.04891514615728611,0.6262195749456675,base_team_form,pre,2022,2022_13,3.239893673378488
1,0,0.30404560338312037,0.1091481167915477,0.20521363216392585,base_team_form,pre,2022,2022_14,3.239893673378488
2,0,0.2593854134907684,0.08718195765807209,0.5648674831936188,base_team_form,pre,2022,2022_15,3.239893673378488
1,0,0.2593854134907684,0.08718195765807209,0.35965385102969294,base_team_form,pre,2022,2022_16,3.239893673378488
1,0,0.2983255290098607,0.10348261002538246,0.35965385102969294,base_team_form,pre,2022,2022_17,3.239893673378488
2,0,0.17578510807932407,0.04891514615728611,0.7700811153575446,base_team_form,pre,2022,2022_18,3.239893673378488
2,0,0.2593854134907684,0.08718195765807209,0.5648674831936188,base_team_form,pre,2022,2022_19,3.239893673378488
1,0,0.30404560338312037,0.1091481167915477,0.20521363216392585,base_team_form,pre,2022,2022_2,3.239893673378488
3,0,0.17578510807932407,0.04891514615728611,0.9068902034668286,base_team_form,pre,2022,2022_20,3.239893673378488
1,0,0.30404560338312037,0.1091481167915477,0.20521363216392585,base_team_form,pre,2022,2022_21,3.239893673378488
2,0,0.21472522359841636,0.06521579852459647,0.7016765713029027,base_team_form,pre,2022,2022_22,3.239893673378488
1,0,0.2593854134907684,0.08718195765807209,0.34202272027320973,base_team_form,pre,2022,2022_3,3.239893673378488
0,0,0.41707959198610245,0.15173804706050542,0.0,base_team_form,pre,2022,2022_4,3.239893673378488
0,0,0.3429857189022127,0.12544876915885808,0.0,base_team_form,pre,2022,2022_5,3.239893673378488
2,0,0.220445297971676,0.07088130529076173,0.42100594278174164,base_team_form,pre,2022,2022_6,3.239893673378488
2,0,0.21472522359841636,0.06521579852459647,0.7016765713029027,base_team_form,pre,2022,2022_7,3.239893673378488
3,0,0.17578510807932407,0.04891514615728611,0.9410924754941495,base_team_form,pre,2022,2022_8,3.239893673378488
2,0,0.2593854134907684,0.08718195765807209,0.5306652111662978,base_team_form,pre,2022,2022_9,3.239893673378488
2,0,0.31667960564858777,0.08258591546561425,0.7700811153575446,base_team_form,pre,2023,2023_1,3.0032624737448783
1,0,0.40779429188644867,0.12420256273494905,0.35965385102969294,base_team_form,pre,2023,2023_10,3.0032624737448783
2,0,0.2822495645435228,0.07961644387836672,0.7016765713029027,base_team_form,pre,2023,2023_11,3.0032624737448783
2,0,0.20896572060636104,0.06363598024970589,0.7700811153575446,base_team_form,pre,2023,2023_12,3.0032624737448783
1,0,0.44554503285459235,0.1345546684292329,0.35965385102969294,base_team_form,pre,2023,2023_13,3.0032624737448783
2,0,0.24671646157450478,0.07398808594398973,0.7700811153575446,base_team_form,pre,2023,2023_14,3.0032624737448783
1,0,0.4223199781937336,0.14520139227048928,0.17101136013660487,base_team_form,pre,2023,2023_15,3.0032624737448783
1,0,0.37558188878050947,0.12595683890760836,0.35965385102969294,base_team_form,pre,2023,2023_16,3.0032624737448783
1,0,0.37558188878050947,0.12595683890760836,0.35965385102969294,base_team_form,pre,2023,2023_17,3.0032624737448783
2,0,0.257921448018711,0.08760428137249368,0.5648674831936188,base_team_form,pre,2023,2023_18,3.0032624737448783
1,0,0.3378311478123658,0.11560473321332454,0.35965385102969294,base_team_form,pre,2023,2023_19,3.0032624737448783
2,0,0.24671646157450478,0.07398808594398973,0.7700811153575446,base_team_form,pre,2023,2023_2,3.0032624737448783
2,0,0.3656353330609377,0.106554216588402,0.5648674831936188,base_team_form,pre,2023,2023_20,3.0032624737448783
2,0,0.24671646157450478,0.07398808594398973,0.7016765713029027,base_team_form,pre,2023,2023_21,3.0032624737448783
2,0,0.257921448018711,0.08760428137249368,0.5648674831936188,base_team_form,pre,2023,2023_22,3.0032624737448783
2,0,0.3312052919558727,0.10358474500115447,0.5648674831936188,base_team_form,pre,2023,2023_3,3.0032624737448783
2,0,0.20896572060636104,0.06363598024970589,0.7700811153575446,base_team_form,pre,2023,2023_4,3.0032624737448783
2,0,0.24671646157450478,0.07398808594398973,0.7700811153575446,base_team_form,pre,2023,2023_5,3.0032624737448783
1,1,0.41111499174952737,0.13158519684198536,0.5700378671220162,base_team_form,pre,2023,2023_6,3.0032624737448783
2,0,0.2157624891932,0.06995593522594662,0.5648674831936188,base_team_form,pre,2023,2023_7,3.0032624737448783
1,0,0.2956721889868547,0.0979563870667775,0.35965385102969294,base_team_form,pre,2023,2023_8,3.0032624737448783
2,0,0.20896572060636104,0.06363598024970589,0.7016765713029027,base_team_form,pre,2023,2023_9,3.0032624737448783
2,0,0.21472522359841636,0.06521579852459647,0.7700811153575446,base_team_form,pre,2024,2024_1,3.239893673378488
1,0,0.29453917105556565,0.09717058319240905,0.4104272643278517,base_team_form,pre,2024,2024_10,3.239893673378488
1,0,0.333479286574658,0.11347123555971943,0.4104272643278517,base_team_form,pre,2024,2024_11,3.239893673378488
1,0,0.2593854134907684,0.08718195765807209,0.4104272643278517,base_team_form,pre,2024,2024_12,3.239893673378488
2,0,0.21472522359841636,0.06521579852459647,0.7700811153575446,base_team_form,pre,2024,2024_13,3.239893673378488
1,0,0.333479286574658,0.11347123555971943,0.4104272643278517,base_team_form,pre,2024,2024_14,3.239893673378488
2,0,0.2593854134907684,0.08718195765807209,0.5648674831936188,base_team_form,pre,2024,2024_15,3.239893673378488
2,0,0.21472522359841636,0.06521579852459647,0.6262195749456675,base_team_form,pre,2024,2024_16,3.239893673378488
2,0,0.29453917105556565,0.09717058319240905,0.5648674831936188,base_team_form,pre,2024,2024_17,3.239893673378488
2,0,0.21472522359841636,0.06521579852459647,0.7016765713029027,base_team_form,pre,2024,2024_18,3.239893673378488
1,0,0.3391993609479176,0.11913674232588467,0.20521363216392585,base_team_form,pre,2024,2024_19,3.239893673378488
2,0,0.17578510807932407,0.04891514615728611,0.7700811153575446,base_team_form,pre,2024,2024_2,3.239893673378488
2,0,0.220445297971676,0.07088130529076173,0.5814386244644566,base_team_form,pre,2024,2024_20,3.239893673378488
0,0,0.6808183046665695,0.19293281925707878,0.0,base_team_form,pre,2024,2024_21,3.239893673378488
1,0,0.41329323403180745,0.145426020227532,0.17101136013660487,base_team_form,pre,2024,2024_22,3.239893673378488
2,0,0.29453917105556565,0.09717058319240905,0.5472363524371356,base_team_form,pre,2024,2024_23,3.239893673378488
2,0,0.220445297971676,0.07088130529076173,0.5648674831936188,base_team_form,pre,2024,2024_24,3.239893673378488
1,0,0.3569382230561892,0.12541921531390837,0.20521363216392585,base_team_form,pre,2024,2024_3,3.239893673378488
3,0,0.17578510807932407,0.04891514615728611,0.9410924754941495,base_team_form,pre,2024,2024_4,3.239893673378488
2,0,0.21472522359841636,0.06521579852459647,0.7016765713029027,base_team_form,pre,2024,2024_5,3.239893673378488
1,0,0.2593854134907684,0.08718195765807209,0.4104272643278517,base_team_form,pre,2024,2024_6,3.239893673378488
1,0,0.2593854134907684,0.08718195765807209,0.35965385102969294,base_team_form,pre,2024,2024_7,3.239893673378488
1,0,0.30404560338312037,0.1091481167915477,0.17101136013660487,base_team_form,pre,2024,2024_8,3.239893673378488
0,0,0.37813947646700996,0.13543739469319505,0.0,base_team_form,pre,2024,2024_9,3.239893673378488
0,0,0.37813947646700996,0.13543739469319505,0.0,base_team_form,pre,2025,2025_1,3.239893673378488
0,0,0.41707959198610245,0.15173804706050542,0.0,base_team_form,pre,2025,2025_10,3.239893673378488
3,0,0.17578510807932407,0.04891514615728611,0.9410924754941495,base_team_form,pre,2025,2025_11,3.239893673378488
2,0,0.3778067294459152,0.08675544193150765,0.7700811153575446,base_team_form,pre,2025,2025_12,3.239893673378488
2,0,0.17578510807932407,0.04891514615728611,0.7700811153575446,base_team_form,pre,2025,2025_13,3.239893673378488
2,0,0.21472522359841636,0.06521579852459647,0.7700811153575446,base_team_form,pre,2025,2025_14,3.239893673378488
1,0,0.46534864291489164,0.13406862165800612,0.35965385102969294,base_team_form,pre,2025,2025_15,3.239893673378488
2,0,0.2498789811632137,0.07520442405893343,0.6262195749456675,base_team_form,pre,2025,2025_16,3.239893673378488
0,0,0.4853657279210945,0.16743450528449705,0.0,base_team_form,pre,2025,2025_17,3.239893673378488
1,0,0.29453917105556565,0.09717058319240905,0.34202272027320973,base_team_form,pre,2025,2025_18,3.239893673378488
1,0,0.333479286574658,0.11347123555971943,0.4104272643278517,base_team_form,pre,2025,2025_19,3.239893673378488
2,0,0.21472522359841636,0.06521579852459647,0.7700811153575446,base_team_form,pre,2025,2025_2,3.239893673378488
2,0,0.2593854134907684,0.08718195765807209,0.5648674831936188,base_team_form,pre,2025,2025_20,3.239893673378488
1,0,0.333479286574658,0.11347123555971943,0.35965385102969294,base_team_form,pre,2025,2025_21,3.239893673378488
1,0,0.30404560338312037,0.1091481167915477,0.20521363216392585,base_team_form,pre,2025,2025_22,3.239893673378488
1,0,0.4748550752424463,0.14604615525714476,0.20521363216392585,base_team_form,pre,2025,2025_23,3.239893673378488
1,0,0.30404560338312037,0.1091481167915477,0.20521363216392585,base_team_form,pre,2025,2025_24,3.239893673378488
2,0,0.2498789811632137,0.07520442405893343,0.6262195749456675,base_team_form,pre,2025,2025_3,3.239893673378488
3,0,0.17578510807932407,0.04891514615728611,0.9068902034668286,base_team_form,pre,2025,2025_4,3.239893673378488
1,0,0.333479286574658,0.11347123555971943,0.35965385102969294,base_team_form,pre,2025,2025_5,3.239893673378488
3,0,0.17578510807932407,0.04891514615728611,0.9410924754941495,base_team_form,pre,2025,2025_6,3.239893673378488
2,0,0.2498789811632137,0.07520442405893343,0.6262195749456675,base_team_form,pre,2025,2025_7,3.239893673378488
3,0,0.17578510807932407,0.04891514615728611,0.9068902034668286,base_team_form,pre,2025,2025_8,3.239893673378488
3,0,0.18487084045770183,0.05146118436515051,0.9410924754941495,base_team_form,pre,2025,2025_9,3.239893673378488
1,0,0.3084956579770972,0.10829242543733891,0.20521363216392585,base_team_form,pre,2026,2026_1,3.239893673378488
2,0,0.26791566025505353,0.08833287420114708,0.5648674831936188,base_team_form,pre,2026,2026_10,3.239893673378488
0,0,0.34388222180521794,0.1230949921873164,0.0,base_team_form,pre,2026,2026_11,3.239893673378488
1,0,0.3084956579770972,0.10829242543733891,0.20521363216392585,base_team_form,pre,2026,2026_12,3.239893673378488
1,0,0.3084956579770972,0.10829242543733891,0.20521363216392585,base_team_form,pre,2026,2026_13,3.239893673378488
1,0,0.30330222408317425,0.10313544095112456,0.35965385102969294,base_team_form,pre,2026,2026_14,3.239893673378488
1,0,0.33525332483771647,0.11220441562081564,0.35965385102969294,base_team_form,pre,2026,2026_15,3.239893673378488
2,0,0.19538456177846764,0.05930434829526418,0.7700811153575446,base_team_form,pre,2026,2026_2,3.239893673378488
2,0,0.23596455950051132,0.07926389953145602,0.5306652111662978,base_team_form,pre,2026,2026_3,3.239893673378488
1,0,0.2713511233286321,0.0940664662814335,0.35965385102969294,base_team_form,pre,2026,2026_4,3.239893673378488
2,0,0.26791566025505353,0.08833287420114708,0.5648674831936188,base_team_form,pre,2026,2026_5,3.239893673378488
2,0,0.26791566025505353,0.08833287420114708,0.5648674831936188,base_team_form,pre,2026,2026_6,3.239893673378488
1,0,0.23596455950051132,0.07926389953145602,0.4104272643278517,base_team_form,pre,2026,2026_7,3.239893673378488
2,0,0.22733566253300985,0.06837332296495524,0.7016765713029027,base_team_form,pre,2026,2026_8,3.239893673378488
2,0,0.20057799567239057,0.06446133278147853,0.42996213287798374,base_team_form,pre,2026,2026_9,3.239893673378488
3,0,0.0976954669583994,0.01913818157667757,0.9410924754941495,blend_gbdt,post,2021,2021_1,0.41804122835926455
2,0,0.2649714909790964,0.09007592885334016,0.5306652111662978,blend_gbdt,post,2021,2021_10,0.41804122835926455
1,0,0.4424197376179534,0.1313561774972063,0.4104272643278517,blend_gbdt,post,2021,2021_11,0.41804122835926455
2,0,0.22895090403263954,0.058244073682183796,0.7016765713029027,blend_gbdt,post,2021,2021_12,0.41804122835926455
3,0,0.11642504523588096,0.02764549813993008,0.9410924754941495,blend_gbdt,post,2021,2021_13,0.41804122835926455
1,0,0.4300619008171328,0.13848862069387952,0.2850189335610081,blend_gbdt,post,2021,2021_14,0.41804122835926455
2,0,0.24537845598325242,0.08110232190651624,0.5008112441788239,blend_gbdt,post,2021,2021_15,0.41804122835926455
2,0,0.30638111643398613,0.10187129542239035,0.543969706302387,blend_gbdt,post,2021,2021_16,0.41804122835926455
2,1,0.1429373525469529,0.04021263377429982,0.8289886398633951,blend_gbdt,post,2021,2021_17,0.41804122835926455
2,0,0.13049332766518879,0.036159391079191146,0.7700811153575446,blend_gbdt,post,2021,2021_18,0.41804122835926455
2,0,0.1891302350383763,0.05906314215288081,0.7700811153575446,blend_gbdt,post,2021,2021_19,0.41804122835926455
2,0,0.2322849765726181,0.06670308179013894,0.7700811153575446,blend_gbdt,post,2021,2021_2,0.41804122835926455
2,1,0.18335607553197925,0.054972343237480514,0.8289886398633951,blend_gbdt,post,2021,2021_20,0.41804122835926455
3,1,0.10380991691550526,0.02509173830757035,1.0,blend_gbdt,post,2021,2021_21,0.41804122835926455
2,0,0.20374457862800982,0.05788050250915215,0.7700811153575446,blend_gbdt,post,2021,2021_22,0.41804122835926455
3,1,0.09962104309366546,0.022804000228756414,0.9910438099037578,blend_gbdt,post,2021,2021_3,0.41804122835926455
3,1,0.08733904756755964,0.017603515055139952,1.0,blend_gbdt,post,2021,2021_4,0.41804122835926455
1,1,0.3108259979158686,0.11280424137888652,0.5700378671220162,blend_gbdt,post,2021,2021_5,0.41804122835926455
0,0,0.6269844796836284,0.19114684592025927,0.0,blend_gbdt,post,2021,2021_6,0.41804122835926455
2,1,0.1430183297394288,0.0395743855401583,0.8289886398633951,blend_gbdt,post,2021,2021_7,0.41804122835926455
2,1,0.18115819574944755,0.05479671830561755,0.8289886398633951,blend_gbdt,post,2021,2021_8,0.41804122835926455
1,1,0.2733073175009486,0.09829886826135001,0.5700378671220162,blend_gbdt,post,2021,2021_9,0.41804122835926455
2,0,0.2661661337452522,0.08542216147259091,0.5008112441788239,blend_gbdt,post,2022,2022_1,0.41804122835926455
1,0,0.29941187351743126,0.10997553288897093,0.35965385102969294,blend_gbdt,post,2022,2022_10,0.41804122835926455
2,0,0.26547768373372316,0.08783954280087172,0.6954461978888599,blend_gbdt,post,2022,2022_11,0.41804122835926455
1,0,0.3296228409149755,0.12481460711648432,0.20521363216392585,blend_gbdt,post,2022,2022_12,0.41804122835926455
1,0,0.3155592719399365,0.1127542032692405,0.34202272027320973,blend_gbdt,post,2022,2022_13,0.41804122835926455
3,1,0.11046246882062823,0.025050173644539587,0.9910438099037578,blend_gbdt,post,2022,2022_14,0.41804122835926455
2,0,0.2526335161471288,0.08923221019207883,0.5306652111662978,blend_gbdt,post,2022,2022_15,0.41804122835926455
3,1,0.11990310488225298,0.028172775987004416,1.0,blend_gbdt,post,2022,2022_16,0.41804122835926455
1,0,0.23604680885001925,0.08348307154693173,0.4104272643278517,blend_gbdt,post,2022,2022_17,0.41804122835926455
2,1,0.17012857218905625,0.0570059517764292,0.7410492272586211,blend_gbdt,post,2022,2022_18,0.41804122835926455
2,1,0.2268702072645799,0.08090245448915254,0.7752514992859421,blend_gbdt,post,2022,2022_19,0.41804122835926455
2,1,0.16316832801543263,0.05209071394805881,0.7410492272586211,blend_gbdt,post,2022,2022_2,0.41804122835926455
2,1,0.16460605630388553,0.052326211342702655,0.7410492272586211,blend_gbdt,post,2022,2022_20,0.41804122835926455
1,0,0.3440251866145986,0.11689906729919779,0.2850189335610081,blend_gbdt,post,2022,2022_21,0.41804122835926455
3,1,0.12688425373735374,0.03338502488924565,0.9910438099037578,blend_gbdt,post,2022,2022_22,0.41804122835926455
2,1,0.30161323791355305,0.09820662824474247,0.7752514992859421,blend_gbdt,post,2022,2022_3,0.41804122835926455
2,1,0.29482375958332324,0.09974005113673523,0.7752514992859421,blend_gbdt,post,2022,2022_4,0.41804122835926455
2,0,0.11256043866258632,0.030180167297136146,0.7700811153575446,blend_gbdt,post,2022,2022_5,0.41804122835926455
1,0,0.34004613120072347,0.11954475051373367,0.35965385102969294,blend_gbdt,post,2022,2022_6,0.41804122835926455
2,0,0.15426121204130822,0.04821762618071152,0.42100594278174164,blend_gbdt,post,2022,2022_7,0.41804122835926455
2,0,0.27610121662633297,0.09177453950181162,0.6954461978888599,blend_gbdt,post,2022,2022_8,0.41804122835926455
2,1,0.15271280352500513,0.046533101039404494,0.8289886398633951,blend_gbdt,post,2022,2022_9,0.41804122835926455
2,1,0.24411643060643012,0.07381608797159374,0.8289886398633951,blend_gbdt,post,2023,2023_1,0.4509792743102106
1,1,0.22309418435752412,0.07298480988555765,0.5700378671220162,blend_gbdt,post,2023,2023_10,0.4509792743102106
2,1,0.2416524942245224,0.08343485312722362,0.7752514992859421,blend_gbdt,post,2023,2023_11,0.4509792743102106
2,1,0.1823188997683118,0.05853727041911029,0.7752514992859421,blend_gbdt,post,2023,2023_12,0.4509792743102106
1,1,0.40576575217040894,0.10954123140879099,0.5700378671220162,blend_gbdt,post,2023,2023_13,0.4509792743102106
2,1,0.15824377824230157,0.047100586336443304,0.785830177739832,blend_gbdt,post,2023,2023_14,0.4509792743102106
1,0,0.29652385337334874,0.10577803073251435,0.35965385102969294,blend_gbdt,post,2023,2023_15,0.4509792743102106
2,1,0.19242930696721236,0.06210206624103389,0.8289886398633951,blend_gbdt,post,2023,2023_16,0.4509792743102106
1,1,0.3525224171450618,0.11525331873298117,0.5700378671220162,blend_gbdt,post,2023,2023_17,0.4509792743102106
1,1,0.2130929182453641,0.06937869804448075,0.5700378671220162,blend_gbdt,post,2023,2023_18,0.4509792743102106
2,1,0.20020517260535514,0.06472665922067297,0.7410492272586211,blend_gbdt,post,2023,2023_19,0.4509792743102106
1,1,0.22757012434739524,0.07655221057736554,0.5700378671220162,blend_gbdt,post,2023,2023_2,0.4509792743102106
2,1,0.24842852593657744,0.08315850868579736,0.7410492272586211,blend_gbdt,post,2023,2023_20,0.4509792743102106
2,1,0.22457115353476972,0.07384536469301199,0.7752514992859421,blend_gbdt,post,2023,2023_21,0.4509792743102106
2,1,0.1855617416984237,0.058265333624797744,0.8289886398633951,blend_gbdt,post,2023,2023_22,0.4509792743102106
2,1,0.22352896095724156,0.07328177233357784,0.7752514992859421,blend_gbdt,post,2023,2023_3,0.4509792743102106
3,0,0.12936263950946592,0.032783073133227106,0.9112385085066755,blend_gbdt,post,2023,2023_4,0.4509792743102106
3,0,0.1343383475912528,0.034036894245875055,0.9112385085066755,blend_gbdt,post,2023,2023_5,0.4509792743102106
2,1,0.18086941751864324,0.05403604609981723,0.8289886398633951,blend_gbdt,post,2023,2023_6,0.4509792743102106
2,1,0.2567384285674171,0.0816130484343108,0.7752514992859421,blend_gbdt,post,2023,2023_7,0.4509792743102106
3,1,0.10820321093822893,0.02552787455313247,0.9910438099037578,blend_gbdt,post,2023,2023_8,0.4509792743102106
2,1,0.21404622441850485,0.06668445233953406,0.8289886398633951,blend_gbdt,post,2023,2023_9,0.4509792743102106
1,1,0.2296098242658125,0.08099012621884984,0.5700378671220162,blend_gbdt,post,2024,2024_1,0.41804122835926455
2,0,0.14459928336204475,0.04033680484094497,0.7700811153575446,blend_gbdt,post,2024,2024_10,0.41804122835926455
1,0,0.3607843375602232,0.1325973111855473,0.17101136013660487,blend_gbdt,post,2024,2024_11,0.41804122835926455
2,0,0.15891192518508265,0.049108554026542156,0.6954461978888599,blend_gbdt,post,2024,2024_12,0.41804122835926455
2,0,0.27697064108939123,0.09484947121544388,0.543969706302387,blend_gbdt,post,2024,2024_13,0.41804122835926455
2,0,0.25849933629509414,0.0901925168283101,0.5306652111662978,blend_gbdt,post,2024,2024_14,0.41804122835926455
2,1,0.1786881928784369,0.054667128677607556,0.8289886398633951,blend_gbdt,post,2024,2024_15,0.41804122835926455
2,0,0.19244798976204025,0.060964061542967615,0.6009734930145886,blend_gbdt,post,2024,2024_16,0.41804122835926455
2,0,0.22364733383658866,0.0708188480329505,0.7700811153575446,blend_gbdt,post,2024,2024_17,0.41804122835926455
3,1,0.11999608076162586,0.029066474931550505,1.0,blend_gbdt,post,2024,2024_18,0.41804122835926455
1,0,0.310245915927197,0.10005383538809834,0.21579231061781579,blend_gbdt,post,2024,2024_19,0.41804122835926455
3,1,0.12707741327437808,0.0340974909339196,1.0,blend_gbdt,post,2024,2024_2,0.41804122835926455
2,0,0.16324149330965382,0.05356410537456444,0.6954461978888599,blend_gbdt,post,2024,2024_20,0.41804122835926455
1,0,0.7787816425451308,0.1805796035795854,0.2850189335610081,blend_gbdt,post,2024,2024_21,0.41804122835926455
1,0,0.32289220994649054,0.11388072156287854,0.17101136013660487,blend_gbdt,post,2024,2024_22,0.41804122835926455
1,1,0.2521237743832649,0.08614186263404217,0.5700378671220162,blend_gbdt,post,2024,2024_23,0.41804122835926455
1,1,0.24309958271108528,0.08642443802104816,0.5700378671220162,blend_gbdt,post,2024,2024_24,0.41804122835926455
1,0,0.43796577685881277,0.13236949578124713,0.2850189335610081,blend_gbdt,post,2024,2024_3,0.41804122835926455
3,1,0.1336005944935021,0.036414010002587247,1.0,blend_gbdt,post,2024,2024_4,0.41804122835926455
2,1,0.15504364508832189,0.044584692531521884,0.785830177739832,blend_gbdt,post,2024,2024_5,0.41804122835926455
2,0,0.1909607010250323,0.062434353523217044,0.6262195749456675,blend_gbdt,post,2024,2024_6,0.41804122835926455
3,1,0.1432350721271062,0.041603478036572536,0.9910438099037578,blend_gbdt,post,2024,2024_7,0.41804122835926455
2,1,0.19994895508223381,0.06487432520211253,0.8289886398633951,blend_gbdt,post,2024,2024_8,0.41804122835926455
3,1,0.13032176012002072,0.03309298562608621,1.0,blend_gbdt,post,2024,2024_9,0.41804122835926455
2,1,0.19158984339521526,0.06417058570538951,0.7752514992859421,blend_gbdt,post,2025,2025_1,0.4509792743102106
2,1,0.20324608310810208,0.06665364155524223,0.8289886398633951,blend_gbdt,post,2025,2025_10,0.4509792743102106
3,1,0.10300779782151623,0.024058754132074568,1.0,blend_gbdt,post,2025,2025_11,0.4509792743102106
2,0,0.43306706769097325,0.09050784181094768,0.7700811153575446,blend_gbdt,post,2025,2025_12,0.4509792743102106
2,0,0.10786326361649774,0.03031364471032612,0.7700811153575446,blend_gbdt,post,2025,2025_13,0.4509792743102106
2,0,0.16396818181195283,0.0549141670433956,0.7700811153575446,blend_gbdt,post,2025,2025_14,0.4509792743102106
2,1,0.28932500306320974,0.09907890881112172,0.7752514992859421,blend_gbdt,post,2025,2025_15,0.4509792743102106
3,0,0.08563684897211482,0.017817557556174222,0.9112385085066755,blend_gbdt,post,2025,2025_16,0.4509792743102106
1,0,0.34686323180906353,0.12100880408282229,0.35965385102969294,blend_gbdt,post,2025,2025_17,0.4509792743102106
2,1,0.15567767664189472,0.048681232063902916,0.8289886398633951,blend_gbdt,post,2025,2025_18,0.4509792743102106
2,1,0.16706086563515568,0.0533615047097181,0.8289886398633951,blend_gbdt,post,2025,2025_19,0.4509792743102106
3,1,0.14536406118180928,0.041361906109454914,1.0,blend_gbdt,post,2025,2025_2,0.4509792743102106
2,1,0.16795894489946445,0.052704475172074564,0.8289886398633951,blend_gbdt,post,2025,2025_20,0.4509792743102106
1,1,0.2630752030778307,0.09608125740719099,0.5700378671220162,blend_gbdt,post,2025,2025_21,0.4509792743102106
1,0,0.42581937630330485,0.1283981599648631,0.35965385102969294,blend_gbdt,post,2025,2025_22,0.4509792743102106
2,0,0.3380831570759748,0.1007324748873071,0.543969706302387,blend_gbdt,post,2025,2025_23,0.4509792743102106
3,1,0.08852579871441144,0.02044629289650309,0.9910438099037578,blend_gbdt,post,2025,2025_24,0.4509792743102106
3,0,0.10722095692308634,0.025747592506619038,0.9410924754941495,blend_gbdt,post,2025,2025_3,0.4509792743102106
3,1,0.1564091867479669,0.046490965377681735,0.9910438099037578,blend_gbdt,post,2025,2025_4,0.4509792743102106
2,0,0.16868605693413366,0.052823069676002934,0.7700811153575446,blend_gbdt,post,2025,2025_5,0.4509792743102106
2,0,0.21786649856769918,0.07299741519114197,0.543969706302387,blend_gbdt,post,2025,2025_6,0.4509792743102106
2,0,0.16627764088298072,0.05441001117256866,0.7016765713029027,blend_gbdt,post,2025,2025_7,0.4509792743102106
3,1,0.09399025722569967,0.020785389849893386,0.9910438099037578,blend_gbdt,post,2025,2025_8,0.4509792743102106
2,1,0.20894939610518892,0.07026256996935662,0.7752514992859421,blend_gbdt,post,2025,2025_9,0.4509792743102106
2,1,0.1978257217379239,0.06625548056622105,0.8289886398633951,blend_gbdt,post,2026,2026_1,0.41804122835926455
2,1,0.14876393419640324,0.044778067561348105,0.785830177739832,blend_gbdt,post,2026,2026_10,0.41804122835926455
2,1,0.21087512388434992,0.07306083863744957,0.7410492272586211,blend_gbdt,post,2026,2026_11,0.41804122835926455
3,1,0.14364702077193303,0.04090552797784315,0.9910438099037578,blend_gbdt,post,2026,2026_12,0.41804122835926455
1,0,0.22505148309387304,0.07512234858753515,0.4104272643278517,blend_gbdt,post,2026,2026_13,0.41804122835926455
3,1,0.12311341501307736,0.032755862499651595,0.9910438099037578,blend_gbdt,post,2026,2026_14,0.41804122835926455
1,1,0.24233184505169528,0.08343005966382887,0.5700378671220162,blend_gbdt,post,2026,2026_15,0.41804122835926455
2,0,0.145557214189041,0.04307203722131083,0.7700811153575446,blend_gbdt,post,2026,2026_2,0.41804122835926455
2,1,0.1779476429805041,0.06078018889531366,0.7752514992859421,blend_gbdt,post,2026,2026_3,0.41804122835926455
1,1,0.24373528372892936,0.0868420261485877,0.5700378671220162,blend_gbdt,post,2026,2026_4,0.41804122835926455
1,0,0.3288675002210192,0.11810714636753418,0.35965385102969294,blend_gbdt,post,2026,2026_5,0.41804122835926455
2,1,0.25631253247936625,0.08115471912998228,0.7752514992859421,blend_gbdt,post,2026,2026_6,0.41804122835926455
2,0,0.167233707760031,0.05418817937624569,0.543969706302387,blend_gbdt,post,2026,2026_7,0.41804122835926455
2,1,0.18793368178290829,0.06056597281003948,0.785830177739832,blend_gbdt,post,2026,2026_8,0.41804122835926455
2,0,0.25956265357750186,0.08571093275005365,0.5648674831936188,blend_gbdt,post,2026,2026_9,0.41804122835926455
3,1,0.11603156123227946,0.027417725979463202,0.9910438099037578,blend_gbdt,pre,2021,2021_1,0.4865125544090533
1,0,0.29745815878613996,0.10079091104600071,0.35965385102969294,blend_gbdt,pre,2021,2021_10,0.4865125544090533
1,0,0.43385254721774363,0.13223496182530253,0.2589507727413789,blend_gbdt,pre,2021,2021_11,0.4865125544090533
2,0,0.3466545122540411,0.0647381510226867,0.7016765713029027,blend_gbdt,pre,2021,2021_12,0.4865125544090533
3,0,0.1410513595872807,0.03414982484382531,0.9410924754941495,blend_gbdt,pre,2021,2021_13,0.4865125544090533
1,0,0.4305601703072589,0.1483893797629568,0.21579231061781579,blend_gbdt,pre,2021,2021_14,0.4865125544090533
2,1,0.20484457539433176,0.05753222605295962,0.8289886398633951,blend_gbdt,pre,2021,2021_15,0.4865125544090533
2,0,0.34871125418283694,0.10930890808332179,0.543969706302387,blend_gbdt,pre,2021,2021_16,0.4865125544090533
2,0,0.17016370897412575,0.047260435860518424,0.7700811153575446,blend_gbdt,pre,2021,2021_17,0.4865125544090533
3,1,0.14666523652806857,0.03912499941800904,1.0,blend_gbdt,pre,2021,2021_18,0.4865125544090533
2,0,0.1671433818186387,0.04687050788617944,0.7700811153575446,blend_gbdt,pre,2021,2021_19,0.4865125544090533
2,0,0.2566791420165163,0.07717547179161341,0.6954461978888599,blend_gbdt,pre,2021,2021_2,0.4865125544090533
2,1,0.2659904291532787,0.06783416340973354,0.8289886398633951,blend_gbdt,pre,2021,2021_20,0.4865125544090533
3,1,0.14023922607000291,0.034209703947819116,1.0,blend_gbdt,pre,2021,2021_21,0.4865125544090533
2,0,0.22188855169379745,0.06426709270333411,0.7700811153575446,blend_gbdt,pre,2021,2021_22,0.4865125544090533
3,1,0.11634855964167082,0.026210223499519902,1.0,blend_gbdt,pre,2021,2021_3,0.4865125544090533
3,1,0.11150297566024718,0.02478600144948997,1.0,blend_gbdt,pre,2021,2021_4,0.4865125544090533
1,0,0.41411724931481586,0.1386283980630886,0.35965385102969294,blend_gbdt,pre,2021,2021_5,0.4865125544090533
0,0,0.6328634306771018,0.2004728926364095,0.0,blend_gbdt,pre,2021,2021_6,0.4865125544090533
2,1,0.17706498391575476,0.049937696646484044,0.8289886398633951,blend_gbdt,pre,2021,2021_7,0.4865125544090533
2,1,0.18457177831417643,0.05537638562771815,0.8289886398633951,blend_gbdt,pre,2021,2021_8,0.4865125544090533
1,1,0.2838377097649073,0.09849854443218392,0.5700378671220162,blend_gbdt,pre,2021,2021_9,0.4865125544090533
1,0,0.38675142721670164,0.1259145760645233,0.34202272027320973,blend_gbdt,pre,2022,2022_1,0.4865125544090533
2,1,0.22484763276131137,0.07496293219187694,0.7752514992859421,blend_gbdt,pre,2022,2022_10,0.4865125544090533
1,0,0.28460628998187715,0.1042458882481599,0.2589507727413789,blend_gbdt,pre,2022,2022_11,0.4865125544090533
0,0,0.3278847618922326,0.12535383178742227,0.0,blend_gbdt,pre,2022,2022_12,0.4865125544090533
0,0,0.31754107647693824,0.12111487108774285,0.0,blend_gbdt,pre,2022,2022_13,0.4865125544090533
3,1,0.18480514415318758,0.05760584883880271,1.0,blend_gbdt,pre,2022,2022_14,0.4865125544090533
1,1,0.2855950487254778,0.1033648904518095,0.5700378671220162,blend_gbdt,pre,2022,2022_15,0.4865125544090533
2,1,0.19400844421084415,0.06178365362167735,0.8289886398633951,blend_gbdt,pre,2022,2022_16,0.4865125544090533
1,0,0.3182329106792514,0.11546366465479123,0.2589507727413789,blend_gbdt,pre,2022,2022_17,0.4865125544090533
2,1,0.1530334955317041,0.04494924330152485,0.785830177739832,blend_gbdt,pre,2022,2022_18,0.4865125544090533
1,1,0.242274411028907,0.08523956459175167,0.5700378671220162,blend_gbdt,pre,2022,2022_19,0.4865125544090533
2,1,0.17744795488353188,0.05577387896370062,0.7410492272586211,blend_gbdt,pre,2022,2022_2,0.4865125544090533
2,1,0.17858839364726295,0.05542438403936909,0.785830177739832,blend_gbdt,pre,2022,2022_20,0.4865125544090533
0,0,0.3555660014545215,0.13522448666450787,0.0,blend_gbdt,pre,2022,2022_21,0.4865125544090533
2,1,0.17737390736825234,0.05408274660763791,0.8289886398633951,blend_gbdt,pre,2022,2022_22,0.4865125544090533
1,0,0.32581247262301344,0.11778689101388762,0.2850189335610081,blend_gbdt,pre,2022,2022_3,0.4865125544090533
1,1,0.3533540638901948,0.11048937332062544,0.5700378671220162,blend_gbdt,pre,2022,2022_4,0.4865125544090533
2,1,0.15474082143426524,0.04872717793330879,0.8289886398633951,blend_gbdt,pre,2022,2022_5,0.4865125544090533
1,0,0.32170690787040584,0.11015124912576171,0.35965385102969294,blend_gbdt,pre,2022,2022_6,0.4865125544090533
2,0,0.17350926716231302,0.05520769171389959,0.6270416538342178,blend_gbdt,pre,2022,2022_7,0.4865125544090533
2,0,0.2390758036095213,0.08185187977360399,0.6954461978888599,blend_gbdt,pre,2022,2022_8,0.4865125544090533
1,1,0.2639487892723065,0.09158879214146753,0.5700378671220162,blend_gbdt,pre,2022,2022_9,0.4865125544090533
1,1,0.3499212672340441,0.09345617554006033,0.5700378671220162,blend_gbdt,pre,2023,2023_1,0.5248455507398981
2,1,0.3147586437648585,0.09121240839540942,0.785830177739832,blend_gbdt,pre,2023,2023_10,0.5248455507398981
1,1,0.2906871253452719,0.09012072879053373,0.5700378671220162,blend_gbdt,pre,2023,2023_11,0.5248455507398981
2,1,0.23977027297918166,0.0779484746666819,0.7752514992859421,blend_gbdt,pre,2023,2023_12,0.5248455507398981
1,1,0.3473415991402863,0.09786082416796396,0.5700378671220162,blend_gbdt,pre,2023,2023_13,0.5248455507398981
2,1,0.20607814252307213,0.06303238635902511,0.8289886398633951,blend_gbdt,pre,2023,2023_14,0.5248455507398981
1,0,0.4322503148965966,0.14829141346570696,0.17101136013660487,blend_gbdt,pre,2023,2023_15,0.5248455507398981
1,1,0.36062309212627924,0.10976363038918416,0.5700378671220162,blend_gbdt,pre,2023,2023_16,0.5248455507398981
1,1,0.32724743439652365,0.1027462284145183,0.5700378671220162,blend_gbdt,pre,2023,2023_17,0.5248455507398981
1,1,0.24153275608702943,0.07689598798783641,0.5700378671220162,blend_gbdt,pre,2023,2023_18,0.5248455507398981
1,1,0.23833633769444024,0.0768691045819423,0.5700378671220162,blend_gbdt,pre,2023,2023_19,0.5248455507398981
2,0,0.2547890452829293,0.07634639639612026,0.7700811153575446,blend_gbdt,pre,2023,2023_2,0.5248455507398981
1,1,0.3390217945236695,0.10560996286687796,0.5700378671220162,blend_gbdt,pre,2023,2023_20,0.5248455507398981
2,1,0.22286607122686589,0.07108952741561798,0.7752514992859421,blend_gbdt,pre,2023,2023_21,0.5248455507398981
2,1,0.19556883019586166,0.061510536662955764,0.8289886398633951,blend_gbdt,pre,2023,2023_22,0.5248455507398981
1,0,0.3128528568198978,0.11016205466571324,0.35965385102969294,blend_gbdt,pre,2023,2023_3,0.5248455507398981
1,0,0.26065386569129834,0.08709670565556371,0.4104272643278517,blend_gbdt,pre,2023,2023_4,0.5248455507398981
2,1,0.1944566478483934,0.058969707900132194,0.8289886398633951,blend_gbdt,pre,2023,2023_5,0.5248455507398981
2,1,0.3374015505540432,0.09815359223181845,0.7752514992859421,blend_gbdt,pre,2023,2023_6,0.5248455507398981
2,1,0.2389920061513909,0.07830811958868389,0.8289886398633951,blend_gbdt,pre,2023,2023_7,0.5248455507398981
2,1,0.20331640583167357,0.06283288680704548,0.785830177739832,blend_gbdt,pre,2023,2023_8,0.5248455507398981
2,1,0.22882740511128713,0.07420659605287935,0.7410492272586211,blend_gbdt,pre,2023,2023_9,0.5248455507398981
2,1,0.1742581065170619,0.05130754127327952,0.8289886398633951,blend_gbdt,pre,2024,2024_1,0.5248455507398981
2,1,0.2277042677310103,0.0696370680687435,0.8289886398633951,blend_gbdt,pre,2024,2024_10,0.5248455507398981
0,0,0.3410508732983316,0.12536636459652767,0.0,blend_gbdt,pre,2024,2024_11,0.5248455507398981
2,0,0.22289798338989059,0.07090491552557078,0.5814386244644566,blend_gbdt,pre,2024,2024_12,0.5248455507398981
1,0,0.3102568576025821,0.11066385127442849,0.2589507727413789,blend_gbdt,pre,2024,2024_13,0.5248455507398981
1,0,0.29421173132348727,0.10553531485936754,0.20521363216392585,blend_gbdt,pre,2024,2024_14,0.5248455507398981
2,0,0.19372155465254176,0.05895036283168511,0.7700811153575446,blend_gbdt,pre,2024,2024_15,0.5248455507398981
2,0,0.23990090568687675,0.08129705689506853,0.42996213287798374,blend_gbdt,pre,2024,2024_16,0.5248455507398981
1,1,0.2638204481325359,0.09023993364621845,0.5700378671220162,blend_gbdt,pre,2024,2024_17,0.5248455507398981
3,0,0.15005605492637358,0.03883370679821883,0.9068902034668286,blend_gbdt,pre,2024,2024_18,0.5248455507398981
1,0,0.33563938932574394,0.12379314775974,0.2850189335610081,blend_gbdt,pre,2024,2024_19,0.5248455507398981
3,1,0.1413937615254185,0.034917785284568445,0.9910438099037578,blend_gbdt,pre,2024,2024_2,0.5248455507398981
2,0,0.23854094141375742,0.08135631679264131,0.5814386244644566,blend_gbdt,pre,2024,2024_20,0.5248455507398981
1,1,0.6639995643678078,0.1489743663893227,0.5700378671220162,blend_gbdt,pre,2024,2024_21,0.5248455507398981
0,0,0.4646831389546368,0.17434566733844153,0.0,blend_gbdt,pre,2024,2024_22,0.5248455507398981
1,0,0.24455978900316797,0.0818550085291932,0.4104272643278517,blend_gbdt,pre,2024,2024_23,0.5248455507398981
2,0,0.2447351252855304,0.08415106032302222,0.5008112441788239,blend_gbdt,pre,2024,2024_24,0.5248455507398981
1,0,0.40053114336403534,0.14093149374287472,0.20521363216392585,blend_gbdt,pre,2024,2024_3,0.5248455507398981
2,1,0.16782509198713458,0.0481924470579569,0.785830177739832,blend_gbdt,pre,2024,2024_4,0.5248455507398981
2,1,0.1984524810460158,0.061056482371987075,0.785830177739832,blend_gbdt,pre,2024,2024_5,0.5248455507398981
2,0,0.2007275159450173,0.06227322579162552,0.5814386244644566,blend_gbdt,pre,2024,2024_6,0.5248455507398981
1,1,0.2254801939783277,0.07618413599589416,0.5700378671220162,blend_gbdt,pre,2024,2024_7,0.5248455507398981
0,0,0.31241605724130334,0.11433953320831877,0.0,blend_gbdt,pre,2024,2024_8,0.5248455507398981
2,1,0.2537415073911612,0.0795555039466889,0.8289886398633951,blend_gbdt,pre,2024,2024_9,0.5248455507398981
2,1,0.2134930270373399,0.06911882706933697,0.8289886398633951,blend_gbdt,pre,2025,2025_1,0.5248455507398981
0,0,0.382153405354204,0.13967506089996268,0.0,blend_gbdt,pre,2025,2025_10,0.5248455507398981
2,0,0.18114478925588215,0.056534161094722334,0.7700811153575446,blend_gbdt,pre,2025,2025_11,0.5248455507398981
2,0,0.3434253038740936,0.0686009774538287,0.7700811153575446,blend_gbdt,pre,2025,2025_12,0.5248455507398981
2,0,0.16753382687079338,0.04979715909360327,0.7700811153575446,blend_gbdt,pre,2025,2025_13,0.5248455507398981
2,0,0.1609030244270541,0.04728030229737206,0.7700811153575446,blend_gbdt,pre,2025,2025_14,0.5248455507398981
1,0,0.43718808464412395,0.1254776855233499,0.35965385102969294,blend_gbdt,pre,2025,2025_15,0.5248455507398981
2,0,0.13365404353921442,0.03961993721734841,0.6262195749456675,blend_gbdt,pre,2025,2025_16,0.5248455507398981
1,0,0.5798920982477458,0.1764909295876655,0.2850189335610081,blend_gbdt,pre,2025,2025_17,0.5248455507398981
2,0,0.21019447753505638,0.0703042414350363,0.42100594278174164,blend_gbdt,pre,2025,2025_18,0.5248455507398981
2,0,0.2662640964396092,0.0910462550035438,0.543969706302387,blend_gbdt,pre,2025,2025_19,0.5248455507398981
2,0,0.15380914419147343,0.04426893380267682,0.7700811153575446,blend_gbdt,pre,2025,2025_2,0.5248455507398981
2,0,0.24138504528743482,0.0817514929211882,0.5008112441788239,blend_gbdt,pre,2025,2025_20,0.5248455507398981
2,1,0.24808928043518588,0.07728079779863234,0.785830177739832,blend_gbdt,pre,2025,2025_21,0.5248455507398981
1,0,0.3270472014715934,0.12198878149804344,0.2850189335610081,blend_gbdt,pre,2025,2025_22,0.5248455507398981
1,0,0.409507257470149,0.12084828363872013,0.35965385102969294,blend_gbdt,pre,2025,2025_23,0.5248455507398981
3,1,0.10869224783079223,0.02504438745122804,0.9910438099037578,blend_gbdt,pre,2025,2025_24,0.5248455507398981
2,0,0.15931298844190261,0.04794545640814746,0.6262195749456675,blend_gbdt,pre,2025,2025_3,0.5248455507398981
3,1,0.13762907375452993,0.03552819633372745,0.9910438099037578,blend_gbdt,pre,2025,2025_4,0.5248455507398981
1,1,0.21243407410260468,0.0723999775503581,0.5700378671220162,blend_gbdt,pre,2025,2025_5,0.5248455507398981
3,1,0.1631356586015354,0.04831159824715013,0.9910438099037578,blend_gbdt,pre,2025,2025_6,0.5248455507398981
2,0,0.22016714442217294,0.07218585177340547,0.6270416538342178,blend_gbdt,pre,2025,2025_7,0.5248455507398981
2,0,0.21642004776730608,0.07055532110064704,0.6270416538342178,blend_gbdt,pre,2025,2025_8,0.5248455507398981
2,1,0.1856830178333007,0.05737825274930192,0.7752514992859421,blend_gbdt,pre,2025,2025_9,0.5248455507398981
0,0,0.4322817850764442,0.16276384038007952,0.0,blend_gbdt,pre,2026,2026_1,0.5248455507398981
2,1,0.21784227224308114,0.07252480617582747,0.7752514992859421,blend_gbdt,pre,2026,2026_10,0.5248455507398981
1,0,0.21775810964426298,0.07195018032982176,0.34202272027320973,blend_gbdt,pre,2026,2026_11,0.5248455507398981
1,0,0.21043940028204816,0.06957385800384236,0.4104272643278517,blend_gbdt,pre,2026,2026_12,0.5248455507398981
2,1,0.21279102214102236,0.07037650322523745,0.7752514992859421,blend_gbdt,pre,2026,2026_13,0.5248455507398981
2,1,0.21018277201020394,0.07000604077337139,0.7410492272586211,blend_gbdt,pre,2026,2026_14,0.5248455507398981
1,0,0.3242517887947382,0.11352350836878795,0.35965385102969294,blend_gbdt,pre,2026,2026_15,0.5248455507398981
2,0,0.22495589802676993,0.06991869369560794,0.7700811153575446,blend_gbdt,pre,2026,2026_2,0.5248455507398981
2,0,0.2308065005256309,0.07945427744680855,0.5306652111662978,blend_gbdt,pre,2026,2026_3,0.5248455507398981
2,1,0.20229669274839868,0.0682254026550796,0.7410492272586211,blend_gbdt,pre,2026,2026_4,0.5248455507398981
1,1,0.2811508058702244,0.0992330989456352,0.5700378671220162,blend_gbdt,pre,2026,2026_5,0.5248455507398981
1,1,0.3133603993270108,0.09720078733406555,0.5700378671220162,blend_gbdt,pre,2026,2026_6,0.5248455507398981
1,0,0.27932796589396797,0.10059439215957346,0.35965385102969294,blend_gbdt,pre,2026,2026_7,0.5248455507398981
2,0,0.17130898663201904,0.05103730133921898,0.7016765713029027,blend_gbdt,pre,2026,2026_8,0.5248455507398981
1,0,0.2503311900479732,0.08795590623337914,0.2589507727413789,blend_gbdt,pre,2026,2026_9,0.5248455507398981
3,1,0.09288997396450062,0.01769424269205875,1.0,blend_gbdt_clf_pl,post,2021,2021_1,0.4509792743102106
2,0,0.2578345111150771,0.0864187160562487,0.5306652111662978,blend_gbdt_clf_pl,post,2021,2021_10,0.4509792743102106
1,0,0.4570585022769711,0.1390745001727856,0.4104272643278517,blend_gbdt_clf_pl,post,2021,2021_11,0.4509792743102106
2,0,0.2375654747973162,0.05650176663074171,0.7016765713029027,blend_gbdt_clf_pl,post,2021,2021_12,0.4509792743102106
3,0,0.10005107723311038,0.020101736702572506,0.9410924754941495,blend_gbdt_clf_pl,post,2021,2021_13,0.4509792743102106
1,0,0.42610093186921294,0.13858200033876739,0.2850189335610081,blend_gbdt_clf_pl,post,2021,2021_14,0.4509792743102106
2,0,0.27159937128749684,0.09198853396340168,0.5008112441788239,blend_gbdt_clf_pl,post,2021,2021_15,0.4509792743102106
2,0,0.27272841372609097,0.08377617714352394,0.6954461978888599,blend_gbdt_clf_pl,post,2021,2021_16,0.4509792743102106
3,1,0.13919834496586764,0.03698454558492961,1.0,blend_gbdt_clf_pl,post,2021,2021_17,0.4509792743102106
2,1,0.14645997725668763,0.04415829061493713,0.8289886398633951,blend_gbdt_clf_pl,post,2021,2021_18,0.4509792743102106
2,0,0.17938532536500434,0.055091987722762095,0.6262195749456675,blend_gbdt_clf_pl,post,2021,2021_19,0.4509792743102106
2,0,0.22659026155154555,0.06258240235421632,0.7700811153575446,blend_gbdt_clf_pl,post,2021,2021_2,0.4509792743102106
2,1,0.19315430886256432,0.05731442320404858,0.8289886398633951,blend_gbdt_clf_pl,post,2021,2021_20,0.4509792743102106
3,1,0.09371853771055422,0.02016214842785847,1.0,blend_gbdt_clf_pl,post,2021,2021_21,0.4509792743102106
2,0,0.20008623182780844,0.056451935790902866,0.7700811153575446,blend_gbdt_clf_pl,post,2021,2021_22,0.4509792743102106
3,1,0.10259685586060888,0.02371014221166167,0.9910438099037578,blend_gbdt_clf_pl,post,2021,2021_3,0.4509792743102106
3,1,0.09316103955710087,0.01873884363297621,1.0,blend_gbdt_clf_pl,post,2021,2021_4,0.4509792743102106
1,1,0.32205466805454336,0.11553354176217397,0.5700378671220162,blend_gbdt_clf_pl,post,2021,2021_5,0.4509792743102106
0,0,0.6102854595421945,0.1945727107406954,0.0,blend_gbdt_clf_pl,post,2021,2021_6,0.4509792743102106
3,1,0.13060911013270896,0.033483813160598105,1.0,blend_gbdt_clf_pl,post,2021,2021_7,0.4509792743102106
2,1,0.1818469089830873,0.05614399485442746,0.8289886398633951,blend_gbdt_clf_pl,post,2021,2021_8,0.4509792743102106
1,1,0.271757849819841,0.09844159019171814,0.5700378671220162,blend_gbdt_clf_pl,post,2021,2021_9,0.4509792743102106
2,0,0.2520362806519411,0.08180712516037394,0.5306652111662978,blend_gbdt_clf_pl,post,2022,2022_1,0.4509792743102106
1,0,0.2856460517307589,0.1049190152682129,0.35965385102969294,blend_gbdt_clf_pl,post,2022,2022_10,0.4509792743102106
2,0,0.24370465915808107,0.08011920481690113,0.6954461978888599,blend_gbdt_clf_pl,post,2022,2022_11,0.4509792743102106
1,0,0.3019619376080597,0.1114625351839966,0.2850189335610081,blend_gbdt_clf_pl,post,2022,2022_12,0.4509792743102106
1,0,0.2934086354918923,0.10461811653037348,0.34202272027320973,blend_gbdt_clf_pl,post,2022,2022_13,0.4509792743102106
3,1,0.12908679404887938,0.03218328787827346,0.9910438099037578,blend_gbdt_clf_pl,post,2022,2022_14,0.4509792743102106
2,1,0.23693705276425744,0.08276794449281405,0.7410492272586211,blend_gbdt_clf_pl,post,2022,2022_15,0.4509792743102106
3,1,0.10560056345715092,0.022894515181030684,1.0,blend_gbdt_clf_pl,post,2022,2022_16,0.4509792743102106
1,0,0.21826407312129154,0.07541193911628312,0.4104272643278517,blend_gbdt_clf_pl,post,2022,2022_17,0.4509792743102106
2,1,0.15227592678310645,0.047379256165753406,0.7410492272586211,blend_gbdt_clf_pl,post,2022,2022_18,0.4509792743102106
2,1,0.22415041991785029,0.07913149155418545,0.7752514992859421,blend_gbdt_clf_pl,post,2022,2022_19,0.4509792743102106
2,1,0.15271752707246247,0.04683812991590003,0.7752514992859421,blend_gbdt_clf_pl,post,2022,2022_2,0.4509792743102106
2,1,0.16292582333020503,0.05099280099656008,0.7410492272586211,blend_gbdt_clf_pl,post,2022,2022_20,0.4509792743102106
1,0,0.33171109964232504,0.11630053035477358,0.35965385102969294,blend_gbdt_clf_pl,post,2022,2022_21,0.4509792743102106
3,1,0.12362019020410667,0.03120397334117257,0.9910438099037578,blend_gbdt_clf_pl,post,2022,2022_22,0.4509792743102106
2,1,0.29700874536425415,0.09525559492239663,0.7752514992859421,blend_gbdt_clf_pl,post,2022,2022_3,0.4509792743102106
2,1,0.2780973649633735,0.09431077964317648,0.7752514992859421,blend_gbdt_clf_pl,post,2022,2022_4,0.4509792743102106
2,1,0.12284894861468461,0.03374730381797674,0.8289886398633951,blend_gbdt_clf_pl,post,2022,2022_5,0.4509792743102106
1,0,0.31914053186341923,0.11409685321393255,0.35965385102969294,blend_gbdt_clf_pl,post,2022,2022_6,0.4509792743102106
2,0,0.1690698745401077,0.053432349912932164,0.5008112441788239,blend_gbdt_clf_pl,post,2022,2022_7,0.4509792743102106
2,0,0.2423239584687594,0.08086411564987812,0.7700811153575446,blend_gbdt_clf_pl,post,2022,2022_8,0.4509792743102106
2,1,0.13656623075680865,0.040127050502800424,0.8289886398633951,blend_gbdt_clf_pl,post,2022,2022_9,0.4509792743102106
2,1,0.261383913892502,0.0755005191816952,0.8289886398633951,blend_gbdt_clf_pl,post,2023,2023_1,0.4509792743102106
1,1,0.22283329919234524,0.07334802312691005,0.5700378671220162,blend_gbdt_clf_pl,post,2023,2023_10,0.4509792743102106
2,1,0.23696387801357047,0.08303967935274509,0.7752514992859421,blend_gbdt_clf_pl,post,2023,2023_11,0.4509792743102106
2,1,0.16533502143469914,0.05014829382756921,0.8289886398633951,blend_gbdt_clf_pl,post,2023,2023_12,0.4509792743102106
1,1,0.3969018664155056,0.10447604496358875,0.5700378671220162,blend_gbdt_clf_pl,post,2023,2023_13,0.4509792743102106
2,1,0.15632258289239281,0.04738442747279896,0.785830177739832,blend_gbdt_clf_pl,post,2023,2023_14,0.4509792743102106
1,0,0.2892995788475726,0.10297750653798772,0.35965385102969294,blend_gbdt_clf_pl,post,2023,2023_15,0.4509792743102106
2,1,0.20718745872308478,0.06876613002728349,0.7752514992859421,blend_gbdt_clf_pl,post,2023,2023_16,0.4509792743102106
1,1,0.37608853027593153,0.12286914608833781,0.5700378671220162,blend_gbdt_clf_pl,post,2023,2023_17,0.4509792743102106
1,1,0.21244336225879765,0.06942556206119795,0.5700378671220162,blend_gbdt_clf_pl,post,2023,2023_18,0.4509792743102106
2,1,0.20129323420635764,0.06686674561861304,0.7410492272586211,blend_gbdt_clf_pl,post,2023,2023_19,0.4509792743102106
2,1,0.22663025760014532,0.07592451781025467,0.7752514992859421,blend_gbdt_clf_pl,post,2023,2023_2,0.4509792743102106
1,1,0.24992310070262636,0.08413622929102141,0.5700378671220162,blend_gbdt_clf_pl,post,2023,2023_20,0.4509792743102106
2,1,0.21152743784646738,0.06664394729145329,0.8289886398633951,blend_gbdt_clf_pl,post,2023,2023_21,0.4509792743102106
2,1,0.17924435168318822,0.05590514580954159,0.8289886398633951,blend_gbdt_clf_pl,post,2023,2023_22,0.4509792743102106
2,1,0.22670137703976995,0.0738298056008945,0.7752514992859421,blend_gbdt_clf_pl,post,2023,2023_3,0.4509792743102106
3,0,0.12351217332848285,0.03136112918916746,0.9112385085066755,blend_gbdt_clf_pl,post,2023,2023_4,0.4509792743102106
3,0,0.1372311164988916,0.03554449998587775,0.9112385085066755,blend_gbdt_clf_pl,post,2023,2023_5,0.4509792743102106
2,1,0.17843461096237978,0.05379648253706966,0.8289886398633951,blend_gbdt_clf_pl,post,2023,2023_6,0.4509792743102106
2,1,0.258380977987653,0.08139969108545385,0.7752514992859421,blend_gbdt_clf_pl,post,2023,2023_7,0.4509792743102106
3,1,0.11106876207426727,0.0275223504284056,0.9910438099037578,blend_gbdt_clf_pl,post,2023,2023_8,0.4509792743102106
2,1,0.22701075618522437,0.06976732332493997,0.8289886398633951,blend_gbdt_clf_pl,post,2023,2023_9,0.4509792743102106
1,1,0.2146996061558279,0.07445969365948679,0.5700378671220162,blend_gbdt_clf_pl,post,2024,2024_1,0.4509792743102106
3,1,0.13901566308102478,0.03680894187801432,1.0,blend_gbdt_clf_pl,post,2024,2024_10,0.4509792743102106
1,0,0.3737471995218219,0.1349420720990274,0.17101136013660487,blend_gbdt_clf_pl,post,2024,2024_11,0.4509792743102106
2,0,0.16672012813731324,0.05228249433564368,0.6954461978888599,blend_gbdt_clf_pl,post,2024,2024_12,0.4509792743102106
2,0,0.25808978052809706,0.08891040146201795,0.543969706302387,blend_gbdt_clf_pl,post,2024,2024_13,0.4509792743102106
2,0,0.2514379735587944,0.08669219946921239,0.5306652111662978,blend_gbdt_clf_pl,post,2024,2024_14,0.4509792743102106
2,1,0.1907603022401026,0.058505680860650444,0.8289886398633951,blend_gbdt_clf_pl,post,2024,2024_15,0.4509792743102106
2,0,0.18668654223213846,0.057100574528796896,0.6009734930145886,blend_gbdt_clf_pl,post,2024,2024_16,0.4509792743102106
2,0,0.2223979824547,0.06978551120844981,0.7700811153575446,blend_gbdt_clf_pl,post,2024,2024_17,0.4509792743102106
3,1,0.13875942509182382,0.036978164807571684,1.0,blend_gbdt_clf_pl,post,2024,2024_18,0.4509792743102106
1,0,0.2675424440914077,0.09205670411733237,0.21579231061781579,blend_gbdt_clf_pl,post,2024,2024_19,0.4509792743102106
3,1,0.11521345652940045,0.028086927069174143,1.0,blend_gbdt_clf_pl,post,2024,2024_2,0.4509792743102106
2,0,0.16930191541774672,0.05466010403128083,0.6954461978888599,blend_gbdt_clf_pl,post,2024,2024_20,0.4509792743102106
0,0,0.7848207777064319,0.20259055347620497,0.0,blend_gbdt_clf_pl,post,2024,2024_21,0.4509792743102106
1,0,0.30875215716992827,0.10575124031837987,0.21579231061781579,blend_gbdt_clf_pl,post,2024,2024_22,0.4509792743102106
1,1,0.24486011541663424,0.08421574572606981,0.5700378671220162,blend_gbdt_clf_pl,post,2024,2024_23,0.4509792743102106
1,1,0.24701744130097042,0.0866255206355129,0.5700378671220162,blend_gbdt_clf_pl,post,2024,2024_24,0.4509792743102106
1,0,0.41240222085038136,0.12950820011927183,0.2850189335610081,blend_gbdt_clf_pl,post,2024,2024_3,0.4509792743102106
3,1,0.13304418937593132,0.0352125093864164,1.0,blend_gbdt_clf_pl,post,2024,2024_4,0.4509792743102106
2,1,0.15794398977667728,0.04556607614754178,0.785830177739832,blend_gbdt_clf_pl,post,2024,2024_5,0.4509792743102106
2,0,0.19934043775209867,0.06572272956061367,0.5814386244644566,blend_gbdt_clf_pl,post,2024,2024_6,0.4509792743102106
2,1,0.15440391046416588,0.04612283799656468,0.8289886398633951,blend_gbdt_clf_pl,post,2024,2024_7,0.4509792743102106
2,1,0.19608909380645112,0.06321728569763915,0.7752514992859421,blend_gbdt_clf_pl,post,2024,2024_8,0.4509792743102106
3,1,0.12972139745909433,0.03224559435788218,1.0,blend_gbdt_clf_pl,post,2024,2024_9,0.4509792743102106
2,1,0.19619581507819595,0.06669645526731818,0.7752514992859421,blend_gbdt_clf_pl,post,2025,2025_1,0.4509792743102106
2,1,0.21310636263398436,0.07131314924817135,0.7752514992859421,blend_gbdt_clf_pl,post,2025,2025_10,0.4509792743102106
3,1,0.09912531385704018,0.02284317536163475,1.0,blend_gbdt_clf_pl,post,2025,2025_11,0.4509792743102106
2,0,0.43627884140812345,0.09060852326653411,0.6954461978888599,blend_gbdt_clf_pl,post,2025,2025_12,0.4509792743102106
3,0,0.10143607080802716,0.029037284112868388,0.9410924754941495,blend_gbdt_clf_pl,post,2025,2025_13,0.4509792743102106
2,0,0.13964879649525402,0.046640691806777726,0.7700811153575446,blend_gbdt_clf_pl,post,2025,2025_14,0.4509792743102106
2,1,0.3069623417320186,0.10150267550997782,0.7752514992859421,blend_gbdt_clf_pl,post,2025,2025_15,0.4509792743102106
3,0,0.07843719444462668,0.014869241127755844,0.9112385085066755,blend_gbdt_clf_pl,post,2025,2025_16,0.4509792743102106
1,1,0.3298476823257022,0.11493366814044408,0.5700378671220162,blend_gbdt_clf_pl,post,2025,2025_17,0.4509792743102106
2,0,0.174142628268411,0.05663565013946006,0.5648674831936188,blend_gbdt_clf_pl,post,2025,2025_18,0.4509792743102106
2,1,0.15775984575387247,0.04909245790281533,0.8289886398633951,blend_gbdt_clf_pl,post,2025,2025_19,0.4509792743102106
3,1,0.13518798567897777,0.037172604506389664,1.0,blend_gbdt_clf_pl,post,2025,2025_2,0.4509792743102106
2,1,0.17348861542907654,0.054908316701159546,0.8289886398633951,blend_gbdt_clf_pl,post,2025,2025_20,0.4509792743102106
1,1,0.27272848516761483,0.09775825583464573,0.5700378671220162,blend_gbdt_clf_pl,post,2025,2025_21,0.4509792743102106
1,0,0.4229769106200364,0.12238747799705955,0.35965385102969294,blend_gbdt_clf_pl,post,2025,2025_22,0.4509792743102106
2,0,0.33096139184930706,0.09782471759051661,0.543969706302387,blend_gbdt_clf_pl,post,2025,2025_23,0.4509792743102106
3,1,0.08464114903873396,0.018776146011841917,0.9910438099037578,blend_gbdt_clf_pl,post,2025,2025_24,0.4509792743102106
3,0,0.1060214452534601,0.024516948971180355,0.9410924754941495,blend_gbdt_clf_pl,post,2025,2025_3,0.4509792743102106
3,1,0.15115004446199065,0.0438705097043219,0.9910438099037578,blend_gbdt_clf_pl,post,2025,2025_4,0.4509792743102106
2,0,0.16585927990996346,0.05100642665376515,0.7700811153575446,blend_gbdt_clf_pl,post,2025,2025_5,0.4509792743102106
2,0,0.2243991983287515,0.07601591581437918,0.543969706302387,blend_gbdt_clf_pl,post,2025,2025_6,0.4509792743102106
2,0,0.14705703118240493,0.047693165382701026,0.7016765713029027,blend_gbdt_clf_pl,post,2025,2025_7,0.4509792743102106
3,1,0.08878097236699661,0.018629198627521864,0.9910438099037578,blend_gbdt_clf_pl,post,2025,2025_8,0.4509792743102106
2,1,0.2035933289465301,0.06581986870315161,0.8289886398633951,blend_gbdt_clf_pl,post,2025,2025_9,0.4509792743102106
2,1,0.2065141412812845,0.06955521650117537,0.7752514992859421,blend_gbdt_clf_pl,post,2026,2026_1,0.4509792743102106
2,1,0.15414395089977628,0.04664006885013993,0.785830177739832,blend_gbdt_clf_pl,post,2026,2026_10,0.4509792743102106
2,0,0.2161327139798894,0.07402736044503055,0.5306652111662978,blend_gbdt_clf_pl,post,2026,2026_11,0.4509792743102106
3,1,0.1502416628592582,0.04257520071487026,0.9910438099037578,blend_gbdt_clf_pl,post,2026,2026_12,0.4509792743102106
1,0,0.24048987560453539,0.08143424238051843,0.4104272643278517,blend_gbdt_clf_pl,post,2026,2026_13,0.4509792743102106
3,1,0.1318927414149969,0.036028669409724684,0.9910438099037578,blend_gbdt_clf_pl,post,2026,2026_14,0.4509792743102106
1,1,0.24781115010999208,0.08508118763621365,0.5700378671220162,blend_gbdt_clf_pl,post,2026,2026_15,0.4509792743102106
2,0,0.13741137249484717,0.0389442717561072,0.7700811153575446,blend_gbdt_clf_pl,post,2026,2026_2,0.4509792743102106
2,1,0.19758679071429136,0.06800169124753129,0.7752514992859421,blend_gbdt_clf_pl,post,2026,2026_3,0.4509792743102106
1,1,0.23726944136573697,0.0836256031289078,0.5700378671220162,blend_gbdt_clf_pl,post,2026,2026_4,0.4509792743102106
1,0,0.3170124744377287,0.11467278991005947,0.35965385102969294,blend_gbdt_clf_pl,post,2026,2026_5,0.4509792743102106
2,1,0.2449101032127583,0.07787942221786436,0.8289886398633951,blend_gbdt_clf_pl,post,2026,2026_6,0.4509792743102106
2,0,0.1666076415591502,0.05311654515403896,0.6954461978888599,blend_gbdt_clf_pl,post,2026,2026_7,0.4509792743102106
2,1,0.19734296813806668,0.06410742343698748,0.785830177739832,blend_gbdt_clf_pl,post,2026,2026_8,0.4509792743102106
2,0,0.23669679054584603,0.08025827746763124,0.5648674831936188,blend_gbdt_clf_pl,post,2026,2026_9,0.4509792743102106
3,1,0.12010134376073253,0.03026842615753424,0.9910438099037578,blend_gbdt_clf_pl,pre,2021,2021_1,0.4865125544090533
1,0,0.3183165535645256,0.10882492906661763,0.35965385102969294,blend_gbdt_clf_pl,pre,2021,2021_10,0.4865125544090533
1,0,0.4375334628980343,0.13419975015143099,0.2589507727413789,blend_gbdt_clf_pl,pre,2021,2021_11,0.4865125544090533
2,0,0.35450298965647864,0.06858831942244138,0.7016765713029027,blend_gbdt_clf_pl,pre,2021,2021_12,0.4865125544090533
3,1,0.12763478798823474,0.029231098882606426,1.0,blend_gbdt_clf_pl,pre,2021,2021_13,0.4865125544090533
1,0,0.42729316450641147,0.1464200329899354,0.17101136013660487,blend_gbdt_clf_pl,pre,2021,2021_14,0.4865125544090533
2,1,0.2091200618211027,0.06007502838890629,0.8289886398633951,blend_gbdt_clf_pl,pre,2021,2021_15,0.4865125544090533
2,0,0.3271951419936384,0.1054871202729708,0.543969706302387,blend_gbdt_clf_pl,pre,2021,2021_16,0.4865125544090533
2,0,0.19182706065935412,0.05456653520269651,0.7700811153575446,blend_gbdt_clf_pl,pre,2021,2021_17,0.4865125544090533
2,1,0.15222807856220655,0.041272945678971704,0.8289886398633951,blend_gbdt_clf_pl,pre,2021,2021_18,0.4865125544090533
2,0,0.15258341567161424,0.041562706485458636,0.7700811153575446,blend_gbdt_clf_pl,pre,2021,2021_19,0.4865125544090533
2,0,0.2617909553448276,0.07965368383807907,0.6954461978888599,blend_gbdt_clf_pl,pre,2021,2021_2,0.4865125544090533
2,1,0.27502571465808767,0.07097711589897678,0.8289886398633951,blend_gbdt_clf_pl,pre,2021,2021_20,0.4865125544090533
3,1,0.1288877427423537,0.03043362589075354,1.0,blend_gbdt_clf_pl,pre,2021,2021_21,0.4865125544090533
2,0,0.21223104248185581,0.061369782307402906,0.7700811153575446,blend_gbdt_clf_pl,pre,2021,2021_22,0.4865125544090533
3,1,0.10919137052096066,0.023742693884723456,1.0,blend_gbdt_clf_pl,pre,2021,2021_3,0.4865125544090533
3,1,0.10921079286903587,0.02432737853839044,1.0,blend_gbdt_clf_pl,pre,2021,2021_4,0.4865125544090533
1,0,0.42752686553211505,0.14216637384925226,0.35965385102969294,blend_gbdt_clf_pl,pre,2021,2021_5,0.4865125544090533
0,0,0.6112971883148836,0.19440960214785852,0.0,blend_gbdt_clf_pl,pre,2021,2021_6,0.4865125544090533
3,1,0.15845365645704895,0.041246304875570725,1.0,blend_gbdt_clf_pl,pre,2021,2021_7,0.4865125544090533
2,1,0.18889196202036046,0.05863324493275901,0.8289886398633951,blend_gbdt_clf_pl,pre,2021,2021_8,0.4865125544090533
1,1,0.2750531203268533,0.09263688978756578,0.5700378671220162,blend_gbdt_clf_pl,pre,2021,2021_9,0.4865125544090533
1,0,0.36156965511108136,0.1206952591384494,0.34202272027320973,blend_gbdt_clf_pl,pre,2022,2022_1,0.4865125544090533
2,0,0.25163518802795315,0.0882787299176376,0.5648674831936188,blend_gbdt_clf_pl,pre,2022,2022_10,0.4865125544090533
1,0,0.2564431005541504,0.09260990927060583,0.2589507727413789,blend_gbdt_clf_pl,pre,2022,2022_11,0.4865125544090533
1,0,0.3004774172256742,0.11208114893713257,0.2850189335610081,blend_gbdt_clf_pl,pre,2022,2022_12,0.4865125544090533
1,0,0.2635017275610724,0.09557144147920979,0.35965385102969294,blend_gbdt_clf_pl,pre,2022,2022_13,0.4865125544090533
3,1,0.17892510928116445,0.05498698808728415,1.0,blend_gbdt_clf_pl,pre,2022,2022_14,0.4865125544090533
1,1,0.26497496151275957,0.09427588271483876,0.5700378671220162,blend_gbdt_clf_pl,pre,2022,2022_15,0.4865125544090533
2,1,0.18720808514605555,0.060032225215570445,0.8289886398633951,blend_gbdt_clf_pl,pre,2022,2022_16,0.4865125544090533
1,0,0.3199852685972,0.11483198075734768,0.2589507727413789,blend_gbdt_clf_pl,pre,2022,2022_17,0.4865125544090533
3,1,0.1481233695412525,0.04267625793809199,1.0,blend_gbdt_clf_pl,pre,2022,2022_18,0.4865125544090533
1,1,0.2416265334880062,0.08510738374271533,0.5700378671220162,blend_gbdt_clf_pl,pre,2022,2022_19,0.4865125544090533
2,1,0.17340738424938157,0.05495701481122338,0.7410492272586211,blend_gbdt_clf_pl,pre,2022,2022_2,0.4865125544090533
2,1,0.1739301846944756,0.054381802823776415,0.785830177739832,blend_gbdt_clf_pl,pre,2022,2022_20,0.4865125544090533
0,0,0.36166086579539436,0.13588050582716266,0.0,blend_gbdt_clf_pl,pre,2022,2022_21,0.4865125544090533
2,1,0.17383309021389587,0.05305489257606929,0.8289886398633951,blend_gbdt_clf_pl,pre,2022,2022_22,0.4865125544090533
1,0,0.3082697315973738,0.1084845616094803,0.35965385102969294,blend_gbdt_clf_pl,pre,2022,2022_3,0.4865125544090533
1,1,0.34409415127419996,0.10582699165071026,0.5700378671220162,blend_gbdt_clf_pl,pre,2022,2022_4,0.4865125544090533
2,1,0.16408221348920582,0.052364652949841425,0.8289886398633951,blend_gbdt_clf_pl,pre,2022,2022_5,0.4865125544090533
2,1,0.29150207123826305,0.09913963681986745,0.7752514992859421,blend_gbdt_clf_pl,pre,2022,2022_6,0.4865125544090533
2,0,0.1753970123121458,0.056456750334595775,0.6270416538342178,blend_gbdt_clf_pl,pre,2022,2022_7,0.4865125544090533
2,1,0.2212164475586121,0.07269697382008893,0.8289886398633951,blend_gbdt_clf_pl,pre,2022,2022_8,0.4865125544090533
1,1,0.2572530873075398,0.09040705431859611,0.5700378671220162,blend_gbdt_clf_pl,pre,2022,2022_9,0.4865125544090533
2,1,0.34820348374458016,0.09303386793330813,0.7752514992859421,blend_gbdt_clf_pl,pre,2023,2023_1,0.5248455507398981
2,1,0.3182945958993191,0.09087280357891372,0.7410492272586211,blend_gbdt_clf_pl,pre,2023,2023_10,0.5248455507398981
1,1,0.2966789742923051,0.091322108428615,0.5700378671220162,blend_gbdt_clf_pl,pre,2023,2023_11,0.5248455507398981
2,1,0.23311038869722642,0.0751345203388781,0.7752514992859421,blend_gbdt_clf_pl,pre,2023,2023_12,0.5248455507398981
1,1,0.3602671630311288,0.10297757328026173,0.5700378671220162,blend_gbdt_clf_pl,pre,2023,2023_13,0.5248455507398981
2,1,0.21533028520403166,0.06681520315152284,0.8289886398633951,blend_gbdt_clf_pl,pre,2023,2023_14,0.5248455507398981
1,0,0.44432866905763985,0.14925250009733498,0.17101136013660487,blend_gbdt_clf_pl,pre,2023,2023_15,0.5248455507398981
1,1,0.3511602347501045,0.10832099411272744,0.5700378671220162,blend_gbdt_clf_pl,pre,2023,2023_16,0.5248455507398981
1,1,0.3311900691244519,0.1045080866146864,0.5700378671220162,blend_gbdt_clf_pl,pre,2023,2023_17,0.5248455507398981
1,1,0.23768539396472624,0.07569322136646849,0.5700378671220162,blend_gbdt_clf_pl,pre,2023,2023_18,0.5248455507398981
1,1,0.2296378907638601,0.07353294150567595,0.5700378671220162,blend_gbdt_clf_pl,pre,2023,2023_19,0.5248455507398981
2,0,0.26502750438538497,0.07752509087184818,0.7700811153575446,blend_gbdt_clf_pl,pre,2023,2023_2,0.5248455507398981
1,1,0.33697374197256075,0.10444841915180163,0.5700378671220162,blend_gbdt_clf_pl,pre,2023,2023_20,0.5248455507398981
1,1,0.22294342561174538,0.07145840288742729,0.5700378671220162,blend_gbdt_clf_pl,pre,2023,2023_21,0.5248455507398981
2,1,0.20480157817751987,0.06465584532357785,0.8289886398633951,blend_gbdt_clf_pl,pre,2023,2023_22,0.5248455507398981
1,0,0.313957414357435,0.10880236197580997,0.35965385102969294,blend_gbdt_clf_pl,pre,2023,2023_3,0.5248455507398981
1,0,0.23812815674754187,0.07798945120230162,0.4104272643278517,blend_gbdt_clf_pl,pre,2023,2023_4,0.5248455507398981
2,1,0.2000033336189424,0.0612417265170316,0.8289886398633951,blend_gbdt_clf_pl,pre,2023,2023_5,0.5248455507398981
2,1,0.34676415815664,0.10300812917876825,0.7752514992859421,blend_gbdt_clf_pl,pre,2023,2023_6,0.5248455507398981
2,1,0.23064979227555896,0.07485642378969208,0.7752514992859421,blend_gbdt_clf_pl,pre,2023,2023_7,0.5248455507398981
2,1,0.205137420072052,0.06333552839003491,0.785830177739832,blend_gbdt_clf_pl,pre,2023,2023_8,0.5248455507398981
2,1,0.22628657218865364,0.07294010705922996,0.7410492272586211,blend_gbdt_clf_pl,pre,2023,2023_9,0.5248455507398981
2,1,0.18280187533591083,0.05387351716384263,0.8289886398633951,blend_gbdt_clf_pl,pre,2024,2024_1,0.5248455507398981
2,1,0.23172432663358813,0.07182436495213397,0.8289886398633951,blend_gbdt_clf_pl,pre,2024,2024_10,0.5248455507398981
0,0,0.3565744883322015,0.13116224135673527,0.0,blend_gbdt_clf_pl,pre,2024,2024_11,0.5248455507398981
2,0,0.23288478625399206,0.07514134312863055,0.5814386244644566,blend_gbdt_clf_pl,pre,2024,2024_12,0.5248455507398981
1,0,0.3187828167263812,0.11444965211256411,0.2589507727413789,blend_gbdt_clf_pl,pre,2024,2024_13,0.5248455507398981
1,0,0.2973916588975486,0.10649121094737127,0.20521363216392585,blend_gbdt_clf_pl,pre,2024,2024_14,0.5248455507398981
2,0,0.2020661032810392,0.062211778658353735,0.7700811153575446,blend_gbdt_clf_pl,pre,2024,2024_15,0.5248455507398981
2,0,0.23812990548394647,0.07992324963242818,0.42996213287798374,blend_gbdt_clf_pl,pre,2024,2024_16,0.5248455507398981
1,1,0.2748003563891127,0.0945509830994207,0.5700378671220162,blend_gbdt_clf_pl,pre,2024,2024_17,0.5248455507398981
3,0,0.16639089427990175,0.04558141381984698,0.9068902034668286,blend_gbdt_clf_pl,pre,2024,2024_18,0.5248455507398981
1,0,0.31609961880135706,0.11493255351799014,0.17101136013660487,blend_gbdt_clf_pl,pre,2024,2024_19,0.5248455507398981
3,1,0.13727901070644483,0.03439091565921247,1.0,blend_gbdt_clf_pl,pre,2024,2024_2,0.5248455507398981
1,0,0.23643853802180465,0.08031808175008609,0.4104272643278517,blend_gbdt_clf_pl,pre,2024,2024_20,0.5248455507398981
1,1,0.6667692137146926,0.1535031044424779,0.5700378671220162,blend_gbdt_clf_pl,pre,2024,2024_21,0.5248455507398981
0,0,0.447199168396527,0.16828080182668154,0.0,blend_gbdt_clf_pl,pre,2024,2024_22,0.5248455507398981
2,0,0.24072852298270772,0.08005418800718642,0.7700811153575446,blend_gbdt_clf_pl,pre,2024,2024_23,0.5248455507398981
2,0,0.2537933015410347,0.08795247647405102,0.5008112441788239,blend_gbdt_clf_pl,pre,2024,2024_24,0.5248455507398981
1,0,0.40175257398086694,0.14105494777771832,0.20521363216392585,blend_gbdt_clf_pl,pre,2024,2024_3,0.5248455507398981
2,1,0.168331343590934,0.04826123882376339,0.785830177739832,blend_gbdt_clf_pl,pre,2024,2024_4,0.5248455507398981
2,1,0.20582795876675375,0.06442961811307459,0.785830177739832,blend_gbdt_clf_pl,pre,2024,2024_5,0.5248455507398981
2,0,0.20334830676757126,0.06449580988679829,0.5814386244644566,blend_gbdt_clf_pl,pre,2024,2024_6,0.5248455507398981
1,1,0.21938612647607353,0.07338716560601309,0.5700378671220162,blend_gbdt_clf_pl,pre,2024,2024_7,0.5248455507398981
0,0,0.33275840850074456,0.12204089962723752,0.0,blend_gbdt_clf_pl,pre,2024,2024_8,0.5248455507398981
2,1,0.2562703474302426,0.08209458114915102,0.8289886398633951,blend_gbdt_clf_pl,pre,2024,2024_9,0.5248455507398981
2,1,0.21074870774102633,0.06784835597418186,0.8289886398633951,blend_gbdt_clf_pl,pre,2025,2025_1,0.5248455507398981
0,0,0.3809808618896947,0.1401325265558307,0.0,blend_gbdt_clf_pl,pre,2025,2025_10,0.5248455507398981
2,0,0.18141812849294597,0.05611984585187067,0.7700811153575446,blend_gbdt_clf_pl,pre,2025,2025_11,0.5248455507398981
2,0,0.3441034083200658,0.06870579574150786,0.7700811153575446,blend_gbdt_clf_pl,pre,2025,2025_12,0.5248455507398981
2,0,0.16800302380856752,0.049644583257770554,0.7700811153575446,blend_gbdt_clf_pl,pre,2025,2025_13,0.5248455507398981
2,0,0.14498340906267193,0.04063879281799314,0.7700811153575446,blend_gbdt_clf_pl,pre,2025,2025_14,0.5248455507398981
1,0,0.4357414963738392,0.1241584305307591,0.35965385102969294,blend_gbdt_clf_pl,pre,2025,2025_15,0.5248455507398981
2,0,0.12870043581419302,0.03700063654759896,0.6262195749456675,blend_gbdt_clf_pl,pre,2025,2025_16,0.5248455507398981
1,0,0.5529205127621812,0.1695122729192599,0.2850189335610081,blend_gbdt_clf_pl,pre,2025,2025_17,0.5248455507398981
2,0,0.2081789159351309,0.06926020136446051,0.42100594278174164,blend_gbdt_clf_pl,pre,2025,2025_18,0.5248455507398981
2,0,0.25412174466515425,0.08764955509825623,0.543969706302387,blend_gbdt_clf_pl,pre,2025,2025_19,0.5248455507398981
2,0,0.15372707675176017,0.04453742310770451,0.7700811153575446,blend_gbdt_clf_pl,pre,2025,2025_2,0.5248455507398981
2,0,0.23722151938514288,0.08076841621494213,0.5008112441788239,blend_gbdt_clf_pl,pre,2025,2025_20,0.5248455507398981
2,1,0.2500429252743043,0.07903683082186505,0.7410492272586211,blend_gbdt_clf_pl,pre,2025,2025_21,0.5248455507398981
1,0,0.31709854431578344,0.11651260955865264,0.2850189335610081,blend_gbdt_clf_pl,pre,2025,2025_22,0.5248455507398981
1,0,0.3827198942199158,0.1118190749712878,0.35965385102969294,blend_gbdt_clf_pl,pre,2025,2025_23,0.5248455507398981
3,1,0.1158874918840633,0.02765209649870312,0.9910438099037578,blend_gbdt_clf_pl,pre,2025,2025_24,0.5248455507398981
2,0,0.1520207656087285,0.04408406842526224,0.6262195749456675,blend_gbdt_clf_pl,pre,2025,2025_3,0.5248455507398981
3,1,0.14560939692977642,0.039258529131099555,0.9910438099037578,blend_gbdt_clf_pl,pre,2025,2025_4,0.5248455507398981
1,1,0.21080684541988332,0.07056571724169336,0.5700378671220162,blend_gbdt_clf_pl,pre,2025,2025_5,0.5248455507398981
2,1,0.17425200406228017,0.05263592448363406,0.785830177739832,blend_gbdt_clf_pl,pre,2025,2025_6,0.5248455507398981
2,0,0.19647971742616677,0.06252697399385095,0.6270416538342178,blend_gbdt_clf_pl,pre,2025,2025_7,0.5248455507398981
2,0,0.21454576199374165,0.06885801837346271,0.7016765713029027,blend_gbdt_clf_pl,pre,2025,2025_8,0.5248455507398981
2,1,0.18258253373916083,0.05536300303369244,0.8289886398633951,blend_gbdt_clf_pl,pre,2025,2025_9,0.5248455507398981
0,0,0.41206270580323406,0.15443582240094686,0.0,blend_gbdt_clf_pl,pre,2026,2026_1,0.5248455507398981
2,1,0.21379823173567727,0.07017131097642933,0.7752514992859421,blend_gbdt_clf_pl,pre,2026,2026_10,0.5248455507398981
1,0,0.22701311555284118,0.0758507421996226,0.34202272027320973,blend_gbdt_clf_pl,pre,2026,2026_11,0.5248455507398981
1,0,0.21359272345524397,0.07083397585805594,0.4104272643278517,blend_gbdt_clf_pl,pre,2026,2026_12,0.5248455507398981
2,1,0.2163665918518504,0.07163298126972267,0.7752514992859421,blend_gbdt_clf_pl,pre,2026,2026_13,0.5248455507398981
2,1,0.21039764390223992,0.06931172978615847,0.7410492272586211,blend_gbdt_clf_pl,pre,2026,2026_14,0.5248455507398981
1,0,0.32298825423495336,0.11260844952582075,0.35965385102969294,blend_gbdt_clf_pl,pre,2026,2026_15,0.5248455507398981
2,0,0.2266942928719203,0.07004873820368394,0.7700811153575446,blend_gbdt_clf_pl,pre,2026,2026_2,0.5248455507398981
2,0,0.2360316935823672,0.08118235036455983,0.5306652111662978,blend_gbdt_clf_pl,pre,2026,2026_3,0.5248455507398981
2,1,0.21864484273561963,0.07461440423795918,0.7410492272586211,blend_gbdt_clf_pl,pre,2026,2026_4,0.5248455507398981
1,1,0.27838787527302417,0.09790068400841562,0.5700378671220162,blend_gbdt_clf_pl,pre,2026,2026_5,0.5248455507398981
1,1,0.310226154438664,0.0986411917510588,0.5700378671220162,blend_gbdt_clf_pl,pre,2026,2026_6,0.5248455507398981
2,0,0.26688689491559975,0.09501853443256375,0.543969706302387,blend_gbdt_clf_pl,pre,2026,2026_7,0.5248455507398981
2,0,0.18016494281518028,0.054287784866138174,0.7016765713029027,blend_gbdt_clf_pl,pre,2026,2026_8,0.5248455507398981
2,0,0.2478831732677291,0.08636813667156408,0.42996213287798374,blend_gbdt_clf_pl,pre,2026,2026_9,0.5248455507398981
3,1,0.09477697612335863,0.019655514854642585,1.0,blend_gbdt_pl,post,2021,2021_1,0.3875088691723635
2,0,0.28382149073438334,0.09485205762417609,0.5306652111662978,blend_gbdt_pl,post,2021,2021_10,0.3875088691723635
1,0,0.4602948866970163,0.13689516943453758,0.4104272643278517,blend_gbdt_pl,post,2021,2021_11,0.3875088691723635
2,0,0.2431330073463159,0.05763981208460437,0.7016765713029027,blend_gbdt_pl,post,2021,2021_12,0.3875088691723635
3,0,0.10145532793790538,0.021616445183911114,0.9410924754941495,blend_gbdt_pl,post,2021,2021_13,0.3875088691723635
1,0,0.4542019294974541,0.14070781584808045,0.35965385102969294,blend_gbdt_pl,post,2021,2021_14,0.3875088691723635
2,0,0.26633517810145685,0.09143407702487581,0.5008112441788239,blend_gbdt_pl,post,2021,2021_15,0.3875088691723635
2,0,0.25111065668310695,0.08198690439597434,0.6954461978888599,blend_gbdt_pl,post,2021,2021_16,0.3875088691723635
2,1,0.14972319584493296,0.04190302409542352,0.8289886398633951,blend_gbdt_pl,post,2021,2021_17,0.3875088691723635
2,1,0.14974840625897218,0.0459625157745447,0.8289886398633951,blend_gbdt_pl,post,2021,2021_18,0.3875088691723635
2,0,0.1839640549572109,0.05705234752097589,0.6262195749456675,blend_gbdt_pl,post,2021,2021_19,0.3875088691723635
2,0,0.22481774299131657,0.061845334047848366,0.7700811153575446,blend_gbdt_pl,post,2021,2021_2,0.3875088691723635
2,1,0.18885292282846639,0.055779926927832825,0.8289886398633951,blend_gbdt_pl,post,2021,2021_20,0.3875088691723635
3,1,0.09790240338872735,0.022352517863908076,1.0,blend_gbdt_pl,post,2021,2021_21,0.3875088691723635
2,0,0.19247470447538223,0.054884089666794034,0.7700811153575446,blend_gbdt_pl,post,2021,2021_22,0.3875088691723635
3,1,0.09018078793136008,0.01983624315573337,0.9910438099037578,blend_gbdt_pl,post,2021,2021_3,0.3875088691723635
3,1,0.08927561880960928,0.01868949554489619,1.0,blend_gbdt_pl,post,2021,2021_4,0.3875088691723635
1,1,0.32881627538304664,0.12037568934469085,0.5700378671220162,blend_gbdt_pl,post,2021,2021_5,0.3875088691723635
0,0,0.6262096573133509,0.19246286338365842,0.0,blend_gbdt_pl,post,2021,2021_6,0.3875088691723635
3,1,0.12596860562409856,0.033337414031905724,1.0,blend_gbdt_pl,post,2021,2021_7,0.3875088691723635
2,1,0.16679497935366827,0.050315549123004046,0.8289886398633951,blend_gbdt_pl,post,2021,2021_8,0.3875088691723635
1,1,0.26936518643970964,0.09804025824725407,0.5700378671220162,blend_gbdt_pl,post,2021,2021_9,0.3875088691723635
2,0,0.2662176862916087,0.08475486246115975,0.5008112441788239,blend_gbdt_pl,post,2022,2022_1,0.3875088691723635
1,0,0.3284500449890804,0.11830516175848657,0.35965385102969294,blend_gbdt_pl,post,2022,2022_10,0.3875088691723635
2,0,0.2373250090115615,0.07763897644625758,0.6954461978888599,blend_gbdt_pl,post,2022,2022_11,0.3875088691723635
1,0,0.3091308392598499,0.11523620178185963,0.2850189335610081,blend_gbdt_pl,post,2022,2022_12,0.3875088691723635
1,0,0.32102162400328677,0.11660271015603026,0.34202272027320973,blend_gbdt_pl,post,2022,2022_13,0.3875088691723635
3,1,0.10819495215577449,0.024472132642623587,0.9910438099037578,blend_gbdt_pl,post,2022,2022_14,0.3875088691723635
2,1,0.23322922321171155,0.08131733617865225,0.7410492272586211,blend_gbdt_pl,post,2022,2022_15,0.3875088691723635
3,1,0.09806430648032503,0.02131077999043426,1.0,blend_gbdt_pl,post,2022,2022_16,0.3875088691723635
1,0,0.2198345895360644,0.07766090549801485,0.4104272643278517,blend_gbdt_pl,post,2022,2022_17,0.3875088691723635
2,1,0.15354362697381424,0.04986124474797428,0.7410492272586211,blend_gbdt_pl,post,2022,2022_18,0.3875088691723635
2,1,0.22528698354950225,0.08106791520326359,0.7752514992859421,blend_gbdt_pl,post,2022,2022_19,0.3875088691723635
2,1,0.15413666436201576,0.04946983688963025,0.7752514992859421,blend_gbdt_pl,post,2022,2022_2,0.3875088691723635
2,1,0.1583171690355222,0.05016191299388423,0.7410492272586211,blend_gbdt_pl,post,2022,2022_20,0.3875088691723635
1,0,0.34624740013960886,0.1136722887646147,0.35965385102969294,blend_gbdt_pl,post,2022,2022_21,0.3875088691723635
3,1,0.12323636874418709,0.03269458609159949,0.9910438099037578,blend_gbdt_pl,post,2022,2022_22,0.3875088691723635
2,0,0.30478196646829503,0.0992906335232214,0.5648674831936188,blend_gbdt_pl,post,2022,2022_3,0.3875088691723635
2,1,0.29174520795976766,0.09889336434620381,0.7752514992859421,blend_gbdt_pl,post,2022,2022_4,0.3875088691723635
3,1,0.10032532807454946,0.025873215409783323,1.0,blend_gbdt_pl,post,2022,2022_5,0.3875088691723635
1,0,0.32903754595264056,0.11738070606304393,0.35965385102969294,blend_gbdt_pl,post,2022,2022_6,0.3875088691723635
2,0,0.17001209705634382,0.05596644605443968,0.5472363524371356,blend_gbdt_pl,post,2022,2022_7,0.3875088691723635
2,0,0.25996165493289064,0.08583112859593978,0.7700811153575446,blend_gbdt_pl,post,2022,2022_8,0.3875088691723635
2,1,0.1307058142993911,0.03987127122364652,0.8289886398633951,blend_gbdt_pl,post,2022,2022_9,0.3875088691723635
2,1,0.24195376537739585,0.07343106066559921,0.8289886398633951,blend_gbdt_pl,post,2023,2023_1,0.41804122835926455
1,1,0.23184540126802547,0.07712803581298802,0.5700378671220162,blend_gbdt_pl,post,2023,2023_10,0.41804122835926455
2,1,0.23821168880218702,0.08388716040805849,0.7752514992859421,blend_gbdt_pl,post,2023,2023_11,0.41804122835926455
2,1,0.17788361169320271,0.056184880898122645,0.7752514992859421,blend_gbdt_pl,post,2023,2023_12,0.41804122835926455
1,1,0.398194308258334,0.10374677447616495,0.5700378671220162,blend_gbdt_pl,post,2023,2023_13,0.41804122835926455
2,1,0.15500927419236227,0.046913221137977065,0.785830177739832,blend_gbdt_pl,post,2023,2023_14,0.41804122835926455
1,0,0.2881640024684916,0.10308907548368844,0.35965385102969294,blend_gbdt_pl,post,2023,2023_15,0.41804122835926455
2,1,0.21073757914632685,0.06983151364324523,0.8289886398633951,blend_gbdt_pl,post,2023,2023_16,0.41804122835926455
1,1,0.3852908641621744,0.12279873283976758,0.5700378671220162,blend_gbdt_pl,post,2023,2023_17,0.41804122835926455
1,1,0.21637059228314487,0.07240897872754284,0.5700378671220162,blend_gbdt_pl,post,2023,2023_18,0.41804122835926455
2,1,0.1862447167706703,0.0617337584327286,0.785830177739832,blend_gbdt_pl,post,2023,2023_19,0.41804122835926455
2,1,0.2249928602240799,0.07449864269892648,0.7410492272586211,blend_gbdt_pl,post,2023,2023_2,0.41804122835926455
1,1,0.2564334119247511,0.08614742259148775,0.5700378671220162,blend_gbdt_pl,post,2023,2023_20,0.41804122835926455
2,1,0.21142773305683332,0.06909412662101647,0.7752514992859421,blend_gbdt_pl,post,2023,2023_21,0.41804122835926455
3,1,0.16916915949955097,0.051792489128751194,1.0,blend_gbdt_pl,post,2023,2023_22,0.41804122835926455
2,1,0.23692422873989996,0.07933501131421533,0.7752514992859421,blend_gbdt_pl,post,2023,2023_3,0.41804122835926455
3,0,0.12154931856625864,0.03095678295555903,0.9112385085066755,blend_gbdt_pl,post,2023,2023_4,0.41804122835926455
3,0,0.14238952999704618,0.03841671414845197,0.9410924754941495,blend_gbdt_pl,post,2023,2023_5,0.41804122835926455
2,1,0.1888663577208245,0.05924651112486706,0.8289886398633951,blend_gbdt_pl,post,2023,2023_6,0.41804122835926455
2,1,0.24539933457956917,0.07908302868103437,0.7752514992859421,blend_gbdt_pl,post,2023,2023_7,0.41804122835926455
3,1,0.12362290453567819,0.03361415831791556,0.9910438099037578,blend_gbdt_pl,post,2023,2023_8,0.41804122835926455
2,1,0.23007558801823408,0.07135486270826266,0.8289886398633951,blend_gbdt_pl,post,2023,2023_9,0.41804122835926455
1,1,0.20994084438172328,0.07217178427337388,0.5700378671220162,blend_gbdt_pl,post,2024,2024_1,0.41804122835926455
2,1,0.15046840273802004,0.04259415475583532,0.8289886398633951,blend_gbdt_pl,post,2024,2024_10,0.41804122835926455
1,0,0.3786414221373563,0.13491030219031774,0.17101136013660487,blend_gbdt_pl,post,2024,2024_11,0.41804122835926455
2,0,0.17603769675640474,0.05739131186989653,0.6954461978888599,blend_gbdt_pl,post,2024,2024_12,0.41804122835926455
2,0,0.2872537519147114,0.09844453947167403,0.543969706302387,blend_gbdt_pl,post,2024,2024_13,0.41804122835926455
2,0,0.26023383926108373,0.09100940985911364,0.5306652111662978,blend_gbdt_pl,post,2024,2024_14,0.41804122835926455
2,0,0.18308736993975952,0.05496032779518075,0.7700811153575446,blend_gbdt_pl,post,2024,2024_15,0.41804122835926455
2,0,0.20326312724434592,0.06513166569358016,0.6009734930145886,blend_gbdt_pl,post,2024,2024_16,0.41804122835926455
2,0,0.2286403125672407,0.07535701753012568,0.7700811153575446,blend_gbdt_pl,post,2024,2024_17,0.41804122835926455
3,1,0.13646906522331229,0.03569356418710275,1.0,blend_gbdt_pl,post,2024,2024_18,0.41804122835926455
2,0,0.2723667454624157,0.09269618962797962,0.5008112441788239,blend_gbdt_pl,post,2024,2024_19,0.41804122835926455
3,1,0.12656026664521297,0.033518869818695105,1.0,blend_gbdt_pl,post,2024,2024_2,0.41804122835926455
2,0,0.1616214050845289,0.05124469220887127,0.6954461978888599,blend_gbdt_pl,post,2024,2024_20,0.41804122835926455
0,0,0.7978506093926178,0.20117524732416364,0.0,blend_gbdt_pl,post,2024,2024_21,0.41804122835926455
1,0,0.3004624515740429,0.10515675167136633,0.21579231061781579,blend_gbdt_pl,post,2024,2024_22,0.41804122835926455
1,1,0.2480831764205213,0.08475523128513729,0.5700378671220162,blend_gbdt_pl,post,2024,2024_23,0.41804122835926455
1,1,0.2825840931454866,0.09940623731856109,0.5700378671220162,blend_gbdt_pl,post,2024,2024_24,0.41804122835926455
1,0,0.41873717679399763,0.12785536436821177,0.35965385102969294,blend_gbdt_pl,post,2024,2024_3,0.41804122835926455
3,1,0.1300023118200088,0.03490817557253703,1.0,blend_gbdt_pl,post,2024,2024_4,0.41804122835926455
2,1,0.15658116024365692,0.04575880513281495,0.785830177739832,blend_gbdt_pl,post,2024,2024_5,0.41804122835926455
2,0,0.20000339614856766,0.06684819885646667,0.5814386244644566,blend_gbdt_pl,post,2024,2024_6,0.41804122835926455
2,1,0.15767026771571757,0.048484009890605015,0.7752514992859421,blend_gbdt_pl,post,2024,2024_7,0.41804122835926455
2,1,0.2124904439953777,0.07160701451669035,0.7752514992859421,blend_gbdt_pl,post,2024,2024_8,0.41804122835926455
3,1,0.12449580474698252,0.03088542383799453,1.0,blend_gbdt_pl,post,2024,2024_9,0.41804122835926455
2,1,0.17793852624372747,0.05952596617729444,0.7752514992859421,blend_gbdt_pl,post,2025,2025_1,0.41804122835926455
2,0,0.21939801876334744,0.07444906210853708,0.5648674831936188,blend_gbdt_pl,post,2025,2025_10,0.41804122835926455
3,1,0.0972838281766541,0.022347057233603793,1.0,blend_gbdt_pl,post,2025,2025_11,0.41804122835926455
2,0,0.45112976764728385,0.08738007368524901,0.7700811153575446,blend_gbdt_pl,post,2025,2025_12,0.41804122835926455
2,0,0.11095603562248386,0.03375368988128575,0.7700811153575446,blend_gbdt_pl,post,2025,2025_13,0.41804122835926455
2,0,0.13931345883481788,0.046810701863148514,0.7700811153575446,blend_gbdt_pl,post,2025,2025_14,0.41804122835926455
2,1,0.3103970898194338,0.10230855455676549,0.7752514992859421,blend_gbdt_pl,post,2025,2025_15,0.41804122835926455
3,0,0.07933517634500235,0.01587957621739416,0.9112385085066755,blend_gbdt_pl,post,2025,2025_16,0.41804122835926455
1,1,0.32566639704341394,0.11346582398012499,0.5700378671220162,blend_gbdt_pl,post,2025,2025_17,0.41804122835926455
2,0,0.15530697454897985,0.048579298479566886,0.7700811153575446,blend_gbdt_pl,post,2025,2025_18,0.41804122835926455
2,1,0.16247876126794317,0.051472429567145095,0.8289886398633951,blend_gbdt_pl,post,2025,2025_19,0.41804122835926455
3,1,0.13238090274032124,0.036721653826122774,1.0,blend_gbdt_pl,post,2025,2025_2,0.41804122835926455
3,1,0.1614592391129858,0.049540949385955296,1.0,blend_gbdt_pl,post,2025,2025_20,0.41804122835926455
1,1,0.29513962675785216,0.10562901067833079,0.5700378671220162,blend_gbdt_pl,post,2025,2025_21,0.41804122835926455
1,0,0.4704519488784714,0.1307122770846074,0.35965385102969294,blend_gbdt_pl,post,2025,2025_22,0.41804122835926455
2,0,0.3302804479153388,0.098745375096342,0.543969706302387,blend_gbdt_pl,post,2025,2025_23,0.41804122835926455
3,1,0.08166391262769276,0.018517621461192707,0.9910438099037578,blend_gbdt_pl,post,2025,2025_24,0.41804122835926455
3,0,0.0998780756412413,0.022656656364234806,0.9410924754941495,blend_gbdt_pl,post,2025,2025_3,0.41804122835926455
3,1,0.15377489834779265,0.04557268891006623,1.0,blend_gbdt_pl,post,2025,2025_4,0.41804122835926455
2,0,0.16173408733328226,0.049573803610654485,0.7700811153575446,blend_gbdt_pl,post,2025,2025_5,0.41804122835926455
2,0,0.21891319679509444,0.07401692762364653,0.5648674831936188,blend_gbdt_pl,post,2025,2025_6,0.41804122835926455
2,0,0.13979436770639625,0.044852238646789874,0.7016765713029027,blend_gbdt_pl,post,2025,2025_7,0.41804122835926455
3,1,0.09845027304667149,0.02380880387072943,0.9910438099037578,blend_gbdt_pl,post,2025,2025_8,0.41804122835926455
2,1,0.20569070908251524,0.06845113846846006,0.8289886398633951,blend_gbdt_pl,post,2025,2025_9,0.41804122835926455
2,1,0.19525936848897138,0.06513546875796059,0.7752514992859421,blend_gbdt_pl,post,2026,2026_1,0.41804122835926455
2,1,0.15398733354407998,0.04661924214690307,0.785830177739832,blend_gbdt_pl,post,2026,2026_10,0.41804122835926455
2,1,0.21348534142234288,0.07309426255949246,0.7410492272586211,blend_gbdt_pl,post,2026,2026_11,0.41804122835926455
3,1,0.14802318678843307,0.04208974715793221,0.9910438099037578,blend_gbdt_pl,post,2026,2026_12,0.41804122835926455
1,0,0.2521868478961076,0.08641852973249503,0.4104272643278517,blend_gbdt_pl,post,2026,2026_13,0.41804122835926455
3,1,0.13472078170902219,0.036947552994156245,0.9910438099037578,blend_gbdt_pl,post,2026,2026_14,0.41804122835926455
1,1,0.25363250399567555,0.08703956941449675,0.5700378671220162,blend_gbdt_pl,post,2026,2026_15,0.41804122835926455
2,0,0.14364284791271184,0.04197434254789073,0.7700811153575446,blend_gbdt_pl,post,2026,2026_2,0.41804122835926455
2,1,0.19229364859082854,0.0659543368512301,0.7410492272586211,blend_gbdt_pl,post,2026,2026_3,0.41804122835926455
1,1,0.2460255564835464,0.08647914703671888,0.5700378671220162,blend_gbdt_pl,post,2026,2026_4,0.41804122835926455
1,0,0.29884389011574974,0.10797726156941824,0.35965385102969294,blend_gbdt_pl,post,2026,2026_5,0.41804122835926455
2,1,0.24632982876325754,0.07923809568152164,0.7752514992859421,blend_gbdt_pl,post,2026,2026_6,0.41804122835926455
2,0,0.18357379715349698,0.06064944827738812,0.543969706302387,blend_gbdt_pl,post,2026,2026_7,0.41804122835926455
2,1,0.19004165181450527,0.061052288469362975,0.785830177739832,blend_gbdt_pl,post,2026,2026_8,0.41804122835926455
2,0,0.2419578425154671,0.08145570747411006,0.5648674831936188,blend_gbdt_pl,post,2026,2026_9,0.41804122835926455
3,1,0.13447326406187848,0.034929516914768324,0.9910438099037578,blend_gbdt_pl,pre,2021,2021_1,0.4865125544090533
1,0,0.31490254484295604,0.10834148903481951,0.35965385102969294,blend_gbdt_pl,pre,2021,2021_10,0.4865125544090533
1,0,0.42521935427119306,0.13076201651980696,0.2589507727413789,blend_gbdt_pl,pre,2021,2021_11,0.4865125544090533
2,0,0.35717811526169796,0.06935144401894272,0.7016765713029027,blend_gbdt_pl,pre,2021,2021_12,0.4865125544090533
3,1,0.14286091797897366,0.034097929102869226,1.0,blend_gbdt_pl,pre,2021,2021_13,0.4865125544090533
1,0,0.41708590293141407,0.14411622353873516,0.17101136013660487,blend_gbdt_pl,pre,2021,2021_14,0.4865125544090533
2,1,0.21254291907060024,0.060561190435526005,0.8289886398633951,blend_gbdt_pl,pre,2021,2021_15,0.4865125544090533
2,0,0.3130294292001808,0.10309812024272705,0.543969706302387,blend_gbdt_pl,pre,2021,2021_16,0.4865125544090533
2,0,0.18965117516352503,0.05367503645526354,0.7700811153575446,blend_gbdt_pl,pre,2021,2021_17,0.4865125544090533
2,1,0.17143253202855052,0.04831665150186291,0.8289886398633951,blend_gbdt_pl,pre,2021,2021_18,0.4865125544090533
3,0,0.16227876196529123,0.04437382729403551,0.9410924754941495,blend_gbdt_pl,pre,2021,2021_19,0.4865125544090533
2,0,0.2501568345001934,0.07477423527183708,0.6954461978888599,blend_gbdt_pl,pre,2021,2021_2,0.4865125544090533
2,1,0.2676131136321075,0.06846949705563612,0.8289886398633951,blend_gbdt_pl,pre,2021,2021_20,0.4865125544090533
3,1,0.1459495268418504,0.0361326768273262,1.0,blend_gbdt_pl,pre,2021,2021_21,0.4865125544090533
2,0,0.21619135444818913,0.06270305964706793,0.7700811153575446,blend_gbdt_pl,pre,2021,2021_22,0.4865125544090533
3,1,0.1239785510816758,0.029015638075918598,1.0,blend_gbdt_pl,pre,2021,2021_3,0.4865125544090533
3,1,0.12127229354885793,0.02869253941488527,1.0,blend_gbdt_pl,pre,2021,2021_4,0.4865125544090533
1,0,0.4266175110570076,0.14233449987185548,0.35965385102969294,blend_gbdt_pl,pre,2021,2021_5,0.4865125544090533
0,0,0.5989683485355927,0.1922575818013731,0.0,blend_gbdt_pl,pre,2021,2021_6,0.4865125544090533
3,1,0.16878929126864267,0.04560599285021501,1.0,blend_gbdt_pl,pre,2021,2021_7,0.4865125544090533
2,1,0.18253019847471108,0.05374556630017567,0.8289886398633951,blend_gbdt_pl,pre,2021,2021_8,0.4865125544090533
1,1,0.27740861891963375,0.09470013710953559,0.5700378671220162,blend_gbdt_pl,pre,2021,2021_9,0.4865125544090533
1,0,0.3600803629346866,0.12082590331511227,0.34202272027320973,blend_gbdt_pl,pre,2022,2022_1,0.4865125544090533
2,0,0.26054428189430234,0.09110068815717741,0.5648674831936188,blend_gbdt_pl,pre,2022,2022_10,0.4865125544090533
1,0,0.24648344955073537,0.08712848028755085,0.4104272643278517,blend_gbdt_pl,pre,2022,2022_11,0.4865125544090533
0,0,0.3121038161044921,0.11640416757117085,0.0,blend_gbdt_pl,pre,2022,2022_12,0.4865125544090533
0,0,0.29728630453148736,0.11022940728492583,0.0,blend_gbdt_pl,pre,2022,2022_13,0.4865125544090533
3,1,0.17658921962121313,0.0538091814852538,0.9910438099037578,blend_gbdt_pl,pre,2022,2022_14,0.4865125544090533
1,1,0.2534782517928044,0.08828513093886607,0.5700378671220162,blend_gbdt_pl,pre,2022,2022_15,0.4865125544090533
2,1,0.19146802905914403,0.06093771911933914,0.8289886398633951,blend_gbdt_pl,pre,2022,2022_16,0.4865125544090533
1,0,0.31951288091228525,0.1138898686270405,0.2589507727413789,blend_gbdt_pl,pre,2022,2022_17,0.4865125544090533
3,1,0.14868324064849575,0.04276974566356436,0.9910438099037578,blend_gbdt_pl,pre,2022,2022_18,0.4865125544090533
1,1,0.2293930549481454,0.07927517123726942,0.5700378671220162,blend_gbdt_pl,pre,2022,2022_19,0.4865125544090533
2,1,0.17561839916764727,0.05537268254169917,0.7752514992859421,blend_gbdt_pl,pre,2022,2022_2,0.4865125544090533
2,1,0.18177935544162657,0.056754185079032474,0.785830177739832,blend_gbdt_pl,pre,2022,2022_20,0.4865125544090533
0,0,0.356946349014768,0.13286850201640682,0.0,blend_gbdt_pl,pre,2022,2022_21,0.4865125544090533
2,1,0.1769558504771337,0.05391436652602656,0.8289886398633951,blend_gbdt_pl,pre,2022,2022_22,0.4865125544090533
1,0,0.3192824621020491,0.11296938562664742,0.35965385102969294,blend_gbdt_pl,pre,2022,2022_3,0.4865125544090533
2,1,0.3319945640249454,0.10287718809535792,0.7752514992859421,blend_gbdt_pl,pre,2022,2022_4,0.4865125544090533
2,1,0.148889966279884,0.04545223623185354,0.8289886398633951,blend_gbdt_pl,pre,2022,2022_5,0.4865125544090533
1,1,0.2955862563784464,0.10201260546332067,0.5700378671220162,blend_gbdt_pl,pre,2022,2022_6,0.4865125544090533
2,0,0.1769558611503984,0.057440706665733844,0.6270416538342178,blend_gbdt_pl,pre,2022,2022_7,0.4865125544090533
2,1,0.2303036650323349,0.07617874937233,0.8289886398633951,blend_gbdt_pl,pre,2022,2022_8,0.4865125544090533
1,1,0.2520320184924334,0.08797123334191963,0.5700378671220162,blend_gbdt_pl,pre,2022,2022_9,0.4865125544090533
1,1,0.3430363716120561,0.09225270314975328,0.5700378671220162,blend_gbdt_pl,pre,2023,2023_1,0.4865125544090533
2,1,0.32285531924565747,0.09128639486134967,0.785830177739832,blend_gbdt_pl,pre,2023,2023_10,0.4865125544090533
2,1,0.29452216810956233,0.08906283069202905,0.7410492272586211,blend_gbdt_pl,pre,2023,2023_11,0.4865125544090533
2,1,0.2348199750414647,0.07719671285269183,0.7752514992859421,blend_gbdt_pl,pre,2023,2023_12,0.4865125544090533
1,1,0.3528785127994466,0.09969162914621389,0.5700378671220162,blend_gbdt_pl,pre,2023,2023_13,0.4865125544090533
2,1,0.2027167663981874,0.06325673741204413,0.8289886398633951,blend_gbdt_pl,pre,2023,2023_14,0.4865125544090533
1,0,0.44770518922820723,0.14730281926937663,0.17101136013660487,blend_gbdt_pl,pre,2023,2023_15,0.4865125544090533
1,1,0.3690129428763541,0.11136993546870719,0.5700378671220162,blend_gbdt_pl,pre,2023,2023_16,0.4865125544090533
1,1,0.34772557984559166,0.10789640233009117,0.5700378671220162,blend_gbdt_pl,pre,2023,2023_17,0.4865125544090533
1,1,0.24528608910026767,0.07901018491421778,0.5700378671220162,blend_gbdt_pl,pre,2023,2023_18,0.4865125544090533
1,1,0.219798674862345,0.07104359435054286,0.5700378671220162,blend_gbdt_pl,pre,2023,2023_19,0.4865125544090533
2,0,0.2520878190274707,0.07500962485800308,0.7700811153575446,blend_gbdt_pl,pre,2023,2023_2,0.4865125544090533
1,1,0.34582168292984294,0.10738614026169283,0.5700378671220162,blend_gbdt_pl,pre,2023,2023_20,0.4865125544090533
1,1,0.21307265772173828,0.06887503453343477,0.5700378671220162,blend_gbdt_pl,pre,2023,2023_21,0.4865125544090533
2,1,0.19505993687684597,0.062141896146127897,0.8289886398633951,blend_gbdt_pl,pre,2023,2023_22,0.4865125544090533
1,0,0.31920561791274293,0.11150033482811494,0.35965385102969294,blend_gbdt_pl,pre,2023,2023_3,0.4865125544090533
1,0,0.2439672907095592,0.0814184237473287,0.4104272643278517,blend_gbdt_pl,pre,2023,2023_4,0.4865125544090533
2,1,0.20301873487313116,0.06278842407802379,0.8289886398633951,blend_gbdt_pl,pre,2023,2023_5,0.4865125544090533
1,1,0.34648024897010066,0.10423828053959845,0.5700378671220162,blend_gbdt_pl,pre,2023,2023_6,0.4865125544090533
2,1,0.21654169591202338,0.0690669640970024,0.8289886398633951,blend_gbdt_pl,pre,2023,2023_7,0.4865125544090533
2,1,0.21053996095264674,0.06609997564529746,0.785830177739832,blend_gbdt_pl,pre,2023,2023_8,0.4865125544090533
2,1,0.22469899354556694,0.07281408496463856,0.7410492272586211,blend_gbdt_pl,pre,2023,2023_9,0.4865125544090533
2,1,0.1780340486795268,0.052739675825469026,0.8289886398633951,blend_gbdt_pl,pre,2024,2024_1,0.5248455507398981
2,1,0.2295027949547296,0.07093981524288255,0.8289886398633951,blend_gbdt_pl,pre,2024,2024_10,0.5248455507398981
0,0,0.3586394487050294,0.13174061489465977,0.0,blend_gbdt_pl,pre,2024,2024_11,0.5248455507398981
1,0,0.23512071609742194,0.07606980042506876,0.4104272643278517,blend_gbdt_pl,pre,2024,2024_12,0.5248455507398981
1,0,0.3283030894610174,0.11839828924524828,0.2589507727413789,blend_gbdt_pl,pre,2024,2024_13,0.5248455507398981
1,0,0.30227878147608667,0.10821896635727705,0.20521363216392585,blend_gbdt_pl,pre,2024,2024_14,0.5248455507398981
2,0,0.20932479498702988,0.06524171018832221,0.7700811153575446,blend_gbdt_pl,pre,2024,2024_15,0.5248455507398981
2,0,0.2563847917130982,0.08799057663889367,0.42996213287798374,blend_gbdt_pl,pre,2024,2024_16,0.5248455507398981
1,1,0.27226295311547083,0.09435740542919976,0.5700378671220162,blend_gbdt_pl,pre,2024,2024_17,0.5248455507398981
3,0,0.16667289942078503,0.045467559766121386,0.9068902034668286,blend_gbdt_pl,pre,2024,2024_18,0.5248455507398981
1,0,0.3108307138632327,0.11290875508054303,0.17101136013660487,blend_gbdt_pl,pre,2024,2024_19,0.5248455507398981
3,1,0.14635312845609996,0.038142643588413835,1.0,blend_gbdt_pl,pre,2024,2024_2,0.5248455507398981
2,0,0.2372882153637091,0.07994100236059394,0.5814386244644566,blend_gbdt_pl,pre,2024,2024_20,0.5248455507398981
1,1,0.661797752315886,0.15143895812145677,0.5700378671220162,blend_gbdt_pl,pre,2024,2024_21,0.5248455507398981
0,0,0.41891440636981886,0.15822289524670197,0.0,blend_gbdt_pl,pre,2024,2024_22,0.5248455507398981
2,0,0.2369261295247115,0.07810341266062677,0.7700811153575446,blend_gbdt_pl,pre,2024,2024_23,0.5248455507398981
2,0,0.2536277560314687,0.08790576176261831,0.5008112441788239,blend_gbdt_pl,pre,2024,2024_24,0.5248455507398981
1,0,0.4006739009077316,0.1398703198800483,0.20521363216392585,blend_gbdt_pl,pre,2024,2024_3,0.5248455507398981
3,1,0.16515581779152166,0.04695288485826347,0.9910438099037578,blend_gbdt_pl,pre,2024,2024_4,0.5248455507398981
2,1,0.20301019264695253,0.06297314924682482,0.785830177739832,blend_gbdt_pl,pre,2024,2024_5,0.5248455507398981
2,0,0.20680686107513813,0.0652959904288791,0.5814386244644566,blend_gbdt_pl,pre,2024,2024_6,0.5248455507398981
1,1,0.2240011799647316,0.07504044882736975,0.5700378671220162,blend_gbdt_pl,pre,2024,2024_7,0.5248455507398981
0,0,0.3326053952350827,0.12142090656717959,0.0,blend_gbdt_pl,pre,2024,2024_8,0.5248455507398981
2,1,0.2464306281608367,0.07801131526980476,0.8289886398633951,blend_gbdt_pl,pre,2024,2024_9,0.5248455507398981
2,0,0.2022704022780069,0.0634039178185889,0.7700811153575446,blend_gbdt_pl,pre,2025,2025_1,0.5248455507398981
1,0,0.3826864158501901,0.13965595909437684,0.20521363216392585,blend_gbdt_pl,pre,2025,2025_10,0.5248455507398981
2,0,0.18586435289082687,0.0580176331565299,0.7700811153575446,blend_gbdt_pl,pre,2025,2025_11,0.5248455507398981
2,0,0.34353245564225593,0.069504619900807,0.7700811153575446,blend_gbdt_pl,pre,2025,2025_12,0.5248455507398981
2,0,0.1704510731475774,0.05048018729504319,0.7700811153575446,blend_gbdt_pl,pre,2025,2025_13,0.5248455507398981
2,0,0.15100451987342048,0.04319501492396637,0.7700811153575446,blend_gbdt_pl,pre,2025,2025_14,0.5248455507398981
1,0,0.42939236536483094,0.12287570637500658,0.35965385102969294,blend_gbdt_pl,pre,2025,2025_15,0.5248455507398981
2,0,0.12958254611633932,0.03737716670647656,0.6262195749456675,blend_gbdt_pl,pre,2025,2025_16,0.5248455507398981
1,0,0.5505499895379617,0.1703208057830836,0.2850189335610081,blend_gbdt_pl,pre,2025,2025_17,0.5248455507398981
2,0,0.2018787920638509,0.06696265735357596,0.42100594278174164,blend_gbdt_pl,pre,2025,2025_18,0.5248455507398981
2,0,0.25413182807961315,0.08718999510974153,0.543969706302387,blend_gbdt_pl,pre,2025,2025_19,0.5248455507398981
2,0,0.15091102100797796,0.04340809488054007,0.7700811153575446,blend_gbdt_pl,pre,2025,2025_2,0.5248455507398981
2,0,0.23209483852656806,0.07825141862926602,0.5008112441788239,blend_gbdt_pl,pre,2025,2025_20,0.5248455507398981
2,1,0.24748964598549575,0.0771607300472516,0.785830177739832,blend_gbdt_pl,pre,2025,2025_21,0.5248455507398981
1,0,0.3263456970588493,0.11977140482685486,0.2850189335610081,blend_gbdt_pl,pre,2025,2025_22,0.5248455507398981
2,0,0.3813196876148285,0.11349978479256354,0.5648674831936188,blend_gbdt_pl,pre,2025,2025_23,0.5248455507398981
3,1,0.1140395293662406,0.026869191706103496,0.9910438099037578,blend_gbdt_pl,pre,2025,2025_24,0.5248455507398981
2,0,0.15323196220376606,0.04450076460258995,0.6262195749456675,blend_gbdt_pl,pre,2025,2025_3,0.5248455507398981
3,1,0.15409161426751705,0.04235708686111219,0.9910438099037578,blend_gbdt_pl,pre,2025,2025_4,0.5248455507398981
1,1,0.2122487731386144,0.07059536703321734,0.5700378671220162,blend_gbdt_pl,pre,2025,2025_5,0.5248455507398981
3,1,0.17354559429451227,0.052103096463922825,0.9910438099037578,blend_gbdt_pl,pre,2025,2025_6,0.5248455507398981
2,0,0.1948316377465088,0.06079582721444302,0.7016765713029027,blend_gbdt_pl,pre,2025,2025_7,0.5248455507398981
2,0,0.21811890139187867,0.07066724875687039,0.6270416538342178,blend_gbdt_pl,pre,2025,2025_8,0.5248455507398981
2,1,0.19063003186448216,0.05895529689407572,0.8289886398633951,blend_gbdt_pl,pre,2025,2025_9,0.5248455507398981
0,0,0.4152124737717159,0.1565741350378216,0.0,blend_gbdt_pl,pre,2026,2026_1,0.5248455507398981
2,1,0.21999792188215103,0.07259956257078669,0.7752514992859421,blend_gbdt_pl,pre,2026,2026_10,0.5248455507398981
1,0,0.22525847970639423,0.0744076639490112,0.34202272027320973,blend_gbdt_pl,pre,2026,2026_11,0.5248455507398981
1,0,0.20840398916529193,0.06801503864649489,0.4104272643278517,blend_gbdt_pl,pre,2026,2026_12,0.5248455507398981
2,1,0.22242003462929835,0.07394569145963684,0.7752514992859421,blend_gbdt_pl,pre,2026,2026_13,0.5248455507398981
2,1,0.21018734184207027,0.06873818550946038,0.7410492272586211,blend_gbdt_pl,pre,2026,2026_14,0.5248455507398981
1,0,0.32805759958588543,0.1153251130190153,0.2850189335610081,blend_gbdt_pl,pre,2026,2026_15,0.5248455507398981
2,0,0.224840791700857,0.07062212819397036,0.7700811153575446,blend_gbdt_pl,pre,2026,2026_2,0.5248455507398981
2,0,0.23759488326215997,0.08165295420477216,0.5306652111662978,blend_gbdt_pl,pre,2026,2026_3,0.5248455507398981
2,1,0.21341928429636267,0.07207732450524715,0.7410492272586211,blend_gbdt_pl,pre,2026,2026_4,0.5248455507398981
1,1,0.2688434122427582,0.09429091256247335,0.5700378671220162,blend_gbdt_pl,pre,2026,2026_5,0.5248455507398981
1,1,0.30406392347196537,0.09586254339339728,0.5700378671220162,blend_gbdt_pl,pre,2026,2026_6,0.5248455507398981
2,0,0.2779962436764643,0.09947663463007149,0.543969706302387,blend_gbdt_pl,pre,2026,2026_7,0.5248455507398981
2,0,0.18010557916529024,0.0543339845021382,0.7016765713029027,blend_gbdt_pl,pre,2026,2026_8,0.5248455507398981
2,0,0.24717455151914425,0.08611288259611687,0.42996213287798374,blend_gbdt_pl,pre,2026,2026_9,0.5248455507398981
3,1,0.08984036299540518,0.018820048806969296,1.0,blend_gbdt_pl_nn,post,2021,2021_1,0.3875088691723635
2,0,0.2873301491604024,0.09714563462490654,0.5306652111662978,blend_gbdt_pl_nn,post,2021,2021_10,0.3875088691723635
1,0,0.445879100946854,0.13579584698193412,0.4104272643278517,blend_gbdt_pl_nn,post,2021,2021_11,0.3875088691723635
2,0,0.2568981606610071,0.06030454121721853,0.7016765713029027,blend_gbdt_pl_nn,post,2021,2021_12,0.3875088691723635
3,0,0.1393865057738389,0.03723549202057118,0.9410924754941495,blend_gbdt_pl_nn,post,2021,2021_13,0.3875088691723635
2,0,0.42119163869829396,0.12556778525668774,0.5648674831936188,blend_gbdt_pl_nn,post,2021,2021_14,0.3875088691723635
1,0,0.3225160394109118,0.11311209910098537,0.21579231061781579,blend_gbdt_pl_nn,post,2021,2021_15,0.3875088691723635
2,0,0.27849963206049955,0.09283794235480655,0.6954461978888599,blend_gbdt_pl_nn,post,2021,2021_16,0.3875088691723635
2,1,0.15893801484920006,0.04462505056693209,0.8289886398633951,blend_gbdt_pl_nn,post,2021,2021_17,0.3875088691723635
2,1,0.16026970932324436,0.048908967015190034,0.8289886398633951,blend_gbdt_pl_nn,post,2021,2021_18,0.3875088691723635
3,0,0.17863565509367227,0.05322920333132638,0.9112385085066755,blend_gbdt_pl_nn,post,2021,2021_19,0.3875088691723635
2,0,0.23250638819884548,0.06432644993910538,0.7700811153575446,blend_gbdt_pl_nn,post,2021,2021_2,0.3875088691723635
2,1,0.19244335241921368,0.05674499216727904,0.8289886398633951,blend_gbdt_pl_nn,post,2021,2021_20,0.3875088691723635
3,1,0.08889954784717526,0.01921456349075001,1.0,blend_gbdt_pl_nn,post,2021,2021_21,0.3875088691723635
2,0,0.18814454177197254,0.05355926232751834,0.7700811153575446,blend_gbdt_pl_nn,post,2021,2021_22,0.3875088691723635
3,1,0.10694618315043432,0.0246893975167041,0.9910438099037578,blend_gbdt_pl_nn,post,2021,2021_3,0.3875088691723635
3,1,0.0993010512267963,0.022538539745409928,1.0,blend_gbdt_pl_nn,post,2021,2021_4,0.3875088691723635
1,0,0.3463695584889107,0.12795729097324982,0.35965385102969294,blend_gbdt_pl_nn,post,2021,2021_5,0.3875088691723635
0,0,0.6325365623462448,0.19532910105512438,0.0,blend_gbdt_pl_nn,post,2021,2021_6,0.3875088691723635
2,1,0.14553325604888334,0.03962130920525481,0.8289886398633951,blend_gbdt_pl_nn,post,2021,2021_7,0.3875088691723635
2,1,0.16729268236966371,0.05045868223173403,0.8289886398633951,blend_gbdt_pl_nn,post,2021,2021_8,0.3875088691723635
1,1,0.27020900427713873,0.09849049545675273,0.5700378671220162,blend_gbdt_pl_nn,post,2021,2021_9,0.3875088691723635
2,0,0.28235575520523604,0.0849680269628405,0.5008112441788239,blend_gbdt_pl_nn,post,2022,2022_1,0.3875088691723635
1,0,0.35642445840638176,0.12385602053574803,0.35965385102969294,blend_gbdt_pl_nn,post,2022,2022_10,0.3875088691723635
2,0,0.22153806214038144,0.07255775201514675,0.7700811153575446,blend_gbdt_pl_nn,post,2022,2022_11,0.3875088691723635
1,0,0.32356188031564165,0.12055858489063713,0.2850189335610081,blend_gbdt_pl_nn,post,2022,2022_12,0.3875088691723635
1,0,0.3750556519863511,0.13439356529760146,0.21579231061781579,blend_gbdt_pl_nn,post,2022,2022_13,0.3875088691723635
3,1,0.1296238647446101,0.03317103626209422,0.9910438099037578,blend_gbdt_pl_nn,post,2022,2022_14,0.3875088691723635
2,1,0.22017490425239555,0.07558393977756558,0.7410492272586211,blend_gbdt_pl_nn,post,2022,2022_15,0.3875088691723635
3,1,0.1115947524062035,0.02562192078676629,1.0,blend_gbdt_pl_nn,post,2022,2022_16,0.3875088691723635
1,0,0.23885428617872884,0.08630875822560205,0.2850189335610081,blend_gbdt_pl_nn,post,2022,2022_17,0.3875088691723635
2,1,0.1414838432138693,0.04531552297945443,0.7410492272586211,blend_gbdt_pl_nn,post,2022,2022_18,0.3875088691723635
1,1,0.2319722446593481,0.08328350511830822,0.5700378671220162,blend_gbdt_pl_nn,post,2022,2022_19,0.3875088691723635
2,1,0.17062183939283848,0.05709529387581552,0.7752514992859421,blend_gbdt_pl_nn,post,2022,2022_2,0.3875088691723635
2,1,0.15996436940167957,0.05092299737766988,0.785830177739832,blend_gbdt_pl_nn,post,2022,2022_20,0.3875088691723635
1,0,0.3451637541912385,0.11365622952816704,0.35965385102969294,blend_gbdt_pl_nn,post,2022,2022_21,0.3875088691723635
3,1,0.12942123219736484,0.03479122343330588,0.9910438099037578,blend_gbdt_pl_nn,post,2022,2022_22,0.3875088691723635
2,1,0.28802098581446733,0.09710895836370766,0.7752514992859421,blend_gbdt_pl_nn,post,2022,2022_3,0.3875088691723635
1,1,0.27832046827847884,0.09795646474648602,0.5700378671220162,blend_gbdt_pl_nn,post,2022,2022_4,0.3875088691723635
3,0,0.09858130159061189,0.023859302171400653,0.9410924754941495,blend_gbdt_pl_nn,post,2022,2022_5,0.3875088691723635
2,0,0.3115146009593982,0.10463470427890517,0.5306652111662978,blend_gbdt_pl_nn,post,2022,2022_6,0.3875088691723635
2,0,0.198624604883823,0.06617183094182037,0.42100594278174164,blend_gbdt_pl_nn,post,2022,2022_7,0.3875088691723635
2,0,0.2336340433151484,0.08110988889812148,0.5648674831936188,blend_gbdt_pl_nn,post,2022,2022_8,0.3875088691723635
2,1,0.13357405275881637,0.03911274787086956,0.8289886398633951,blend_gbdt_pl_nn,post,2022,2022_9,0.3875088691723635
2,1,0.2255286132486844,0.06754882185955481,0.8289886398633951,blend_gbdt_pl_nn,post,2023,2023_1,0.41804122835926455
1,1,0.23052979227730952,0.07602400043027341,0.5700378671220162,blend_gbdt_pl_nn,post,2023,2023_10,0.41804122835926455
2,1,0.21666555537181606,0.07508997043616586,0.7410492272586211,blend_gbdt_pl_nn,post,2023,2023_11,0.41804122835926455
2,1,0.16280596514353965,0.050672031363658845,0.7752514992859421,blend_gbdt_pl_nn,post,2023,2023_12,0.41804122835926455
1,1,0.3755419268653621,0.10082344312478682,0.5700378671220162,blend_gbdt_pl_nn,post,2023,2023_13,0.41804122835926455
2,1,0.1489027474651163,0.04453138163664898,0.785830177739832,blend_gbdt_pl_nn,post,2023,2023_14,0.41804122835926455
2,0,0.2922453349491281,0.1033503317068823,0.5306652111662978,blend_gbdt_pl_nn,post,2023,2023_15,0.41804122835926455
1,1,0.2267700467608101,0.0759458792526714,0.5700378671220162,blend_gbdt_pl_nn,post,2023,2023_16,0.41804122835926455
1,1,0.39197651469810535,0.12320589541356024,0.5700378671220162,blend_gbdt_pl_nn,post,2023,2023_17,0.41804122835926455
1,1,0.21767562056084153,0.07257081351783672,0.5700378671220162,blend_gbdt_pl_nn,post,2023,2023_18,0.41804122835926455
2,1,0.19890979713553136,0.06559394345238653,0.7410492272586211,blend_gbdt_pl_nn,post,2023,2023_19,0.41804122835926455
2,1,0.22212701807433546,0.07300151177362854,0.7410492272586211,blend_gbdt_pl_nn,post,2023,2023_2,0.41804122835926455
1,1,0.26471869667309095,0.08877068768363357,0.5700378671220162,blend_gbdt_pl_nn,post,2023,2023_20,0.41804122835926455
2,1,0.1930206486453668,0.059757929123377865,0.8289886398633951,blend_gbdt_pl_nn,post,2023,2023_21,0.41804122835926455
3,1,0.18540705077574812,0.05797506556253714,1.0,blend_gbdt_pl_nn,post,2023,2023_22,0.41804122835926455
2,1,0.2318854441877581,0.07671484960395694,0.7752514992859421,blend_gbdt_pl_nn,post,2023,2023_3,0.41804122835926455
3,0,0.09716162778849478,0.02129287181158476,0.9112385085066755,blend_gbdt_pl_nn,post,2023,2023_4,0.41804122835926455
3,0,0.11857502716212362,0.02886838082268676,0.9112385085066755,blend_gbdt_pl_nn,post,2023,2023_5,0.41804122835926455
2,1,0.16923203818869564,0.052443754358847516,0.8289886398633951,blend_gbdt_pl_nn,post,2023,2023_6,0.41804122835926455
2,1,0.26724020804364707,0.08678795387201033,0.7752514992859421,blend_gbdt_pl_nn,post,2023,2023_7,0.41804122835926455
3,1,0.11502462433845935,0.03039621539439531,0.9910438099037578,blend_gbdt_pl_nn,post,2023,2023_8,0.41804122835926455
2,1,0.21208456512657223,0.06608670492279523,0.8289886398633951,blend_gbdt_pl_nn,post,2023,2023_9,0.41804122835926455
2,1,0.16887093738797138,0.05372097909978214,0.8289886398633951,blend_gbdt_pl_nn,post,2024,2024_1,0.41804122835926455
3,1,0.12938911141211268,0.03527373889360318,1.0,blend_gbdt_pl_nn,post,2024,2024_10,0.41804122835926455
1,0,0.38468079646657827,0.13517641721404344,0.17101136013660487,blend_gbdt_pl_nn,post,2024,2024_11,0.41804122835926455
2,0,0.16399949614643208,0.05367915583434937,0.6954461978888599,blend_gbdt_pl_nn,post,2024,2024_12,0.41804122835926455
2,0,0.2811835233196778,0.09751821551676101,0.543969706302387,blend_gbdt_pl_nn,post,2024,2024_13,0.41804122835926455
2,0,0.257822277374044,0.09010588725861275,0.5008112441788239,blend_gbdt_pl_nn,post,2024,2024_14,0.41804122835926455
2,0,0.1852218836938569,0.05557533559657415,0.7700811153575446,blend_gbdt_pl_nn,post,2024,2024_15,0.41804122835926455
2,0,0.20605838580956118,0.06615518665479436,0.6009734930145886,blend_gbdt_pl_nn,post,2024,2024_16,0.41804122835926455
2,0,0.2372423442972992,0.07786798361668266,0.7700811153575446,blend_gbdt_pl_nn,post,2024,2024_17,0.41804122835926455
3,1,0.12910193280297727,0.03266351694731172,1.0,blend_gbdt_pl_nn,post,2024,2024_18,0.41804122835926455
1,0,0.2669455899416267,0.09463379442933832,0.21579231061781579,blend_gbdt_pl_nn,post,2024,2024_19,0.41804122835926455
3,1,0.12108630569546448,0.031767866370818645,1.0,blend_gbdt_pl_nn,post,2024,2024_2,0.41804122835926455
2,0,0.15908248260985136,0.05077689658409949,0.6954461978888599,blend_gbdt_pl_nn,post,2024,2024_20,0.41804122835926455
0,0,0.849323180564248,0.21133288413889514,0.0,blend_gbdt_pl_nn,post,2024,2024_21,0.41804122835926455
1,0,0.3087845216640874,0.10809759971732638,0.21579231061781579,blend_gbdt_pl_nn,post,2024,2024_22,0.41804122835926455
1,1,0.2457176050905412,0.08371569149812716,0.5700378671220162,blend_gbdt_pl_nn,post,2024,2024_23,0.41804122835926455
1,1,0.2695638258044545,0.09728107364353329,0.5700378671220162,blend_gbdt_pl_nn,post,2024,2024_24,0.41804122835926455
1,0,0.44496625144700996,0.13685784451086688,0.2850189335610081,blend_gbdt_pl_nn,post,2024,2024_3,0.41804122835926455
3,1,0.13060607246783093,0.03572416233616814,1.0,blend_gbdt_pl_nn,post,2024,2024_4,0.41804122835926455
3,1,0.1585816039551227,0.047400585993977,0.9910438099037578,blend_gbdt_pl_nn,post,2024,2024_5,0.41804122835926455
2,0,0.19963838452961483,0.06802871921015276,0.5814386244644566,blend_gbdt_pl_nn,post,2024,2024_6,0.41804122835926455
2,1,0.16918241899840586,0.05417177445404954,0.7752514992859421,blend_gbdt_pl_nn,post,2024,2024_7,0.41804122835926455
2,1,0.19200393914569006,0.0616006393290627,0.7752514992859421,blend_gbdt_pl_nn,post,2024,2024_8,0.41804122835926455
3,1,0.1129582376598747,0.027322644255699063,1.0,blend_gbdt_pl_nn,post,2024,2024_9,0.41804122835926455
2,1,0.19652363100745973,0.06700445826748133,0.7752514992859421,blend_gbdt_pl_nn,post,2025,2025_1,0.41804122835926455
2,0,0.2460505728421038,0.08468090737037173,0.5648674831936188,blend_gbdt_pl_nn,post,2025,2025_10,0.41804122835926455
3,1,0.10102457868287204,0.02394967628675076,1.0,blend_gbdt_pl_nn,post,2025,2025_11,0.41804122835926455
2,0,0.46066855298420784,0.09233941620281133,0.6954461978888599,blend_gbdt_pl_nn,post,2025,2025_12,0.41804122835926455
2,0,0.10236623110852779,0.030483293081842167,0.7700811153575446,blend_gbdt_pl_nn,post,2025,2025_13,0.41804122835926455
2,1,0.1522136192377954,0.052092432564902556,0.8289886398633951,blend_gbdt_pl_nn,post,2025,2025_14,0.41804122835926455
2,0,0.29789873643389864,0.09847550955819796,0.5648674831936188,blend_gbdt_pl_nn,post,2025,2025_15,0.41804122835926455
3,0,0.08342751792673626,0.017139643530807297,0.9112385085066755,blend_gbdt_pl_nn,post,2025,2025_16,0.41804122835926455
1,1,0.30649522309832655,0.10712017225725927,0.5700378671220162,blend_gbdt_pl_nn,post,2025,2025_17,0.41804122835926455
2,0,0.1618759201943172,0.050726412985690326,0.543969706302387,blend_gbdt_pl_nn,post,2025,2025_18,0.41804122835926455
2,1,0.16912601478387704,0.054470708552756174,0.8289886398633951,blend_gbdt_pl_nn,post,2025,2025_19,0.41804122835926455
3,1,0.11622505497713484,0.028752386715000335,1.0,blend_gbdt_pl_nn,post,2025,2025_2,0.41804122835926455
3,1,0.16115408860056452,0.04876741772824223,0.9910438099037578,blend_gbdt_pl_nn,post,2025,2025_20,0.41804122835926455
1,1,0.31442245551297837,0.11201572480549729,0.5700378671220162,blend_gbdt_pl_nn,post,2025,2025_21,0.41804122835926455
1,0,0.4746389344933696,0.1324264701915901,0.35965385102969294,blend_gbdt_pl_nn,post,2025,2025_22,0.41804122835926455
2,0,0.33476364091152033,0.09952657777054734,0.5648674831936188,blend_gbdt_pl_nn,post,2025,2025_23,0.41804122835926455
3,1,0.07318535198671124,0.01472884665165595,0.9910438099037578,blend_gbdt_pl_nn,post,2025,2025_24,0.41804122835926455
3,0,0.09451921898616693,0.02005794445218596,0.9410924754941495,blend_gbdt_pl_nn,post,2025,2025_3,0.41804122835926455
3,1,0.14635124191387477,0.04257047568001413,0.9910438099037578,blend_gbdt_pl_nn,post,2025,2025_4,0.41804122835926455
2,0,0.15181879796493886,0.04556509573671165,0.7700811153575446,blend_gbdt_pl_nn,post,2025,2025_5,0.41804122835926455
2,0,0.2246827950726719,0.07539901034208023,0.543969706302387,blend_gbdt_pl_nn,post,2025,2025_6,0.41804122835926455
2,0,0.14268562454798536,0.045111809417046296,0.7016765713029027,blend_gbdt_pl_nn,post,2025,2025_7,0.41804122835926455
3,1,0.09413714579855274,0.020685813882097497,0.9910438099037578,blend_gbdt_pl_nn,post,2025,2025_8,0.41804122835926455
2,1,0.19911032303516424,0.06461063894482595,0.8289886398633951,blend_gbdt_pl_nn,post,2025,2025_9,0.41804122835926455
2,1,0.19400691978051576,0.06455656744864456,0.7752514992859421,blend_gbdt_pl_nn,post,2026,2026_1,0.41804122835926455
2,1,0.1427454802686792,0.040853035200781325,0.785830177739832,blend_gbdt_pl_nn,post,2026,2026_10,0.41804122835926455
1,0,0.2237532627800854,0.07697093526953036,0.35965385102969294,blend_gbdt_pl_nn,post,2026,2026_11,0.41804122835926455
3,1,0.14771871590332425,0.04121387059202812,0.9910438099037578,blend_gbdt_pl_nn,post,2026,2026_12,0.41804122835926455
1,0,0.24342446518752786,0.08245932104568508,0.4104272643278517,blend_gbdt_pl_nn,post,2026,2026_13,0.41804122835926455
3,0,0.13892138692234807,0.03815092168630615,0.9068902034668286,blend_gbdt_pl_nn,post,2026,2026_14,0.41804122835926455
1,1,0.24066238267678627,0.08067287464886336,0.5700378671220162,blend_gbdt_pl_nn,post,2026,2026_15,0.41804122835926455
2,0,0.16582576838402893,0.05130477006478677,0.7700811153575446,blend_gbdt_pl_nn,post,2026,2026_2,0.41804122835926455
2,0,0.20944811236116842,0.07235514422141608,0.5306652111662978,blend_gbdt_pl_nn,post,2026,2026_3,0.41804122835926455
1,1,0.25091547625627164,0.08865364679984815,0.5700378671220162,blend_gbdt_pl_nn,post,2026,2026_4,0.41804122835926455
1,0,0.29846742468382215,0.10791574785787791,0.35965385102969294,blend_gbdt_pl_nn,post,2026,2026_5,0.41804122835926455
2,1,0.2341038681180663,0.0738771771571214,0.8289886398633951,blend_gbdt_pl_nn,post,2026,2026_6,0.41804122835926455
2,0,0.21556510168588314,0.07327598385696443,0.543969706302387,blend_gbdt_pl_nn,post,2026,2026_7,0.41804122835926455
2,1,0.20024823449607443,0.06523245802067419,0.785830177739832,blend_gbdt_pl_nn,post,2026,2026_8,0.41804122835926455
2,0,0.23874830360533786,0.0812146590311855,0.5648674831936188,blend_gbdt_pl_nn,post,2026,2026_9,0.41804122835926455
2,1,0.15960973034636727,0.04583942925571233,0.785830177739832,blend_gbdt_pl_nn,pre,2021,2021_1,0.4509792743102106
1,0,0.31748709619634463,0.10963857835830429,0.35965385102969294,blend_gbdt_pl_nn,pre,2021,2021_10,0.4509792743102106
1,0,0.4093126516294168,0.12768384287321755,0.2589507727413789,blend_gbdt_pl_nn,pre,2021,2021_11,0.4509792743102106
2,1,0.3507752099294058,0.06486105763720075,0.785830177739832,blend_gbdt_pl_nn,pre,2021,2021_12,0.4509792743102106
3,1,0.13794638571524453,0.03262314928283565,1.0,blend_gbdt_pl_nn,pre,2021,2021_13,0.4509792743102106
1,0,0.4144662990982444,0.1458886619295769,0.17101136013660487,blend_gbdt_pl_nn,pre,2021,2021_14,0.4509792743102106
2,0,0.21168690108348645,0.060741711185069235,0.7700811153575446,blend_gbdt_pl_nn,pre,2021,2021_15,0.4509792743102106
2,0,0.31922272565594223,0.10482117511207505,0.543969706302387,blend_gbdt_pl_nn,pre,2021,2021_16,0.4509792743102106
2,0,0.20634742667915607,0.05969030642989975,0.7700811153575446,blend_gbdt_pl_nn,pre,2021,2021_17,0.4509792743102106
2,1,0.1805035168447564,0.051989961496526196,0.8289886398633951,blend_gbdt_pl_nn,pre,2021,2021_18,0.4509792743102106
3,0,0.16289010918389796,0.04479060844068307,0.9410924754941495,blend_gbdt_pl_nn,pre,2021,2021_19,0.4509792743102106
2,0,0.266290577676492,0.07811688865510878,0.6954461978888599,blend_gbdt_pl_nn,pre,2021,2021_2,0.4509792743102106
2,1,0.2686561400152066,0.06774936361925755,0.8289886398633951,blend_gbdt_pl_nn,pre,2021,2021_20,0.4509792743102106
3,1,0.1303794170488864,0.030860391161566674,1.0,blend_gbdt_pl_nn,pre,2021,2021_21,0.4509792743102106
2,0,0.21077844458816744,0.06161746653741655,0.7700811153575446,blend_gbdt_pl_nn,pre,2021,2021_22,0.4509792743102106
3,1,0.1430066413282018,0.03639136157388044,1.0,blend_gbdt_pl_nn,pre,2021,2021_3,0.4509792743102106
3,1,0.12129481999652421,0.029236674756349168,1.0,blend_gbdt_pl_nn,pre,2021,2021_4,0.4509792743102106
1,0,0.4551524600089628,0.14715522397495143,0.35965385102969294,blend_gbdt_pl_nn,pre,2021,2021_5,0.4509792743102106
0,0,0.6149798068015696,0.195995144497154,0.0,blend_gbdt_pl_nn,pre,2021,2021_6,0.4509792743102106
3,0,0.17785242731053766,0.04949733438029859,0.9410924754941495,blend_gbdt_pl_nn,pre,2021,2021_7,0.4509792743102106
2,1,0.1803498700250694,0.052852114803443484,0.8289886398633951,blend_gbdt_pl_nn,pre,2021,2021_8,0.4509792743102106
1,1,0.2740915456437775,0.09341479719736227,0.5700378671220162,blend_gbdt_pl_nn,pre,2021,2021_9,0.4509792743102106
1,0,0.3743310457954957,0.12358470913118073,0.34202272027320973,blend_gbdt_pl_nn,pre,2022,2022_1,0.4509792743102106
2,0,0.29929163969700656,0.10476406422077096,0.5648674831936188,blend_gbdt_pl_nn,pre,2022,2022_10,0.4509792743102106
1,0,0.23288461714483347,0.08244585288676602,0.4104272643278517,blend_gbdt_pl_nn,pre,2022,2022_11,0.4509792743102106
0,0,0.33212604783881994,0.12460601059687366,0.0,blend_gbdt_pl_nn,pre,2022,2022_12,0.4509792743102106
0,0,0.330360775029371,0.1252737104924808,0.0,blend_gbdt_pl_nn,pre,2022,2022_13,0.4509792743102106
2,1,0.18649692289290615,0.05858090643467081,0.7410492272586211,blend_gbdt_pl_nn,pre,2022,2022_14,0.4509792743102106
1,1,0.22278371367368766,0.07651900025498598,0.5700378671220162,blend_gbdt_pl_nn,pre,2022,2022_15,0.4509792743102106
2,1,0.1768218411071398,0.05485001788374917,0.8289886398633951,blend_gbdt_pl_nn,pre,2022,2022_16,0.4509792743102106
1,0,0.321644342070813,0.11418840046858277,0.2589507727413789,blend_gbdt_pl_nn,pre,2022,2022_17,0.4509792743102106
3,1,0.13602624326783244,0.03926003997569097,0.9910438099037578,blend_gbdt_pl_nn,pre,2022,2022_18,0.4509792743102106
1,1,0.23085936554674275,0.07891369822640067,0.5700378671220162,blend_gbdt_pl_nn,pre,2022,2022_19,0.4509792743102106
2,1,0.17497780351777012,0.057651655079758314,0.7752514992859421,blend_gbdt_pl_nn,pre,2022,2022_2,0.4509792743102106
2,1,0.17953927667513517,0.05667336873233704,0.785830177739832,blend_gbdt_pl_nn,pre,2022,2022_20,0.4509792743102106
0,0,0.3724055811094703,0.13524186664504553,0.0,blend_gbdt_pl_nn,pre,2022,2022_21,0.4509792743102106
2,1,0.18374631291674592,0.05730805772111266,0.8289886398633951,blend_gbdt_pl_nn,pre,2022,2022_22,0.4509792743102106
1,0,0.35365414309153487,0.12779584487966245,0.35965385102969294,blend_gbdt_pl_nn,pre,2022,2022_3,0.4509792743102106
1,1,0.3355277852282326,0.10584755062622701,0.5700378671220162,blend_gbdt_pl_nn,pre,2022,2022_4,0.4509792743102106
2,1,0.12683853012102564,0.037189400027334285,0.8289886398633951,blend_gbdt_pl_nn,pre,2022,2022_5,0.4509792743102106
1,1,0.3102379700355747,0.10781681501955558,0.5700378671220162,blend_gbdt_pl_nn,pre,2022,2022_6,0.4509792743102106
2,0,0.20642101492428572,0.07241086950307034,0.6270416538342178,blend_gbdt_pl_nn,pre,2022,2022_7,0.4509792743102106
2,1,0.23116584317124023,0.08005116753829564,0.7752514992859421,blend_gbdt_pl_nn,pre,2022,2022_8,0.4509792743102106
1,1,0.2512838174056304,0.08836400016841758,0.5700378671220162,blend_gbdt_pl_nn,pre,2022,2022_9,0.4509792743102106
2,1,0.32618446612739327,0.08733559973857084,0.8289886398633951,blend_gbdt_pl_nn,pre,2023,2023_1,0.4865125544090533
2,1,0.3196704472172461,0.08774314907327121,0.785830177739832,blend_gbdt_pl_nn,pre,2023,2023_10,0.4865125544090533
2,1,0.29583151749372927,0.0881305624271295,0.7410492272586211,blend_gbdt_pl_nn,pre,2023,2023_11,0.4865125544090533
2,1,0.2358352803062441,0.0786152376686484,0.7752514992859421,blend_gbdt_pl_nn,pre,2023,2023_12,0.4865125544090533
1,1,0.32380645476320713,0.09314828509041648,0.5700378671220162,blend_gbdt_pl_nn,pre,2023,2023_13,0.4865125544090533
2,1,0.22095975416622093,0.07053353709314497,0.7752514992859421,blend_gbdt_pl_nn,pre,2023,2023_14,0.4865125544090533
1,0,0.47051355050193366,0.14843257736832932,0.21579231061781579,blend_gbdt_pl_nn,pre,2023,2023_15,0.4865125544090533
1,1,0.36757534531202907,0.11094673094084087,0.5700378671220162,blend_gbdt_pl_nn,pre,2023,2023_16,0.4865125544090533
1,1,0.35217150270003705,0.10915655408289937,0.5700378671220162,blend_gbdt_pl_nn,pre,2023,2023_17,0.4865125544090533
1,1,0.2514315545755931,0.08118767722599228,0.5700378671220162,blend_gbdt_pl_nn,pre,2023,2023_18,0.4865125544090533
1,1,0.2192626150086892,0.07047479930018836,0.5700378671220162,blend_gbdt_pl_nn,pre,2023,2023_19,0.4865125544090533
2,0,0.25546708908977267,0.08111296067282647,0.6954461978888599,blend_gbdt_pl_nn,pre,2023,2023_2,0.4865125544090533
1,1,0.34586712162140165,0.1069355773408226,0.5700378671220162,blend_gbdt_pl_nn,pre,2023,2023_20,0.4865125544090533
2,1,0.21177447238812325,0.06807222012106919,0.8289886398633951,blend_gbdt_pl_nn,pre,2023,2023_21,0.4865125544090533
2,1,0.19092324249307588,0.059845028974167644,0.8289886398633951,blend_gbdt_pl_nn,pre,2023,2023_22,0.4865125544090533
1,1,0.30789731135893733,0.1065164580124262,0.5700378671220162,blend_gbdt_pl_nn,pre,2023,2023_3,0.4865125544090533
2,0,0.21448475211728107,0.07067071202854058,0.6954461978888599,blend_gbdt_pl_nn,pre,2023,2023_4,0.4865125544090533
2,1,0.16690144322575043,0.04796695962064991,0.8289886398633951,blend_gbdt_pl_nn,pre,2023,2023_5,0.4865125544090533
1,1,0.34986210636406434,0.1085587079009375,0.5700378671220162,blend_gbdt_pl_nn,pre,2023,2023_6,0.4865125544090533
2,1,0.21037066588584574,0.06749475774746362,0.7752514992859421,blend_gbdt_pl_nn,pre,2023,2023_7,0.4865125544090533
2,1,0.19388191274276978,0.060126826111540035,0.785830177739832,blend_gbdt_pl_nn,pre,2023,2023_8,0.4865125544090533
2,1,0.22938133922157813,0.07463169655120162,0.7410492272586211,blend_gbdt_pl_nn,pre,2023,2023_9,0.4865125544090533
2,1,0.17731659122928942,0.051654556639230395,0.8289886398633951,blend_gbdt_pl_nn,pre,2024,2024_1,0.5248455507398981
2,1,0.2112971617833495,0.06588608354519998,0.8289886398633951,blend_gbdt_pl_nn,pre,2024,2024_10,0.5248455507398981
0,0,0.3647537563037408,0.132576985063965,0.0,blend_gbdt_pl_nn,pre,2024,2024_11,0.5248455507398981
1,0,0.22201653494438106,0.0717608308302721,0.4104272643278517,blend_gbdt_pl_nn,pre,2024,2024_12,0.5248455507398981
1,0,0.3331125576328586,0.12089817545173201,0.2589507727413789,blend_gbdt_pl_nn,pre,2024,2024_13,0.5248455507398981
1,0,0.2945464488945121,0.10508286238410391,0.2589507727413789,blend_gbdt_pl_nn,pre,2024,2024_14,0.5248455507398981
2,0,0.20277218860056156,0.062062364438472906,0.7700811153575446,blend_gbdt_pl_nn,pre,2024,2024_15,0.5248455507398981
2,0,0.2554210880340713,0.0877499761221799,0.42996213287798374,blend_gbdt_pl_nn,pre,2024,2024_16,0.5248455507398981
1,1,0.2696692728169282,0.09312687320201604,0.5700378671220162,blend_gbdt_pl_nn,pre,2024,2024_17,0.5248455507398981
3,0,0.16726446892351673,0.046143660797212376,0.9068902034668286,blend_gbdt_pl_nn,pre,2024,2024_18,0.5248455507398981
1,0,0.3083229232370757,0.11184865933628294,0.17101136013660487,blend_gbdt_pl_nn,pre,2024,2024_19,0.5248455507398981
3,1,0.14172307466950762,0.037271252037073405,1.0,blend_gbdt_pl_nn,pre,2024,2024_2,0.5248455507398981
1,0,0.24644818276525648,0.08428723495011677,0.4104272643278517,blend_gbdt_pl_nn,pre,2024,2024_20,0.5248455507398981
1,1,0.6476906515799061,0.15300447141722662,0.5700378671220162,blend_gbdt_pl_nn,pre,2024,2024_21,0.5248455507398981
0,0,0.41878278917455247,0.15729089697007867,0.0,blend_gbdt_pl_nn,pre,2024,2024_22,0.5248455507398981
2,0,0.22542046573770547,0.07314809809814608,0.7700811153575446,blend_gbdt_pl_nn,pre,2024,2024_23,0.5248455507398981
2,0,0.2629831902315743,0.0923228329388833,0.5008112441788239,blend_gbdt_pl_nn,pre,2024,2024_24,0.5248455507398981
1,0,0.43344607380152556,0.14897001643524366,0.20521363216392585,blend_gbdt_pl_nn,pre,2024,2024_3,0.5248455507398981
3,1,0.15734330476650435,0.04422351170444304,0.9910438099037578,blend_gbdt_pl_nn,pre,2024,2024_4,0.5248455507398981
2,1,0.19714264752876354,0.06123295664677715,0.785830177739832,blend_gbdt_pl_nn,pre,2024,2024_5,0.5248455507398981
1,0,0.213637649912399,0.06902549252760186,0.4104272643278517,blend_gbdt_pl_nn,pre,2024,2024_6,0.5248455507398981
1,1,0.23083806008040253,0.07822706699236823,0.5700378671220162,blend_gbdt_pl_nn,pre,2024,2024_7,0.5248455507398981
1,0,0.3300870700191584,0.11984288115031141,0.17101136013660487,blend_gbdt_pl_nn,pre,2024,2024_8,0.5248455507398981
2,1,0.2554522126015247,0.07971115233125248,0.8289886398633951,blend_gbdt_pl_nn,pre,2024,2024_9,0.5248455507398981
2,0,0.21454265392490773,0.0692468692448868,0.7700811153575446,blend_gbdt_pl_nn,pre,2025,2025_1,0.5248455507398981
0,0,0.4032151123365061,0.14731338022782853,0.0,blend_gbdt_pl_nn,pre,2025,2025_10,0.5248455507398981
2,0,0.18525245992206343,0.056676470603030514,0.7700811153575446,blend_gbdt_pl_nn,pre,2025,2025_11,0.5248455507398981
2,0,0.3280360253504473,0.06828476619344347,0.7700811153575446,blend_gbdt_pl_nn,pre,2025,2025_12,0.5248455507398981
2,0,0.17811438781816763,0.051981493134954794,0.7700811153575446,blend_gbdt_pl_nn,pre,2025,2025_13,0.5248455507398981
2,1,0.15426870632386983,0.0439985148548214,0.8289886398633951,blend_gbdt_pl_nn,pre,2025,2025_14,0.5248455507398981
1,0,0.4124732897489537,0.11953314650540456,0.35965385102969294,blend_gbdt_pl_nn,pre,2025,2025_15,0.5248455507398981
2,0,0.13945611833487506,0.04059868589520708,0.6262195749456675,blend_gbdt_pl_nn,pre,2025,2025_16,0.5248455507398981
1,0,0.5591398148586547,0.1732982324587174,0.2850189335610081,blend_gbdt_pl_nn,pre,2025,2025_17,0.5248455507398981
2,0,0.21384813821694518,0.07151444973648603,0.42100594278174164,blend_gbdt_pl_nn,pre,2025,2025_18,0.5248455507398981
2,0,0.26668313799365867,0.09249192361721624,0.543969706302387,blend_gbdt_pl_nn,pre,2025,2025_19,0.5248455507398981
2,0,0.15183572108482665,0.044345874037259,0.7700811153575446,blend_gbdt_pl_nn,pre,2025,2025_2,0.5248455507398981
2,0,0.2364846469890308,0.08025537299621735,0.5008112441788239,blend_gbdt_pl_nn,pre,2025,2025_20,0.5248455507398981
2,1,0.2611621161721983,0.08220096143232622,0.7410492272586211,blend_gbdt_pl_nn,pre,2025,2025_21,0.5248455507398981
1,0,0.32257632858856916,0.11796385656448752,0.2850189335610081,blend_gbdt_pl_nn,pre,2025,2025_22,0.5248455507398981
2,0,0.3689530767259545,0.10897137878834999,0.5648674831936188,blend_gbdt_pl_nn,pre,2025,2025_23,0.5248455507398981
3,0,0.1109809076761092,0.02486636736337879,0.9068902034668286,blend_gbdt_pl_nn,pre,2025,2025_24,0.5248455507398981
3,0,0.1346041721366294,0.03616392878550142,0.9112385085066755,blend_gbdt_pl_nn,pre,2025,2025_3,0.5248455507398981
2,1,0.16292123323555108,0.047092359969857146,0.785830177739832,blend_gbdt_pl_nn,pre,2025,2025_4,0.5248455507398981
2,1,0.20878885023659302,0.06906444330795962,0.7752514992859421,blend_gbdt_pl_nn,pre,2025,2025_5,0.5248455507398981
2,1,0.1751092553019426,0.053106433318831345,0.7752514992859421,blend_gbdt_pl_nn,pre,2025,2025_6,0.5248455507398981
2,0,0.18922722973202713,0.05708365914165635,0.7016765713029027,blend_gbdt_pl_nn,pre,2025,2025_7,0.5248455507398981
2,0,0.2200517158216027,0.07092919770236357,0.6270416538342178,blend_gbdt_pl_nn,pre,2025,2025_8,0.5248455507398981
2,1,0.19438185406839645,0.05995232042399618,0.8289886398633951,blend_gbdt_pl_nn,pre,2025,2025_9,0.5248455507398981
0,0,0.385309969796181,0.14494394088155807,0.0,blend_gbdt_pl_nn,pre,2026,2026_1,0.5248455507398981
2,1,0.21332754319895256,0.06836971947392496,0.7752514992859421,blend_gbdt_pl_nn,pre,2026,2026_10,0.5248455507398981
1,0,0.2384707670753584,0.0789302404316529,0.34202272027320973,blend_gbdt_pl_nn,pre,2026,2026_11,0.5248455507398981
2,0,0.20903866001503335,0.06737520848990737,0.5814386244644566,blend_gbdt_pl_nn,pre,2026,2026_12,0.5248455507398981
2,1,0.22417738241539184,0.0736857753252561,0.8289886398633951,blend_gbdt_pl_nn,pre,2026,2026_13,0.5248455507398981
2,1,0.21131596969963048,0.0684514617384946,0.7410492272586211,blend_gbdt_pl_nn,pre,2026,2026_14,0.5248455507398981
1,0,0.3152156845963731,0.11163507420489913,0.35965385102969294,blend_gbdt_pl_nn,pre,2026,2026_15,0.5248455507398981
2,0,0.2404313235861365,0.07739581408288797,0.6954461978888599,blend_gbdt_pl_nn,pre,2026,2026_2,0.5248455507398981
2,0,0.24326481168954064,0.08305231613726258,0.5306652111662978,blend_gbdt_pl_nn,pre,2026,2026_3,0.5248455507398981
2,1,0.19904162461285227,0.06509297180509369,0.7410492272586211,blend_gbdt_pl_nn,pre,2026,2026_4,0.5248455507398981
1,1,0.2663228931402872,0.09323713463528084,0.5700378671220162,blend_gbdt_pl_nn,pre,2026,2026_5,0.5248455507398981
1,1,0.289292065813381,0.09136861346283603,0.5700378671220162,blend_gbdt_pl_nn,pre,2026,2026_6,0.5248455507398981
2,0,0.2859472645853159,0.10010766733484533,0.543969706302387,blend_gbdt_pl_nn,pre,2026,2026_7,0.5248455507398981
2,0,0.1820406006134622,0.05492574868673033,0.7016765713029027,blend_gbdt_pl_nn,pre,2026,2026_8,0.5248455507398981
2,0,0.2489820215833494,0.08651905458049938,0.42996213287798374,blend_gbdt_pl_nn,pre,2026,2026_9,0.5248455507398981
3,1,0.08213241543202773,0.014113544254915364,0.9910438099037578,blend_gbdt_pl_points,post,2021,2021_1,0.3875088691723635
2,0,0.29329199175696175,0.09985182442380477,0.5306652111662978,blend_gbdt_pl_points,post,2021,2021_10,0.3875088691723635
1,0,0.47953965530831927,0.13966421646924793,0.4104272643278517,blend_gbdt_pl_points,post,2021,2021_11,0.3875088691723635
2,0,0.279913829602196,0.06039111951781819,0.7016765713029027,blend_gbdt_pl_points,post,2021,2021_12,0.3875088691723635
3,0,0.10151477008874854,0.0212576150965169,0.9410924754941495,blend_gbdt_pl_points,post,2021,2021_13,0.3875088691723635
1,0,0.43723624941180406,0.1466331647762351,0.20521363216392585,blend_gbdt_pl_points,post,2021,2021_14,0.3875088691723635
2,0,0.23240230610310447,0.07632995551361929,0.5648674831936188,blend_gbdt_pl_points,post,2021,2021_15,0.3875088691723635
2,0,0.23492238192395892,0.07740448962432026,0.6954461978888599,blend_gbdt_pl_points,post,2021,2021_16,0.3875088691723635
2,1,0.15078220047214347,0.04187732898567216,0.8289886398633951,blend_gbdt_pl_points,post,2021,2021_17,0.3875088691723635
2,1,0.1479531495200499,0.04481844886752791,0.8289886398633951,blend_gbdt_pl_points,post,2021,2021_18,0.3875088691723635
3,0,0.16427134420071524,0.048149187949047434,0.9112385085066755,blend_gbdt_pl_points,post,2021,2021_19,0.3875088691723635
2,0,0.19769822789143682,0.05704289497902835,0.7700811153575446,blend_gbdt_pl_points,post,2021,2021_2,0.3875088691723635
2,1,0.2052900573514132,0.05829657588438347,0.8289886398633951,blend_gbdt_pl_points,post,2021,2021_20,0.3875088691723635
3,1,0.10101724646777895,0.02300958900843468,1.0,blend_gbdt_pl_points,post,2021,2021_21,0.3875088691723635
2,0,0.19769815250286166,0.05653502403782122,0.7700811153575446,blend_gbdt_pl_points,post,2021,2021_22,0.3875088691723635
3,1,0.09545377173411282,0.020362199934895873,0.9910438099037578,blend_gbdt_pl_points,post,2021,2021_3,0.3875088691723635
3,1,0.09764517286342143,0.021513875364859988,1.0,blend_gbdt_pl_points,post,2021,2021_4,0.3875088691723635
1,0,0.32934410715813134,0.12107800147632301,0.35965385102969294,blend_gbdt_pl_points,post,2021,2021_5,0.3875088691723635
0,0,0.6132184915960328,0.19404175913366142,0.0,blend_gbdt_pl_points,post,2021,2021_6,0.3875088691723635
3,1,0.11934425426248899,0.029708709052663828,1.0,blend_gbdt_pl_points,post,2021,2021_7,0.3875088691723635
2,1,0.16834611759904103,0.051269238610880785,0.8289886398633951,blend_gbdt_pl_points,post,2021,2021_8,0.3875088691723635
1,1,0.2627335134512625,0.09580270537879503,0.5700378671220162,blend_gbdt_pl_points,post,2021,2021_9,0.3875088691723635
2,0,0.25055273439858017,0.08606205325060894,0.5008112441788239,blend_gbdt_pl_points,post,2022,2022_1,0.3875088691723635
1,0,0.3234751853783465,0.11635069977267676,0.2850189335610081,blend_gbdt_pl_points,post,2022,2022_10,0.3875088691723635
2,0,0.22852213704504393,0.0748758560437913,0.7700811153575446,blend_gbdt_pl_points,post,2022,2022_11,0.3875088691723635
1,0,0.2964929075967707,0.11078869704494325,0.35965385102969294,blend_gbdt_pl_points,post,2022,2022_12,0.3875088691723635
1,0,0.29068651829504655,0.10371343474630401,0.21579231061781579,blend_gbdt_pl_points,post,2022,2022_13,0.3875088691723635
3,1,0.12083006199635729,0.029973278066183502,1.0,blend_gbdt_pl_points,post,2022,2022_14,0.3875088691723635
2,1,0.21057436114715822,0.0720221130500468,0.7410492272586211,blend_gbdt_pl_points,post,2022,2022_15,0.3875088691723635
3,1,0.1108564883530125,0.02639884860356777,1.0,blend_gbdt_pl_points,post,2022,2022_16,0.3875088691723635
2,0,0.22169750308224426,0.07736553154597584,0.6954461978888599,blend_gbdt_pl_points,post,2022,2022_17,0.3875088691723635
2,1,0.13754654147849457,0.04086871491310658,0.785830177739832,blend_gbdt_pl_points,post,2022,2022_18,0.3875088691723635
1,1,0.215849752399541,0.07684292540557094,0.5700378671220162,blend_gbdt_pl_points,post,2022,2022_19,0.3875088691723635
3,0,0.1329103226180664,0.03489152416244777,0.9112385085066755,blend_gbdt_pl_points,post,2022,2022_2,0.3875088691723635
2,1,0.1601709688168576,0.050186503417041575,0.785830177739832,blend_gbdt_pl_points,post,2022,2022_20,0.3875088691723635
1,0,0.35401845379897223,0.12297717651542805,0.2850189335610081,blend_gbdt_pl_points,post,2022,2022_21,0.3875088691723635
3,1,0.12099094115925998,0.030989112975963205,0.9910438099037578,blend_gbdt_pl_points,post,2022,2022_22,0.3875088691723635
2,1,0.2872478568728546,0.09956998844948245,0.7752514992859421,blend_gbdt_pl_points,post,2022,2022_3,0.3875088691723635
2,1,0.3072371560098051,0.10322903036353795,0.7752514992859421,blend_gbdt_pl_points,post,2022,2022_4,0.3875088691723635
3,1,0.10973942519206584,0.029284093373761234,1.0,blend_gbdt_pl_points,post,2022,2022_5,0.3875088691723635
1,0,0.2970346983861124,0.10557550900193595,0.35965385102969294,blend_gbdt_pl_points,post,2022,2022_6,0.3875088691723635
2,0,0.1756059549483179,0.058247483901752065,0.6270416538342178,blend_gbdt_pl_points,post,2022,2022_7,0.3875088691723635
2,1,0.23687718877452388,0.08033570252648436,0.7752514992859421,blend_gbdt_pl_points,post,2022,2022_8,0.3875088691723635
3,1,0.13704946164996074,0.03899564336208666,1.0,blend_gbdt_pl_points,post,2022,2022_9,0.3875088691723635
2,1,0.25607171310771554,0.07105184244797741,0.8289886398633951,blend_gbdt_pl_points,post,2023,2023_1,0.3875088691723635
1,1,0.24225792936505516,0.07848212420376131,0.5700378671220162,blend_gbdt_pl_points,post,2023,2023_10,0.3875088691723635
2,1,0.22773123900523012,0.07986311534864002,0.7410492272586211,blend_gbdt_pl_points,post,2023,2023_11,0.3875088691723635
2,1,0.1783734381659171,0.05625989203674431,0.8289886398633951,blend_gbdt_pl_points,post,2023,2023_12,0.3875088691723635
1,1,0.3903012123069217,0.0979220679037582,0.5700378671220162,blend_gbdt_pl_points,post,2023,2023_13,0.3875088691723635
3,1,0.1536687618208548,0.04620134235495206,0.9910438099037578,blend_gbdt_pl_points,post,2023,2023_14,0.3875088691723635
1,0,0.31131478698859494,0.1109973804925064,0.35965385102969294,blend_gbdt_pl_points,post,2023,2023_15,0.3875088691723635
1,1,0.26629934752994494,0.08956631787858645,0.5700378671220162,blend_gbdt_pl_points,post,2023,2023_16,0.3875088691723635
1,1,0.3862273446870077,0.12198927187229111,0.5700378671220162,blend_gbdt_pl_points,post,2023,2023_17,0.3875088691723635
1,1,0.2238676252296083,0.0759437627091191,0.5700378671220162,blend_gbdt_pl_points,post,2023,2023_18,0.3875088691723635
2,1,0.18402879674418235,0.06280907551573327,0.7410492272586211,blend_gbdt_pl_points,post,2023,2023_19,0.3875088691723635
2,1,0.17845432585585627,0.054862301081642174,0.8289886398633951,blend_gbdt_pl_points,post,2023,2023_2,0.3875088691723635
1,1,0.24189404072630785,0.0803179643775075,0.5700378671220162,blend_gbdt_pl_points,post,2023,2023_20,0.3875088691723635
2,1,0.18645120896300732,0.060518958399405375,0.8289886398633951,blend_gbdt_pl_points,post,2023,2023_21,0.3875088691723635
2,1,0.20232183811984922,0.06553987901142645,0.7752514992859421,blend_gbdt_pl_points,post,2023,2023_22,0.3875088691723635
2,1,0.20725760634599433,0.06748206296241238,0.7752514992859421,blend_gbdt_pl_points,post,2023,2023_3,0.3875088691723635
3,0,0.14220408713184163,0.040166449486853675,0.9410924754941495,blend_gbdt_pl_points,post,2023,2023_4,0.3875088691723635
3,0,0.11983409878675122,0.029622295345618287,0.9410924754941495,blend_gbdt_pl_points,post,2023,2023_5,0.3875088691723635
2,1,0.21249017267774334,0.06479686146402466,0.8289886398633951,blend_gbdt_pl_points,post,2023,2023_6,0.3875088691723635
2,1,0.2232838142222071,0.07132159522673051,0.7752514992859421,blend_gbdt_pl_points,post,2023,2023_7,0.3875088691723635
3,1,0.12186806859929059,0.03264485666492943,0.9910438099037578,blend_gbdt_pl_points,post,2023,2023_8,0.3875088691723635
2,1,0.21742756355490397,0.07145111416216207,0.7752514992859421,blend_gbdt_pl_points,post,2023,2023_9,0.3875088691723635
1,1,0.1930216063083518,0.06454438964262266,0.5700378671220162,blend_gbdt_pl_points,post,2024,2024_1,0.3875088691723635
2,1,0.16839172843634537,0.05041771472170159,0.8289886398633951,blend_gbdt_pl_points,post,2024,2024_10,0.3875088691723635
1,0,0.40342030379920396,0.145309498047794,0.17101136013660487,blend_gbdt_pl_points,post,2024,2024_11,0.3875088691723635
2,0,0.16836845123931954,0.053378254190108464,0.5814386244644566,blend_gbdt_pl_points,post,2024,2024_12,0.3875088691723635
2,0,0.31366079723014806,0.10732802517454094,0.543969706302387,blend_gbdt_pl_points,post,2024,2024_13,0.3875088691723635
1,0,0.2780801054115316,0.09962327867872857,0.21579231061781579,blend_gbdt_pl_points,post,2024,2024_14,0.3875088691723635
2,0,0.15954429976747925,0.04647905243124444,0.7700811153575446,blend_gbdt_pl_points,post,2024,2024_15,0.3875088691723635
2,0,0.19827939442460232,0.06438810645699591,0.5472363524371356,blend_gbdt_pl_points,post,2024,2024_16,0.3875088691723635
2,0,0.2532768276300871,0.0844518666019336,0.6954461978888599,blend_gbdt_pl_points,post,2024,2024_17,0.3875088691723635
3,0,0.12590654298146267,0.03127008481834385,0.9410924754941495,blend_gbdt_pl_points,post,2024,2024_18,0.3875088691723635
2,0,0.25921421009674256,0.08970517569122,0.5008112441788239,blend_gbdt_pl_points,post,2024,2024_19,0.3875088691723635
3,1,0.11324690876804928,0.027676252595985707,1.0,blend_gbdt_pl_points,post,2024,2024_2,0.3875088691723635
2,0,0.17543088918267297,0.057403822125357676,0.6954461978888599,blend_gbdt_pl_points,post,2024,2024_20,0.3875088691723635
0,0,0.7965614620358563,0.1896105694667725,0.0,blend_gbdt_pl_points,post,2024,2024_21,0.3875088691723635
0,0,0.3387953529393567,0.12347204409421482,0.0,blend_gbdt_pl_points,post,2024,2024_22,0.3875088691723635
2,1,0.22654952887246957,0.07652927163258304,0.7752514992859421,blend_gbdt_pl_points,post,2024,2024_23,0.3875088691723635
1,1,0.2739979599909577,0.09953281314026333,0.5700378671220162,blend_gbdt_pl_points,post,2024,2024_24,0.3875088691723635
1,0,0.4341066117995848,0.13801892765183696,0.20521363216392585,blend_gbdt_pl_points,post,2024,2024_3,0.3875088691723635
3,1,0.12447676437166655,0.03280688485927803,1.0,blend_gbdt_pl_points,post,2024,2024_4,0.3875088691723635
2,1,0.15498697584764526,0.04576023112187049,0.785830177739832,blend_gbdt_pl_points,post,2024,2024_5,0.3875088691723635
2,0,0.19926056075798665,0.06726419329909608,0.6262195749456675,blend_gbdt_pl_points,post,2024,2024_6,0.3875088691723635
3,1,0.15114538324609272,0.045571281079670914,0.9910438099037578,blend_gbdt_pl_points,post,2024,2024_7,0.3875088691723635
1,1,0.23504638670120387,0.0828531627681798,0.5700378671220162,blend_gbdt_pl_points,post,2024,2024_8,0.3875088691723635
3,1,0.1356354364368289,0.03610456473043142,1.0,blend_gbdt_pl_points,post,2024,2024_9,0.3875088691723635
2,1,0.20605287551998946,0.07169145930152067,0.7752514992859421,blend_gbdt_pl_points,post,2025,2025_1,0.3875088691723635
2,0,0.25022681888059223,0.08725612586807384,0.543969706302387,blend_gbdt_pl_points,post,2025,2025_10,0.3875088691723635
3,1,0.10433340166927736,0.026048213318504924,1.0,blend_gbdt_pl_points,post,2025,2025_11,0.3875088691723635
2,0,0.42518781056252025,0.08520667845952722,0.7700811153575446,blend_gbdt_pl_points,post,2025,2025_12,0.3875088691723635
2,0,0.11905587762219513,0.037587876168186166,0.7700811153575446,blend_gbdt_pl_points,post,2025,2025_13,0.3875088691723635
2,0,0.12593186627584135,0.04054287893870605,0.7700811153575446,blend_gbdt_pl_points,post,2025,2025_14,0.3875088691723635
2,1,0.3368851482598604,0.10461700536956833,0.7752514992859421,blend_gbdt_pl_points,post,2025,2025_15,0.3875088691723635
3,0,0.07820974817475075,0.015776240432216267,0.9112385085066755,blend_gbdt_pl_points,post,2025,2025_16,0.3875088691723635
1,1,0.3961674494245425,0.12700243198913533,0.5700378671220162,blend_gbdt_pl_points,post,2025,2025_17,0.3875088691723635
2,0,0.16462666322424002,0.05258530246543049,0.543969706302387,blend_gbdt_pl_points,post,2025,2025_18,0.3875088691723635
2,1,0.17555206375392368,0.05798145536902569,0.8289886398633951,blend_gbdt_pl_points,post,2025,2025_19,0.3875088691723635
2,0,0.14624875581083568,0.04450445514845508,0.5814386244644566,blend_gbdt_pl_points,post,2025,2025_2,0.3875088691723635
3,1,0.1658625757469659,0.051894463362322674,0.9910438099037578,blend_gbdt_pl_points,post,2025,2025_20,0.3875088691723635
1,1,0.28901414661826463,0.10615380463015636,0.5700378671220162,blend_gbdt_pl_points,post,2025,2025_21,0.3875088691723635
1,0,0.4577179400792083,0.13246708521171904,0.35965385102969294,blend_gbdt_pl_points,post,2025,2025_22,0.3875088691723635
2,0,0.3565888296068322,0.1016168383153484,0.543969706302387,blend_gbdt_pl_points,post,2025,2025_23,0.3875088691723635
3,1,0.07968895076653283,0.01812994433740998,0.9910438099037578,blend_gbdt_pl_points,post,2025,2025_24,0.3875088691723635
3,0,0.09901543797728335,0.023941138039929193,0.9410924754941495,blend_gbdt_pl_points,post,2025,2025_3,0.3875088691723635
3,1,0.14051621560278368,0.04060207306324841,0.9910438099037578,blend_gbdt_pl_points,post,2025,2025_4,0.3875088691723635
2,0,0.17171394090491263,0.05444507469401745,0.7700811153575446,blend_gbdt_pl_points,post,2025,2025_5,0.3875088691723635
2,1,0.19799889850479843,0.06657661768599715,0.7752514992859421,blend_gbdt_pl_points,post,2025,2025_6,0.3875088691723635
2,0,0.12316908303249707,0.037790137133280964,0.7016765713029027,blend_gbdt_pl_points,post,2025,2025_7,0.3875088691723635
3,0,0.10494697162815247,0.027957629312887106,0.9068902034668286,blend_gbdt_pl_points,post,2025,2025_8,0.3875088691723635
2,1,0.19802168288870947,0.06550100189081154,0.8289886398633951,blend_gbdt_pl_points,post,2025,2025_9,0.3875088691723635
1,1,0.21899466303584694,0.07544002337340702,0.5700378671220162,blend_gbdt_pl_points,post,2026,2026_1,0.3875088691723635
2,1,0.1711845253289074,0.05533451286103852,0.7410492272586211,blend_gbdt_pl_points,post,2026,2026_10,0.3875088691723635
2,0,0.21685629777747195,0.07478654231759473,0.5008112441788239,blend_gbdt_pl_points,post,2026,2026_11,0.3875088691723635
3,0,0.14756608809717087,0.04232815532176158,0.9112385085066755,blend_gbdt_pl_points,post,2026,2026_12,0.3875088691723635
1,0,0.23472980792871623,0.07989789098531003,0.4104272643278517,blend_gbdt_pl_points,post,2026,2026_13,0.3875088691723635
2,1,0.15157642275363892,0.04557871819681108,0.785830177739832,blend_gbdt_pl_points,post,2026,2026_14,0.3875088691723635
1,1,0.2641451365560375,0.08970775091634181,0.5700378671220162,blend_gbdt_pl_points,post,2026,2026_15,0.3875088691723635
2,0,0.13375630825942023,0.038963629873119646,0.7700811153575446,blend_gbdt_pl_points,post,2026,2026_2,0.3875088691723635
2,1,0.24022194137749217,0.08198458324355015,0.7410492272586211,blend_gbdt_pl_points,post,2026,2026_3,0.3875088691723635
1,1,0.23772244595263883,0.08277521324940774,0.5700378671220162,blend_gbdt_pl_points,post,2026,2026_4,0.3875088691723635
1,0,0.2891742685963394,0.10380115312916273,0.35965385102969294,blend_gbdt_pl_points,post,2026,2026_5,0.3875088691723635
2,1,0.2574985732077708,0.07871502726197815,0.8289886398633951,blend_gbdt_pl_points,post,2026,2026_6,0.3875088691723635
2,0,0.19461570445427565,0.06523173975808642,0.543969706302387,blend_gbdt_pl_points,post,2026,2026_7,0.3875088691723635
2,0,0.19639775904028778,0.06353828434200721,0.7016765713029027,blend_gbdt_pl_points,post,2026,2026_8,0.3875088691723635
2,0,0.2416058946796494,0.08100353700974895,0.42100594278174164,blend_gbdt_pl_points,post,2026,2026_9,0.3875088691723635
3,1,0.12683509959058215,0.03265327851890345,0.9910438099037578,blend_gbdt_pl_points,pre,2021,2021_1,0.4509792743102106
1,0,0.3201360855916745,0.11162281313218256,0.35965385102969294,blend_gbdt_pl_points,pre,2021,2021_10,0.4509792743102106
1,0,0.45272166131582176,0.13530012414286618,0.2589507727413789,blend_gbdt_pl_points,pre,2021,2021_11,0.4509792743102106
2,0,0.37182467264453006,0.06981681968987156,0.7016765713029027,blend_gbdt_pl_points,pre,2021,2021_12,0.4509792743102106
3,1,0.1364739145259462,0.032633799779068995,1.0,blend_gbdt_pl_points,pre,2021,2021_13,0.4509792743102106
1,0,0.41555507092605826,0.1438039855085091,0.17101136013660487,blend_gbdt_pl_points,pre,2021,2021_14,0.4509792743102106
2,0,0.21150804969165776,0.0609471706303812,0.7700811153575446,blend_gbdt_pl_points,pre,2021,2021_15,0.4509792743102106
2,0,0.2901658883190664,0.09674009356942417,0.543969706302387,blend_gbdt_pl_points,pre,2021,2021_16,0.4509792743102106
2,0,0.1840235717954472,0.053179999429952315,0.7700811153575446,blend_gbdt_pl_points,pre,2021,2021_17,0.4509792743102106
2,1,0.16384178027352272,0.046508479401474144,0.8289886398633951,blend_gbdt_pl_points,pre,2021,2021_18,0.4509792743102106
3,0,0.1496438700007347,0.040126594259593064,0.9410924754941495,blend_gbdt_pl_points,pre,2021,2021_19,0.4509792743102106
2,0,0.2246421374058946,0.06909027345754096,0.6954461978888599,blend_gbdt_pl_points,pre,2021,2021_2,0.4509792743102106
2,1,0.2722831289845241,0.06893628514252806,0.8289886398633951,blend_gbdt_pl_points,pre,2021,2021_20,0.4509792743102106
3,1,0.13599767356705444,0.03312890907221567,1.0,blend_gbdt_pl_points,pre,2021,2021_21,0.4509792743102106
2,0,0.21557555586646832,0.06293010038383917,0.7700811153575446,blend_gbdt_pl_points,pre,2021,2021_22,0.4509792743102106
3,1,0.1252115491626406,0.030119612036622573,1.0,blend_gbdt_pl_points,pre,2021,2021_3,0.4509792743102106
3,1,0.11877364953200309,0.02799438025743887,1.0,blend_gbdt_pl_points,pre,2021,2021_4,0.4509792743102106
1,0,0.4159194084338848,0.14034311934855442,0.35965385102969294,blend_gbdt_pl_points,pre,2021,2021_5,0.4509792743102106
0,0,0.610925892429757,0.19483997479142842,0.0,blend_gbdt_pl_points,pre,2021,2021_6,0.4509792743102106
3,1,0.15219911449306342,0.03946617750246623,1.0,blend_gbdt_pl_points,pre,2021,2021_7,0.4509792743102106
2,1,0.1779442395352503,0.05294131095791904,0.8289886398633951,blend_gbdt_pl_points,pre,2021,2021_8,0.4509792743102106
1,1,0.270554039444088,0.09481575188077605,0.5700378671220162,blend_gbdt_pl_points,pre,2021,2021_9,0.4509792743102106
1,0,0.33784453455870767,0.11682343740118158,0.34202272027320973,blend_gbdt_pl_points,pre,2022,2022_1,0.4509792743102106
2,0,0.27499794230404906,0.09750580641356378,0.543969706302387,blend_gbdt_pl_points,pre,2022,2022_10,0.4509792743102106
1,0,0.24444694056712463,0.08602536632212268,0.4104272643278517,blend_gbdt_pl_points,pre,2022,2022_11,0.4509792743102106
1,0,0.3010899670558512,0.11125177159591851,0.35965385102969294,blend_gbdt_pl_points,pre,2022,2022_12,0.4509792743102106
1,0,0.288732311539361,0.10601397425160912,0.35965385102969294,blend_gbdt_pl_points,pre,2022,2022_13,0.4509792743102106
2,1,0.17907720734443996,0.05570899304894,0.8289886398633951,blend_gbdt_pl_points,pre,2022,2022_14,0.4509792743102106
1,1,0.2350293039655847,0.0811600024933331,0.5700378671220162,blend_gbdt_pl_points,pre,2022,2022_15,0.4509792743102106
2,1,0.1852112221579298,0.05889456475335825,0.8289886398633951,blend_gbdt_pl_points,pre,2022,2022_16,0.4509792743102106
1,0,0.31176182663690266,0.11095082863351233,0.2589507727413789,blend_gbdt_pl_points,pre,2022,2022_17,0.4509792743102106
3,1,0.13852163912991003,0.03817541114502882,1.0,blend_gbdt_pl_points,pre,2022,2022_18,0.4509792743102106
2,1,0.22972152491558914,0.07947710654824211,0.7410492272586211,blend_gbdt_pl_points,pre,2022,2022_19,0.4509792743102106
2,0,0.17772193398662156,0.05490486260558543,0.42996213287798374,blend_gbdt_pl_points,pre,2022,2022_2,0.4509792743102106
2,1,0.17806973658580852,0.055386839612613314,0.785830177739832,blend_gbdt_pl_points,pre,2022,2022_20,0.4509792743102106
0,0,0.3689510394982969,0.13903345170722836,0.0,blend_gbdt_pl_points,pre,2022,2022_21,0.4509792743102106
3,1,0.16052861997687068,0.046884637574123034,1.0,blend_gbdt_pl_points,pre,2022,2022_22,0.4509792743102106
1,0,0.3067758689041791,0.11055564944957966,0.35965385102969294,blend_gbdt_pl_points,pre,2022,2022_3,0.4509792743102106
2,0,0.34806293122133114,0.11016322425738503,0.5648674831936188,blend_gbdt_pl_points,pre,2022,2022_4,0.4509792743102106
2,1,0.1471195893055093,0.044359804595505314,0.8289886398633951,blend_gbdt_pl_points,pre,2022,2022_5,0.4509792743102106
2,1,0.27984773333496404,0.09734978552033148,0.7752514992859421,blend_gbdt_pl_points,pre,2022,2022_6,0.4509792743102106
2,0,0.18240341673763089,0.06026336866891664,0.6270416538342178,blend_gbdt_pl_points,pre,2022,2022_7,0.4509792743102106
2,1,0.21826429007526132,0.07256877851533775,0.8289886398633951,blend_gbdt_pl_points,pre,2022,2022_8,0.4509792743102106
1,1,0.2618484053383005,0.09280078037699335,0.5700378671220162,blend_gbdt_pl_points,pre,2022,2022_9,0.4509792743102106
2,1,0.3382444328989135,0.0869613707387707,0.8289886398633951,blend_gbdt_pl_points,pre,2023,2023_1,0.4509792743102106
2,1,0.32767586390971404,0.09257397830912732,0.7410492272586211,blend_gbdt_pl_points,pre,2023,2023_10,0.4509792743102106
2,1,0.2832117641887387,0.08455802147335592,0.785830177739832,blend_gbdt_pl_points,pre,2023,2023_11,0.4509792743102106
2,1,0.22999195490163343,0.07468331507725323,0.7752514992859421,blend_gbdt_pl_points,pre,2023,2023_12,0.4509792743102106
1,1,0.36373293793492717,0.10127181800634762,0.5700378671220162,blend_gbdt_pl_points,pre,2023,2023_13,0.4509792743102106
2,1,0.20368097242879063,0.06352747531112757,0.8289886398633951,blend_gbdt_pl_points,pre,2023,2023_14,0.4509792743102106
1,0,0.4489703776426112,0.15054054512998657,0.17101136013660487,blend_gbdt_pl_points,pre,2023,2023_15,0.4509792743102106
1,1,0.39242009508931386,0.11639382062805892,0.5700378671220162,blend_gbdt_pl_points,pre,2023,2023_16,0.4509792743102106
1,1,0.35869251067609326,0.11124333060296165,0.5700378671220162,blend_gbdt_pl_points,pre,2023,2023_17,0.4509792743102106
1,1,0.2523284059932427,0.08212670652160317,0.5700378671220162,blend_gbdt_pl_points,pre,2023,2023_18,0.4509792743102106
1,1,0.21984212217373772,0.07146014874797418,0.5700378671220162,blend_gbdt_pl_points,pre,2023,2023_19,0.4509792743102106
2,0,0.20988993621888924,0.06232301102519,0.7700811153575446,blend_gbdt_pl_points,pre,2023,2023_2,0.4509792743102106
1,1,0.32224286888514714,0.10422649476004453,0.5700378671220162,blend_gbdt_pl_points,pre,2023,2023_20,0.4509792743102106
2,1,0.20756657262136197,0.06652330222349018,0.7410492272586211,blend_gbdt_pl_points,pre,2023,2023_21,0.4509792743102106
1,1,0.22996570637750016,0.07680837239305635,0.5700378671220162,blend_gbdt_pl_points,pre,2023,2023_22,0.4509792743102106
1,0,0.2912578569808724,0.10237773436797722,0.35965385102969294,blend_gbdt_pl_points,pre,2023,2023_3,0.4509792743102106
2,0,0.24130222251610575,0.07811800171336915,0.6954461978888599,blend_gbdt_pl_points,pre,2023,2023_4,0.4509792743102106
2,1,0.1797044491168069,0.05348045082769944,0.8289886398633951,blend_gbdt_pl_points,pre,2023,2023_5,0.4509792743102106
2,1,0.3476709303193918,0.10190583844149761,0.7752514992859421,blend_gbdt_pl_points,pre,2023,2023_6,0.4509792743102106
2,1,0.2169649060786445,0.07049966340195327,0.7752514992859421,blend_gbdt_pl_points,pre,2023,2023_7,0.4509792743102106
2,1,0.200544319306808,0.06348728623375322,0.7410492272586211,blend_gbdt_pl_points,pre,2023,2023_8,0.4509792743102106
2,1,0.2216690376223167,0.07110559141193389,0.7410492272586211,blend_gbdt_pl_points,pre,2023,2023_9,0.4509792743102106
2,1,0.17658907235364082,0.05222392253358138,0.8289886398633951,blend_gbdt_pl_points,pre,2024,2024_1,0.4865125544090533
2,1,0.2321903842782942,0.07109465703420455,0.8289886398633951,blend_gbdt_pl_points,pre,2024,2024_10,0.4865125544090533
0,0,0.3750704540821693,0.13878295703295435,0.0,blend_gbdt_pl_points,pre,2024,2024_11,0.4865125544090533
2,0,0.23506687844147792,0.07535153739219934,0.5814386244644566,blend_gbdt_pl_points,pre,2024,2024_12,0.4865125544090533
1,0,0.33591297973276296,0.12022943899152391,0.2589507727413789,blend_gbdt_pl_points,pre,2024,2024_13,0.4865125544090533
1,0,0.3116308699025313,0.11314680819942749,0.20521363216392585,blend_gbdt_pl_points,pre,2024,2024_14,0.4865125544090533
2,0,0.1877400958835076,0.05613120396374368,0.7700811153575446,blend_gbdt_pl_points,pre,2024,2024_15,0.4865125544090533
2,0,0.2473692709757771,0.08454089194483379,0.42996213287798374,blend_gbdt_pl_points,pre,2024,2024_16,0.4865125544090533
1,0,0.2917970042672412,0.10293328202929064,0.2850189335610081,blend_gbdt_pl_points,pre,2024,2024_17,0.4865125544090533
3,0,0.15825406518253585,0.042278869124286564,0.9112385085066755,blend_gbdt_pl_points,pre,2024,2024_18,0.4865125544090533
1,0,0.28819607753822574,0.10312477206110056,0.17101136013660487,blend_gbdt_pl_points,pre,2024,2024_19,0.4865125544090533
3,1,0.1383254662945303,0.035281880454252734,1.0,blend_gbdt_pl_points,pre,2024,2024_2,0.4865125544090533
1,0,0.23588205969746645,0.08018227854975775,0.4104272643278517,blend_gbdt_pl_points,pre,2024,2024_20,0.4865125544090533
1,1,0.67616848246509,0.14976372192500095,0.5700378671220162,blend_gbdt_pl_points,pre,2024,2024_21,0.4865125544090533
0,0,0.4289954612176497,0.16252768775262044,0.0,blend_gbdt_pl_points,pre,2024,2024_22,0.4865125544090533
2,0,0.22221673773824918,0.07243638768849217,0.7700811153575446,blend_gbdt_pl_points,pre,2024,2024_23,0.4865125544090533
2,0,0.25160445704752255,0.08728089543572023,0.5008112441788239,blend_gbdt_pl_points,pre,2024,2024_24,0.4865125544090533
1,0,0.4098349518351149,0.14433933298377155,0.20521363216392585,blend_gbdt_pl_points,pre,2024,2024_3,0.4865125544090533
3,1,0.15990935079482332,0.04554033178389412,1.0,blend_gbdt_pl_points,pre,2024,2024_4,0.4865125544090533
2,1,0.19667964272704194,0.06098207574571916,0.785830177739832,blend_gbdt_pl_points,pre,2024,2024_5,0.4865125544090533
2,0,0.20600200638982313,0.06619788061406998,0.5814386244644566,blend_gbdt_pl_points,pre,2024,2024_6,0.4865125544090533
1,1,0.21478253200103828,0.07189985485528481,0.5700378671220162,blend_gbdt_pl_points,pre,2024,2024_7,0.4865125544090533
1,0,0.33200214648166526,0.12123407719042709,0.2850189335610081,blend_gbdt_pl_points,pre,2024,2024_8,0.4865125544090533
2,1,0.24764685967395503,0.07881213809868118,0.8289886398633951,blend_gbdt_pl_points,pre,2024,2024_9,0.4865125544090533
1,1,0.23546222378495624,0.07986728847202852,0.5700378671220162,blend_gbdt_pl_points,pre,2025,2025_1,0.4865125544090533
1,0,0.3795639879158322,0.13849642792064537,0.20521363216392585,blend_gbdt_pl_points,pre,2025,2025_10,0.4865125544090533
2,0,0.1827820782267624,0.057344876554503973,0.7700811153575446,blend_gbdt_pl_points,pre,2025,2025_11,0.4865125544090533
2,0,0.3332488251744484,0.0704754078604932,0.7700811153575446,blend_gbdt_pl_points,pre,2025,2025_12,0.4865125544090533
2,0,0.16939890855476453,0.05054158022646503,0.7700811153575446,blend_gbdt_pl_points,pre,2025,2025_13,0.4865125544090533
2,0,0.14920237147007456,0.0430707834155259,0.7700811153575446,blend_gbdt_pl_points,pre,2025,2025_14,0.4865125544090533
1,0,0.42354177722382474,0.1180204141324871,0.35965385102969294,blend_gbdt_pl_points,pre,2025,2025_15,0.4865125544090533
2,0,0.1242627109550157,0.035028336628861366,0.6262195749456675,blend_gbdt_pl_points,pre,2025,2025_16,0.4865125544090533
1,0,0.5637240854977373,0.16639007328039052,0.2850189335610081,blend_gbdt_pl_points,pre,2025,2025_17,0.4865125544090533
2,0,0.20495477766074394,0.06836498973138752,0.42100594278174164,blend_gbdt_pl_points,pre,2025,2025_18,0.4865125544090533
2,0,0.2529815587498748,0.08727912245901179,0.543969706302387,blend_gbdt_pl_points,pre,2025,2025_19,0.4865125544090533
2,0,0.16298843217678047,0.04998545719977324,0.5814386244644566,blend_gbdt_pl_points,pre,2025,2025_2,0.4865125544090533
2,0,0.23440097036851681,0.07981959005596687,0.5008112441788239,blend_gbdt_pl_points,pre,2025,2025_20,0.4865125544090533
2,1,0.2495317869435579,0.07892355676649793,0.7410492272586211,blend_gbdt_pl_points,pre,2025,2025_21,0.4865125544090533
1,0,0.3347718866696029,0.1228675093386157,0.2850189335610081,blend_gbdt_pl_points,pre,2025,2025_22,0.4865125544090533
2,0,0.3873278404229198,0.1124436135525609,0.5648674831936188,blend_gbdt_pl_points,pre,2025,2025_23,0.4865125544090533
3,0,0.11340904015625704,0.02688914844709339,0.9068902034668286,blend_gbdt_pl_points,pre,2025,2025_24,0.4865125544090533
2,0,0.14966994704637343,0.04468651040292087,0.6262195749456675,blend_gbdt_pl_points,pre,2025,2025_3,0.4865125544090533
2,0,0.15221949731727363,0.042997403613866655,0.7016765713029027,blend_gbdt_pl_points,pre,2025,2025_4,0.4865125544090533
1,1,0.21923879049702522,0.07445597978008082,0.5700378671220162,blend_gbdt_pl_points,pre,2025,2025_5,0.4865125544090533
2,1,0.16557991956083923,0.0495971687840678,0.8289886398633951,blend_gbdt_pl_points,pre,2025,2025_6,0.4865125544090533
2,0,0.1748460166986634,0.05328651504695653,0.7016765713029027,blend_gbdt_pl_points,pre,2025,2025_7,0.4865125544090533
2,0,0.20742363191755278,0.06712103014923082,0.7016765713029027,blend_gbdt_pl_points,pre,2025,2025_8,0.4865125544090533
2,1,0.18615093613347158,0.057507446730699796,0.8289886398633951,blend_gbdt_pl_points,pre,2025,2025_9,0.4865125544090533
0,0,0.3918715098980405,0.1491084184710299,0.0,blend_gbdt_pl_points,pre,2026,2026_1,0.4865125544090533
1,1,0.2259659028682721,0.07544028880509702,0.5700378671220162,blend_gbdt_pl_points,pre,2026,2026_10,0.4865125544090533
1,0,0.23245507844384658,0.07810559491443875,0.34202272027320973,blend_gbdt_pl_points,pre,2026,2026_11,0.4865125544090533
2,0,0.20266827289854347,0.0660944282676515,0.5814386244644566,blend_gbdt_pl_points,pre,2026,2026_12,0.4865125544090533
2,1,0.21658204342367607,0.07140095855047733,0.7752514992859421,blend_gbdt_pl_points,pre,2026,2026_13,0.4865125544090533
1,1,0.21324665570409493,0.07059227297480691,0.5700378671220162,blend_gbdt_pl_points,pre,2026,2026_14,0.4865125544090533
1,0,0.3322430148951823,0.11633468288487103,0.35965385102969294,blend_gbdt_pl_points,pre,2026,2026_15,0.4865125544090533
2,0,0.19861607172526197,0.06123489645807438,0.7700811153575446,blend_gbdt_pl_points,pre,2026,2026_2,0.4865125544090533
2,0,0.26681284305986913,0.08975793665558231,0.5306652111662978,blend_gbdt_pl_points,pre,2026,2026_3,0.4865125544090533
1,1,0.2204049813175086,0.0758945164899701,0.5700378671220162,blend_gbdt_pl_points,pre,2026,2026_4,0.4865125544090533
1,1,0.2663954457545672,0.0935969405204773,0.5700378671220162,blend_gbdt_pl_points,pre,2026,2026_5,0.4865125544090533
1,1,0.30383976435373655,0.09359407296499503,0.5700378671220162,blend_gbdt_pl_points,pre,2026,2026_6,0.4865125544090533
2,0,0.2709958981544458,0.09649442035985469,0.5648674831936188,blend_gbdt_pl_points,pre,2026,2026_7,0.4865125544090533
2,0,0.18795807664070124,0.0579595058373893,0.7016765713029027,blend_gbdt_pl_points,pre,2026,2026_8,0.4865125544090533
2,0,0.24533876988727057,0.08531616770800085,0.42996213287798374,blend_gbdt_pl_points,pre,2026,2026_9,0.4865125544090533
3,1,0.1116451902036513,0.026922275364741254,1.0,blend_lgb_pl,post,2021,2021_1,0.3875088691723635
2,0,0.28012689006546465,0.0936463136332797,0.5306652111662978,blend_lgb_pl,post,2021,2021_10,0.3875088691723635
1,0,0.4470826975310197,0.1353482517373327,0.4104272643278517,blend_lgb_pl,post,2021,2021_11,0.3875088691723635
2,0,0.2642072676973964,0.060725988478922376,0.7016765713029027,blend_lgb_pl,post,2021,2021_12,0.3875088691723635
3,0,0.11162022979265288,0.024685198479284166,0.9410924754941495,blend_lgb_pl,post,2021,2021_13,0.3875088691723635
2,0,0.4435826085993974,0.13505496956859664,0.5648674831936188,blend_lgb_pl,post,2021,2021_14,0.3875088691723635
1,0,0.2759833355357846,0.09566141439537114,0.17101136013660487,blend_lgb_pl,post,2021,2021_15,0.3875088691723635
2,0,0.2416197594710297,0.07792187295546901,0.6954461978888599,blend_lgb_pl,post,2021,2021_16,0.3875088691723635
2,1,0.15399194816280515,0.04259327599389458,0.8289886398633951,blend_lgb_pl,post,2021,2021_17,0.3875088691723635
2,1,0.15880289306190187,0.04966578520492289,0.8289886398633951,blend_lgb_pl,post,2021,2021_18,0.3875088691723635
2,0,0.19755119925477233,0.06182584679062331,0.6262195749456675,blend_lgb_pl,post,2021,2021_19,0.3875088691723635
2,0,0.23150617067800244,0.06224984026877893,0.7700811153575446,blend_lgb_pl,post,2021,2021_2,0.3875088691723635
2,1,0.19200214844589136,0.056201417872702754,0.8289886398633951,blend_lgb_pl,post,2021,2021_20,0.3875088691723635
3,1,0.10705376823821308,0.025193876108082748,1.0,blend_lgb_pl,post,2021,2021_21,0.3875088691723635
2,0,0.19115848839557806,0.05435021407758807,0.7700811153575446,blend_lgb_pl,post,2021,2021_22,0.3875088691723635
3,1,0.09487188614373435,0.021796005555397013,0.9910438099037578,blend_lgb_pl,post,2021,2021_3,0.3875088691723635
3,1,0.09470635425779174,0.020804781625655463,1.0,blend_lgb_pl,post,2021,2021_4,0.3875088691723635
1,0,0.32870872036779314,0.11990421244832383,0.35965385102969294,blend_lgb_pl,post,2021,2021_5,0.3875088691723635
0,0,0.6026817413001967,0.18718318180366436,0.0,blend_lgb_pl,post,2021,2021_6,0.3875088691723635
3,1,0.1199514647448257,0.03031735284813803,1.0,blend_lgb_pl,post,2021,2021_7,0.3875088691723635
2,1,0.16923980082825957,0.051518189377214765,0.8289886398633951,blend_lgb_pl,post,2021,2021_8,0.3875088691723635
1,1,0.2794991077397605,0.10061185897442584,0.5700378671220162,blend_lgb_pl,post,2021,2021_9,0.3875088691723635
2,0,0.2641426999193292,0.08507397650385681,0.5008112441788239,blend_lgb_pl,post,2022,2022_1,0.3875088691723635
1,0,0.33324529646654144,0.12035038370827526,0.35965385102969294,blend_lgb_pl,post,2022,2022_10,0.3875088691723635
2,0,0.22931054732708808,0.07417522364420438,0.7700811153575446,blend_lgb_pl,post,2022,2022_11,0.3875088691723635
1,0,0.2930034637965552,0.10868867165097543,0.35965385102969294,blend_lgb_pl,post,2022,2022_12,0.3875088691723635
1,0,0.32056052806798774,0.11662802328591607,0.34202272027320973,blend_lgb_pl,post,2022,2022_13,0.3875088691723635
3,0,0.1127862303450391,0.02660018492168701,0.9068902034668286,blend_lgb_pl,post,2022,2022_14,0.3875088691723635
2,1,0.2320866069582813,0.08165841954259939,0.7410492272586211,blend_lgb_pl,post,2022,2022_15,0.3875088691723635
3,1,0.09330461735859244,0.01955413653650443,1.0,blend_lgb_pl,post,2022,2022_16,0.3875088691723635
1,0,0.22545413228357875,0.07964197564845794,0.4104272643278517,blend_lgb_pl,post,2022,2022_17,0.3875088691723635
2,1,0.15031221154660113,0.047750438108079586,0.7410492272586211,blend_lgb_pl,post,2022,2022_18,0.3875088691723635
2,1,0.2267807127532758,0.08124455267783721,0.7752514992859421,blend_lgb_pl,post,2022,2022_19,0.3875088691723635
2,1,0.15016072286452248,0.04782728032401463,0.7752514992859421,blend_lgb_pl,post,2022,2022_2,0.3875088691723635
2,1,0.15792167861594625,0.05002980122978483,0.7410492272586211,blend_lgb_pl,post,2022,2022_20,0.3875088691723635
1,0,0.3594148378800823,0.1180701063771444,0.35965385102969294,blend_lgb_pl,post,2022,2022_21,0.3875088691723635
3,1,0.1272763798669208,0.03440604706401097,0.9910438099037578,blend_lgb_pl,post,2022,2022_22,0.3875088691723635
2,0,0.30048862646455426,0.09777287053625398,0.5648674831936188,blend_lgb_pl,post,2022,2022_3,0.3875088691723635
2,1,0.2912778027712836,0.09861012335558075,0.7752514992859421,blend_lgb_pl,post,2022,2022_4,0.3875088691723635
3,1,0.09935374136856191,0.025742413058467323,1.0,blend_lgb_pl,post,2022,2022_5,0.3875088691723635
1,0,0.33271488639143765,0.11763461304625031,0.35965385102969294,blend_lgb_pl,post,2022,2022_6,0.3875088691723635
2,0,0.17921891905990764,0.05977234537451227,0.5472363524371356,blend_lgb_pl,post,2022,2022_7,0.3875088691723635
2,1,0.24942983968169666,0.08285216692764989,0.8289886398633951,blend_lgb_pl,post,2022,2022_8,0.3875088691723635
2,1,0.12965261991211402,0.039566892762790094,0.8289886398633951,blend_lgb_pl,post,2022,2022_9,0.3875088691723635
2,1,0.24137432676774756,0.07364795689824086,0.8289886398633951,blend_lgb_pl,post,2023,2023_1,0.41804122835926455
1,1,0.23993989106655525,0.07968944651723016,0.5700378671220162,blend_lgb_pl,post,2023,2023_10,0.41804122835926455
2,1,0.22706756436792844,0.07981193706781133,0.7752514992859421,blend_lgb_pl,post,2023,2023_11,0.41804122835926455
2,1,0.18421591759260508,0.05851248117246407,0.7752514992859421,blend_lgb_pl,post,2023,2023_12,0.41804122835926455
1,1,0.38476728494844153,0.10031315407941437,0.5700378671220162,blend_lgb_pl,post,2023,2023_13,0.41804122835926455
2,1,0.1521507416199384,0.04580642158495896,0.785830177739832,blend_lgb_pl,post,2023,2023_14,0.41804122835926455
1,0,0.2757335688589714,0.09709510514244056,0.35965385102969294,blend_lgb_pl,post,2023,2023_15,0.41804122835926455
1,1,0.22075683740246207,0.07382894195646773,0.5700378671220162,blend_lgb_pl,post,2023,2023_16,0.41804122835926455
1,1,0.3968691832793923,0.12602644349615538,0.5700378671220162,blend_lgb_pl,post,2023,2023_17,0.41804122835926455
1,1,0.21849418306662255,0.07308060045821635,0.5700378671220162,blend_lgb_pl,post,2023,2023_18,0.41804122835926455
2,1,0.18697988616335284,0.06208925466723988,0.785830177739832,blend_lgb_pl,post,2023,2023_19,0.41804122835926455
2,1,0.2304237584014186,0.07545386691137693,0.7410492272586211,blend_lgb_pl,post,2023,2023_2,0.41804122835926455
1,1,0.25675421865822373,0.08574108332405062,0.5700378671220162,blend_lgb_pl,post,2023,2023_20,0.41804122835926455
2,1,0.21657017481033924,0.07068704470018594,0.7752514992859421,blend_lgb_pl,post,2023,2023_21,0.41804122835926455
3,1,0.16672391702562928,0.05076679332883142,1.0,blend_lgb_pl,post,2023,2023_22,0.41804122835926455
2,1,0.2543284027583269,0.08582482315100044,0.7752514992859421,blend_lgb_pl,post,2023,2023_3,0.41804122835926455
3,0,0.12931069415425597,0.034455248243746565,0.9112385085066755,blend_lgb_pl,post,2023,2023_4,0.41804122835926455
3,0,0.14507655265088532,0.03878925311744343,0.9410924754941495,blend_lgb_pl,post,2023,2023_5,0.41804122835926455
2,1,0.19553008522857682,0.062294616258726974,0.8289886398633951,blend_lgb_pl,post,2023,2023_6,0.41804122835926455
2,1,0.23998845885023717,0.07737870709537212,0.7752514992859421,blend_lgb_pl,post,2023,2023_7,0.41804122835926455
2,1,0.13523699718704402,0.0386621415688345,0.785830177739832,blend_lgb_pl,post,2023,2023_8,0.41804122835926455
2,1,0.24143792878591297,0.07403552297959651,0.8289886398633951,blend_lgb_pl,post,2023,2023_9,0.41804122835926455
1,1,0.2052684775259545,0.06970812278346958,0.5700378671220162,blend_lgb_pl,post,2024,2024_1,0.41804122835926455
2,1,0.15201302494472071,0.04402958687858256,0.8289886398633951,blend_lgb_pl,post,2024,2024_10,0.41804122835926455
1,0,0.392921070505861,0.13567189754761777,0.17101136013660487,blend_lgb_pl,post,2024,2024_11,0.41804122835926455
2,0,0.17609475519954362,0.058085330269736724,0.6954461978888599,blend_lgb_pl,post,2024,2024_12,0.41804122835926455
2,0,0.2920887549362551,0.10011707208508477,0.543969706302387,blend_lgb_pl,post,2024,2024_13,0.41804122835926455
2,0,0.26571170809081873,0.09358498888144423,0.5306652111662978,blend_lgb_pl,post,2024,2024_14,0.41804122835926455
2,0,0.1815985654651032,0.05382022426698185,0.7700811153575446,blend_lgb_pl,post,2024,2024_15,0.41804122835926455
2,0,0.20838342457101092,0.06719984837443824,0.6009734930145886,blend_lgb_pl,post,2024,2024_16,0.41804122835926455
2,0,0.23488666695772392,0.07917646759193099,0.6954461978888599,blend_lgb_pl,post,2024,2024_17,0.41804122835926455
3,0,0.14643024128605106,0.040269202827466245,0.9410924754941495,blend_lgb_pl,post,2024,2024_18,0.41804122835926455
1,0,0.25992763863154,0.0907696962016282,0.21579231061781579,blend_lgb_pl,post,2024,2024_19,0.41804122835926455
3,1,0.12371251807624992,0.03223067539379388,1.0,blend_lgb_pl,post,2024,2024_2,0.41804122835926455
2,0,0.1615110894323779,0.0509478426466365,0.7700811153575446,blend_lgb_pl,post,2024,2024_20,0.41804122835926455
0,0,0.8106591695410386,0.20824913039642395,0.0,blend_lgb_pl,post,2024,2024_21,0.41804122835926455
1,0,0.3041824086365691,0.10822013293986969,0.21579231061781579,blend_lgb_pl,post,2024,2024_22,0.41804122835926455
1,1,0.2571787474356984,0.08738192959486832,0.5700378671220162,blend_lgb_pl,post,2024,2024_23,0.41804122835926455
1,1,0.29601574060033503,0.10258849791692166,0.5700378671220162,blend_lgb_pl,post,2024,2024_24,0.41804122835926455
1,0,0.432561317098967,0.1326438456761485,0.35965385102969294,blend_lgb_pl,post,2024,2024_3,0.41804122835926455
3,1,0.12807023181311034,0.03406591139737915,1.0,blend_lgb_pl,post,2024,2024_4,0.41804122835926455
2,1,0.15864425134541868,0.04675367599657127,0.785830177739832,blend_lgb_pl,post,2024,2024_5,0.41804122835926455
2,0,0.2012116634703486,0.06746825941325343,0.5814386244644566,blend_lgb_pl,post,2024,2024_6,0.41804122835926455
2,1,0.1690498398182631,0.05394678564947856,0.7410492272586211,blend_lgb_pl,post,2024,2024_7,0.41804122835926455
2,0,0.22362393410821862,0.0765522518718699,0.5648674831936188,blend_lgb_pl,post,2024,2024_8,0.41804122835926455
3,1,0.12323963946593697,0.03105169297833895,1.0,blend_lgb_pl,post,2024,2024_9,0.41804122835926455
2,1,0.18966964967361027,0.064453041290285,0.7752514992859421,blend_lgb_pl,post,2025,2025_1,0.41804122835926455
2,0,0.22474296988682596,0.07663115387703436,0.5648674831936188,blend_lgb_pl,post,2025,2025_10,0.41804122835926455
3,1,0.0992549830322513,0.023188321931989306,1.0,blend_lgb_pl,post,2025,2025_11,0.41804122835926455
2,0,0.4584967967570653,0.08857477709206234,0.7700811153575446,blend_lgb_pl,post,2025,2025_12,0.41804122835926455
2,0,0.10971146061834602,0.03347649005891546,0.7700811153575446,blend_lgb_pl,post,2025,2025_13,0.41804122835926455
2,0,0.13248508747685397,0.043361220433166495,0.7700811153575446,blend_lgb_pl,post,2025,2025_14,0.41804122835926455
2,0,0.32592527984531433,0.10617435531008121,0.5648674831936188,blend_lgb_pl,post,2025,2025_15,0.41804122835926455
3,0,0.0801294486242328,0.01620765741587842,0.9112385085066755,blend_lgb_pl,post,2025,2025_16,0.41804122835926455
1,1,0.32151680843215974,0.11009045546730312,0.5700378671220162,blend_lgb_pl,post,2025,2025_17,0.41804122835926455
2,0,0.15336839663260937,0.047649159697222006,0.6954461978888599,blend_lgb_pl,post,2025,2025_18,0.41804122835926455
2,1,0.16954068474542336,0.05428576831782339,0.8289886398633951,blend_lgb_pl,post,2025,2025_19,0.41804122835926455
3,1,0.1358860782165264,0.03798373305283904,1.0,blend_lgb_pl,post,2025,2025_2,0.41804122835926455
3,1,0.1669592578335797,0.05141910274754743,1.0,blend_lgb_pl,post,2025,2025_20,0.41804122835926455
1,1,0.3164106010959398,0.11198535263883018,0.5700378671220162,blend_lgb_pl,post,2025,2025_21,0.41804122835926455
1,0,0.48015166104430496,0.13207750347931496,0.35965385102969294,blend_lgb_pl,post,2025,2025_22,0.41804122835926455
2,0,0.32656402133885437,0.09896347454254864,0.543969706302387,blend_lgb_pl,post,2025,2025_23,0.41804122835926455
3,1,0.08041373125804305,0.017627936537596884,0.9910438099037578,blend_lgb_pl,post,2025,2025_24,0.41804122835926455
3,0,0.10044388913620161,0.022443110600882245,0.9410924754941495,blend_lgb_pl,post,2025,2025_3,0.41804122835926455
3,1,0.15216741208652723,0.04467240987506603,1.0,blend_lgb_pl,post,2025,2025_4,0.41804122835926455
2,0,0.1624580365317174,0.04973669388024437,0.7700811153575446,blend_lgb_pl,post,2025,2025_5,0.41804122835926455
2,0,0.2154233108737607,0.07251667639265726,0.5648674831936188,blend_lgb_pl,post,2025,2025_6,0.41804122835926455
2,0,0.13623608862421888,0.043094205846238305,0.7016765713029027,blend_lgb_pl,post,2025,2025_7,0.41804122835926455
3,0,0.10246534917466835,0.024933090368034837,0.9068902034668286,blend_lgb_pl,post,2025,2025_8,0.41804122835926455
2,1,0.2062479311059349,0.06844123934635947,0.8289886398633951,blend_lgb_pl,post,2025,2025_9,0.41804122835926455
1,1,0.2095950071886575,0.0715920898473945,0.5700378671220162,blend_lgb_pl,post,2026,2026_1,0.41804122835926455
2,1,0.15343134341628464,0.046270810696603035,0.785830177739832,blend_lgb_pl,post,2026,2026_10,0.41804122835926455
2,0,0.2193656834388629,0.075580062236288,0.5306652111662978,blend_lgb_pl,post,2026,2026_11,0.41804122835926455
3,1,0.14777315161426824,0.041636840947628484,0.9910438099037578,blend_lgb_pl,post,2026,2026_12,0.41804122835926455
1,0,0.2642688290170894,0.09109250865888163,0.4104272643278517,blend_lgb_pl,post,2026,2026_13,0.41804122835926455
3,1,0.138246057619639,0.03831105289058598,0.9910438099037578,blend_lgb_pl,post,2026,2026_14,0.41804122835926455
1,1,0.25073463236363813,0.08611869995232534,0.5700378671220162,blend_lgb_pl,post,2026,2026_15,0.41804122835926455
2,0,0.14576002055598594,0.043057393454651545,0.7700811153575446,blend_lgb_pl,post,2026,2026_2,0.41804122835926455
2,1,0.19958273046441688,0.06866988387012223,0.7410492272586211,blend_lgb_pl,post,2026,2026_3,0.41804122835926455
1,1,0.25652847288021535,0.09034025584263652,0.5700378671220162,blend_lgb_pl,post,2026,2026_4,0.41804122835926455
1,0,0.29312722867364505,0.10545463548909116,0.35965385102969294,blend_lgb_pl,post,2026,2026_5,0.41804122835926455
2,1,0.2469692111690135,0.08019429825465269,0.7752514992859421,blend_lgb_pl,post,2026,2026_6,0.41804122835926455
2,0,0.18736399649903224,0.06188270975354109,0.543969706302387,blend_lgb_pl,post,2026,2026_7,0.41804122835926455
2,0,0.19539504968230012,0.06310326437975969,0.7016765713029027,blend_lgb_pl,post,2026,2026_8,0.41804122835926455
2,0,0.247844562779955,0.08347029412870238,0.5306652111662978,blend_lgb_pl,post,2026,2026_9,0.41804122835926455
3,1,0.14292963723966945,0.039452958544454894,0.9910438099037578,blend_lgb_pl,pre,2021,2021_1,0.4509792743102106
1,0,0.339822574364084,0.11706393424826819,0.35965385102969294,blend_lgb_pl,pre,2021,2021_10,0.4509792743102106
1,0,0.4375215612397249,0.13481323172957982,0.2589507727413789,blend_lgb_pl,pre,2021,2021_11,0.4509792743102106
2,0,0.362680676612653,0.06806181065689114,0.7016765713029027,blend_lgb_pl,pre,2021,2021_12,0.4509792743102106
3,1,0.1425349404882004,0.03414099618029272,1.0,blend_lgb_pl,pre,2021,2021_13,0.4509792743102106
1,0,0.43621754942984936,0.15043688684306195,0.17101136013660487,blend_lgb_pl,pre,2021,2021_14,0.4509792743102106
2,0,0.20802964848725986,0.05926838412329062,0.7700811153575446,blend_lgb_pl,pre,2021,2021_15,0.4509792743102106
2,0,0.3258248486695634,0.10519826865505003,0.543969706302387,blend_lgb_pl,pre,2021,2021_16,0.4509792743102106
2,0,0.19775897380562282,0.05606552554838856,0.7700811153575446,blend_lgb_pl,pre,2021,2021_17,0.4509792743102106
2,1,0.17569375993807637,0.050216177354079405,0.8289886398633951,blend_lgb_pl,pre,2021,2021_18,0.4509792743102106
3,0,0.161444964029773,0.04465498132161492,0.9410924754941495,blend_lgb_pl,pre,2021,2021_19,0.4509792743102106
2,0,0.25783931538814875,0.07711456003608898,0.6954461978888599,blend_lgb_pl,pre,2021,2021_2,0.4509792743102106
2,1,0.25624581410555847,0.06501573600722191,0.8289886398633951,blend_lgb_pl,pre,2021,2021_20,0.4509792743102106
3,1,0.13764665690958458,0.03346774847815887,1.0,blend_lgb_pl,pre,2021,2021_21,0.4509792743102106
2,0,0.21101536325826528,0.06087808825658629,0.7700811153575446,blend_lgb_pl,pre,2021,2021_22,0.4509792743102106
3,1,0.11807439222906477,0.027574677395520518,1.0,blend_lgb_pl,pre,2021,2021_3,0.4509792743102106
3,1,0.1194375119445243,0.02918484300333261,1.0,blend_lgb_pl,pre,2021,2021_4,0.4509792743102106
1,0,0.4480554336616466,0.14466224605002842,0.35965385102969294,blend_lgb_pl,pre,2021,2021_5,0.4509792743102106
0,0,0.6093200425376081,0.19327640835967796,0.0,blend_lgb_pl,pre,2021,2021_6,0.4509792743102106
3,1,0.15740084827710954,0.041266574618904726,1.0,blend_lgb_pl,pre,2021,2021_7,0.4509792743102106
2,1,0.18169910409985346,0.0542497001773668,0.8289886398633951,blend_lgb_pl,pre,2021,2021_8,0.4509792743102106
1,1,0.2799105477087071,0.0963844425075998,0.5700378671220162,blend_lgb_pl,pre,2021,2021_9,0.4509792743102106
1,0,0.38538308615063444,0.12579075743314855,0.34202272027320973,blend_lgb_pl,pre,2022,2022_1,0.4509792743102106
2,0,0.2820558677606744,0.09955090102882846,0.5648674831936188,blend_lgb_pl,pre,2022,2022_10,0.4509792743102106
1,0,0.24928330405789087,0.08905577901522033,0.4104272643278517,blend_lgb_pl,pre,2022,2022_11,0.4509792743102106
1,0,0.3089755866846894,0.11567174405875821,0.35965385102969294,blend_lgb_pl,pre,2022,2022_12,0.4509792743102106
1,1,0.2854276831166693,0.10508807482595586,0.5700378671220162,blend_lgb_pl,pre,2022,2022_13,0.4509792743102106
2,1,0.1709636541230061,0.05306047246706821,0.7410492272586211,blend_lgb_pl,pre,2022,2022_14,0.4509792743102106
1,1,0.25245171576481823,0.08866095946355042,0.5700378671220162,blend_lgb_pl,pre,2022,2022_15,0.4509792743102106
2,1,0.18348911081208813,0.05870491145148219,0.8289886398633951,blend_lgb_pl,pre,2022,2022_16,0.4509792743102106
1,0,0.35336184215026273,0.12035159027020632,0.2589507727413789,blend_lgb_pl,pre,2022,2022_17,0.4509792743102106
3,1,0.13918025196861994,0.03945874173942704,0.9910438099037578,blend_lgb_pl,pre,2022,2022_18,0.4509792743102106
1,1,0.22622338543571358,0.0789542374993076,0.5700378671220162,blend_lgb_pl,pre,2022,2022_19,0.4509792743102106
2,1,0.16065368810717007,0.05002904893029551,0.7752514992859421,blend_lgb_pl,pre,2022,2022_2,0.4509792743102106
2,1,0.17644937428397414,0.05543585556354241,0.785830177739832,blend_lgb_pl,pre,2022,2022_20,0.4509792743102106
0,0,0.37359972593676655,0.1366048215126721,0.0,blend_lgb_pl,pre,2022,2022_21,0.4509792743102106
2,1,0.16890050401325057,0.05102234250171748,0.8289886398633951,blend_lgb_pl,pre,2022,2022_22,0.4509792743102106
1,0,0.3253978217079492,0.11348852784349683,0.35965385102969294,blend_lgb_pl,pre,2022,2022_3,0.4509792743102106
2,1,0.33436268813879905,0.10253652294056251,0.7752514992859421,blend_lgb_pl,pre,2022,2022_4,0.4509792743102106
2,1,0.14307814309393557,0.04453271941490363,0.8289886398633951,blend_lgb_pl,pre,2022,2022_5,0.4509792743102106
1,1,0.3079316127580376,0.10645867862520382,0.5700378671220162,blend_lgb_pl,pre,2022,2022_6,0.4509792743102106
2,0,0.17734132462952398,0.05991480375502291,0.6270416538342178,blend_lgb_pl,pre,2022,2022_7,0.4509792743102106
2,1,0.2298814357572332,0.07615554626803782,0.8289886398633951,blend_lgb_pl,pre,2022,2022_8,0.4509792743102106
1,1,0.2530183802858928,0.08998658462064962,0.5700378671220162,blend_lgb_pl,pre,2022,2022_9,0.4509792743102106
2,1,0.34096639574812093,0.09238440265303147,0.7752514992859421,blend_lgb_pl,pre,2023,2023_1,0.4865125544090533
2,1,0.3279792449180797,0.09123925929100637,0.785830177739832,blend_lgb_pl,pre,2023,2023_10,0.4865125544090533
2,1,0.29883312923948036,0.0891258500954716,0.7410492272586211,blend_lgb_pl,pre,2023,2023_11,0.4865125544090533
1,1,0.24638836548035298,0.08178118479515198,0.5700378671220162,blend_lgb_pl,pre,2023,2023_12,0.4865125544090533
1,1,0.3480779063978222,0.09974945136139075,0.5700378671220162,blend_lgb_pl,pre,2023,2023_13,0.4865125544090533
2,1,0.2056380691501964,0.06478827263687251,0.7752514992859421,blend_lgb_pl,pre,2023,2023_14,0.4865125544090533
1,0,0.4395446146773905,0.14366252556102857,0.17101136013660487,blend_lgb_pl,pre,2023,2023_15,0.4865125544090533
1,1,0.3676931473023126,0.11096238626740391,0.5700378671220162,blend_lgb_pl,pre,2023,2023_16,0.4865125544090533
1,1,0.3572035688339729,0.11003598903475038,0.5700378671220162,blend_lgb_pl,pre,2023,2023_17,0.4865125544090533
1,1,0.2495699673013802,0.08065171295703373,0.5700378671220162,blend_lgb_pl,pre,2023,2023_18,0.4865125544090533
1,1,0.21578704251622893,0.06941461995652282,0.5700378671220162,blend_lgb_pl,pre,2023,2023_19,0.4865125544090533
2,0,0.25740051950928383,0.07704310527047549,0.7700811153575446,blend_lgb_pl,pre,2023,2023_2,0.4865125544090533
1,1,0.3475494898690404,0.10827970471913148,0.5700378671220162,blend_lgb_pl,pre,2023,2023_20,0.4865125544090533
1,1,0.2111560226614068,0.06843192867619971,0.5700378671220162,blend_lgb_pl,pre,2023,2023_21,0.4865125544090533
2,1,0.19503591565488143,0.06212351956171648,0.8289886398633951,blend_lgb_pl,pre,2023,2023_22,0.4865125544090533
1,1,0.31487244330385916,0.10839444685387725,0.5700378671220162,blend_lgb_pl,pre,2023,2023_3,0.4865125544090533
1,0,0.2533884524876376,0.08558718541101398,0.4104272643278517,blend_lgb_pl,pre,2023,2023_4,0.4865125544090533
2,1,0.21799763440932352,0.06922629843468693,0.8289886398633951,blend_lgb_pl,pre,2023,2023_5,0.4865125544090533
1,1,0.34510557375078454,0.10545341725112489,0.5700378671220162,blend_lgb_pl,pre,2023,2023_6,0.4865125544090533
2,1,0.20415685627709784,0.06333807696947566,0.8289886398633951,blend_lgb_pl,pre,2023,2023_7,0.4865125544090533
2,1,0.20981652928807706,0.06528001816446748,0.785830177739832,blend_lgb_pl,pre,2023,2023_8,0.4865125544090533
2,1,0.22550904417951978,0.0731083403344954,0.7410492272586211,blend_lgb_pl,pre,2023,2023_9,0.4865125544090533
2,1,0.17870316882562406,0.05300482075931823,0.8289886398633951,blend_lgb_pl,pre,2024,2024_1,0.5248455507398981
2,1,0.21858242908571118,0.06708376929926001,0.8289886398633951,blend_lgb_pl,pre,2024,2024_10,0.5248455507398981
0,0,0.36358633854994604,0.13304999964409583,0.0,blend_lgb_pl,pre,2024,2024_11,0.5248455507398981
1,0,0.23811599613716966,0.07789153792489305,0.4104272643278517,blend_lgb_pl,pre,2024,2024_12,0.5248455507398981
1,0,0.35218115650393256,0.12689472452393732,0.20521363216392585,blend_lgb_pl,pre,2024,2024_13,0.5248455507398981
1,0,0.2982778725011824,0.10621827026135551,0.2589507727413789,blend_lgb_pl,pre,2024,2024_14,0.5248455507398981
2,0,0.21814270183204876,0.0691742010521884,0.6954461978888599,blend_lgb_pl,pre,2024,2024_15,0.5248455507398981
2,0,0.26564451607711603,0.09175956983735127,0.42996213287798374,blend_lgb_pl,pre,2024,2024_16,0.5248455507398981
1,0,0.27362184014163665,0.09468436742848091,0.35965385102969294,blend_lgb_pl,pre,2024,2024_17,0.5248455507398981
3,0,0.1648162440698409,0.04443340689558402,0.8859924265755967,blend_lgb_pl,pre,2024,2024_18,0.5248455507398981
1,0,0.30023250838132276,0.10771655660334163,0.17101136013660487,blend_lgb_pl,pre,2024,2024_19,0.5248455507398981
3,1,0.14474977147041718,0.03791180639293433,1.0,blend_lgb_pl,pre,2024,2024_2,0.5248455507398981
1,0,0.2412364252271097,0.08171787612975745,0.4104272643278517,blend_lgb_pl,pre,2024,2024_20,0.5248455507398981
1,1,0.6522431819249711,0.14987101156306976,0.5700378671220162,blend_lgb_pl,pre,2024,2024_21,0.5248455507398981
0,0,0.4072092806451719,0.15372004915689225,0.0,blend_lgb_pl,pre,2024,2024_22,0.5248455507398981
2,0,0.2402198003916752,0.07881023254044359,0.7700811153575446,blend_lgb_pl,pre,2024,2024_23,0.5248455507398981
2,0,0.25970497206729243,0.09047573380347627,0.5008112441788239,blend_lgb_pl,pre,2024,2024_24,0.5248455507398981
1,0,0.41035258089779364,0.14171434403651456,0.20521363216392585,blend_lgb_pl,pre,2024,2024_3,0.5248455507398981
3,1,0.15838224101925014,0.043788447572038744,0.9910438099037578,blend_lgb_pl,pre,2024,2024_4,0.5248455507398981
2,1,0.20993117564714803,0.06606306726166696,0.785830177739832,blend_lgb_pl,pre,2024,2024_5,0.5248455507398981
2,0,0.2070231365615211,0.06567832132591475,0.5814386244644566,blend_lgb_pl,pre,2024,2024_6,0.5248455507398981
1,1,0.22713647214558574,0.07658707587164873,0.5700378671220162,blend_lgb_pl,pre,2024,2024_7,0.5248455507398981
0,0,0.3423044312124538,0.1249704974183881,0.0,blend_lgb_pl,pre,2024,2024_8,0.5248455507398981
2,1,0.24252898835779746,0.07634944236148264,0.8289886398633951,blend_lgb_pl,pre,2024,2024_9,0.5248455507398981
2,1,0.19575480106328513,0.06031198019421667,0.8289886398633951,blend_lgb_pl,pre,2025,2025_1,0.5248455507398981
1,0,0.3819833938463548,0.13977572631994292,0.20521363216392585,blend_lgb_pl,pre,2025,2025_10,0.5248455507398981
2,0,0.1925346157901096,0.060967503701150526,0.7700811153575446,blend_lgb_pl,pre,2025,2025_11,0.5248455507398981
2,0,0.34336656244779784,0.07009738517286919,0.7700811153575446,blend_lgb_pl,pre,2025,2025_12,0.5248455507398981
2,0,0.1712840939611356,0.05041795679532642,0.7700811153575446,blend_lgb_pl,pre,2025,2025_13,0.5248455507398981
2,0,0.15289798657592307,0.04369994512282731,0.7700811153575446,blend_lgb_pl,pre,2025,2025_14,0.5248455507398981
1,0,0.41903553724744314,0.11865435079399442,0.35965385102969294,blend_lgb_pl,pre,2025,2025_15,0.5248455507398981
2,0,0.12661001687033613,0.036430372850400586,0.6262195749456675,blend_lgb_pl,pre,2025,2025_16,0.5248455507398981
1,0,0.5303973322372186,0.16330824184798134,0.2850189335610081,blend_lgb_pl,pre,2025,2025_17,0.5248455507398981
2,0,0.19218183719527188,0.06293480797995313,0.42996213287798374,blend_lgb_pl,pre,2025,2025_18,0.5248455507398981
2,0,0.25130250154583134,0.0858738915702935,0.543969706302387,blend_lgb_pl,pre,2025,2025_19,0.5248455507398981
2,0,0.1483153450598299,0.04240709717641202,0.7700811153575446,blend_lgb_pl,pre,2025,2025_2,0.5248455507398981
2,0,0.23396472089957152,0.07887337569471799,0.5008112441788239,blend_lgb_pl,pre,2025,2025_20,0.5248455507398981
2,1,0.25325631493828676,0.07886456209739648,0.785830177739832,blend_lgb_pl,pre,2025,2025_21,0.5248455507398981
1,0,0.3238318129631477,0.11798515785021288,0.2850189335610081,blend_lgb_pl,pre,2025,2025_22,0.5248455507398981
1,0,0.36771367626415435,0.10984970788669415,0.35965385102969294,blend_lgb_pl,pre,2025,2025_23,0.5248455507398981
3,1,0.11825930496510176,0.028663677198643277,0.9910438099037578,blend_lgb_pl,pre,2025,2025_24,0.5248455507398981
2,0,0.15355152980033715,0.04479161606487698,0.6262195749456675,blend_lgb_pl,pre,2025,2025_3,0.5248455507398981
3,1,0.15836094494608746,0.04412780392185679,0.9910438099037578,blend_lgb_pl,pre,2025,2025_4,0.5248455507398981
1,1,0.21607416018202116,0.07171729102879074,0.5700378671220162,blend_lgb_pl,pre,2025,2025_5,0.5248455507398981
2,1,0.17629356237626415,0.05316442922938869,0.785830177739832,blend_lgb_pl,pre,2025,2025_6,0.5248455507398981
2,0,0.19543859452333529,0.06038509090911952,0.7016765713029027,blend_lgb_pl,pre,2025,2025_7,0.5248455507398981
2,0,0.2203858323057938,0.07163314271226949,0.6270416538342178,blend_lgb_pl,pre,2025,2025_8,0.5248455507398981
2,1,0.1953874460400163,0.061237991527311936,0.7752514992859421,blend_lgb_pl,pre,2025,2025_9,0.5248455507398981
0,0,0.43052284941024316,0.1614559850049451,0.0,blend_lgb_pl,pre,2026,2026_1,0.5248455507398981
2,1,0.21735325935363264,0.07122899275266315,0.7752514992859421,blend_lgb_pl,pre,2026,2026_10,0.5248455507398981
1,0,0.2271561048805579,0.07496263619475067,0.34202272027320973,blend_lgb_pl,pre,2026,2026_11,0.5248455507398981
1,0,0.211086443410009,0.06899837417152312,0.4104272643278517,blend_lgb_pl,pre,2026,2026_12,0.5248455507398981
2,1,0.22299124175220797,0.07383609395317052,0.7752514992859421,blend_lgb_pl,pre,2026,2026_13,0.5248455507398981
2,1,0.20838156678623995,0.06752629584102286,0.7410492272586211,blend_lgb_pl,pre,2026,2026_14,0.5248455507398981
1,0,0.3319009157080836,0.1166601718285171,0.2850189335610081,blend_lgb_pl,pre,2026,2026_15,0.5248455507398981
2,0,0.22026392411346585,0.06935157596147604,0.7700811153575446,blend_lgb_pl,pre,2026,2026_2,0.5248455507398981
2,0,0.24401001309417747,0.08422465608126097,0.5306652111662978,blend_lgb_pl,pre,2026,2026_3,0.5248455507398981
2,1,0.22096223142681748,0.07472725746421012,0.7410492272586211,blend_lgb_pl,pre,2026,2026_4,0.5248455507398981
1,1,0.26457857210330976,0.09275700024471291,0.5700378671220162,blend_lgb_pl,pre,2026,2026_5,0.5248455507398981
1,1,0.3005862483659171,0.0951713662041211,0.5700378671220162,blend_lgb_pl,pre,2026,2026_6,0.5248455507398981
2,0,0.2799772436356316,0.10015167962130717,0.5648674831936188,blend_lgb_pl,pre,2026,2026_7,0.5248455507398981
2,0,0.17919086116284194,0.05378900123791179,0.7016765713029027,blend_lgb_pl,pre,2026,2026_8,0.5248455507398981
2,0,0.2447624558872037,0.08497738190611785,0.42996213287798374,blend_lgb_pl,pre,2026,2026_9,0.5248455507398981
3,1,0.09250697746720668,0.0173409610301996,1.0,blend_prodv4_grid,post,2021,2021_1,0.5661988568127707
2,0,0.33097148623541667,0.10654336791033436,0.5306652111662978,blend_prodv4_grid,post,2021,2021_10,0.5661988568127707
1,0,0.5196679586302497,0.1421346226775513,0.4104272643278517,blend_prodv4_grid,post,2021,2021_11,0.5661988568127707
3,1,0.1163083275116644,0.028249663015331487,0.9910438099037578,blend_prodv4_grid,post,2021,2021_12,0.5661988568127707
3,1,0.08280994415674528,0.016322220091723443,1.0,blend_prodv4_grid,post,2021,2021_13,0.5661988568127707
1,0,0.5140600103327271,0.14846493614425943,0.2850189335610081,blend_prodv4_grid,post,2021,2021_14,0.5661988568127707
2,0,0.4057175565055428,0.12031030340733857,0.5008112441788239,blend_prodv4_grid,post,2021,2021_15,0.5661988568127707
2,1,0.15292240487193645,0.04159710129485371,0.8289886398633951,blend_prodv4_grid,post,2021,2021_16,0.5661988568127707
3,1,0.10378887989711341,0.023628174927772406,1.0,blend_prodv4_grid,post,2021,2021_17,0.5661988568127707
2,0,0.21894735436402715,0.07268383043403116,0.543969706302387,blend_prodv4_grid,post,2021,2021_18,0.5661988568127707
2,0,0.175418835192222,0.05022264845627916,0.6262195749456675,blend_prodv4_grid,post,2021,2021_19,0.5661988568127707
2,0,0.2443493711105475,0.06849191382596435,0.7700811153575446,blend_prodv4_grid,post,2021,2021_2,0.5661988568127707
2,1,0.1814336995034457,0.055184610503881,0.8289886398633951,blend_prodv4_grid,post,2021,2021_20,0.5661988568127707
3,1,0.09544991072151339,0.019915646622264783,1.0,blend_prodv4_grid,post,2021,2021_21,0.5661988568127707
2,1,0.17601668118305228,0.04866517978419636,0.8289886398633951,blend_prodv4_grid,post,2021,2021_22,0.5661988568127707
3,1,0.08317559494744942,0.014072287093817193,1.0,blend_prodv4_grid,post,2021,2021_3,0.5661988568127707
3,1,0.09062541529764648,0.017629367857654503,1.0,blend_prodv4_grid,post,2021,2021_4,0.5661988568127707
1,1,0.35134802673085114,0.12362331098442891,0.5700378671220162,blend_prodv4_grid,post,2021,2021_5,0.5661988568127707
0,0,0.6348492591152838,0.2067776792411357,0.0,blend_prodv4_grid,post,2021,2021_6,0.5661988568127707
2,1,0.13434628058646497,0.037699157792294546,0.8289886398633951,blend_prodv4_grid,post,2021,2021_7,0.5661988568127707
2,1,0.16053278081868855,0.046551500694941225,0.8289886398633951,blend_prodv4_grid,post,2021,2021_8,0.5661988568127707
1,1,0.22880856502677122,0.0798654617824089,0.5700378671220162,blend_prodv4_grid,post,2021,2021_9,0.5661988568127707
2,0,0.246334353736705,0.0837224745814035,0.42996213287798374,blend_prodv4_grid,post,2022,2022_1,0.5661988568127707
1,0,0.3301391871825755,0.11389654247307834,0.35965385102969294,blend_prodv4_grid,post,2022,2022_10,0.5661988568127707
2,0,0.23525047812638494,0.07619792373644621,0.6954461978888599,blend_prodv4_grid,post,2022,2022_11,0.5661988568127707
1,0,0.32027775095708466,0.10985308236087972,0.35965385102969294,blend_prodv4_grid,post,2022,2022_12,0.5661988568127707
1,0,0.3469024257238,0.1214249843897296,0.34202272027320973,blend_prodv4_grid,post,2022,2022_13,0.5661988568127707
2,0,0.17396186477894182,0.04958390061198238,0.6009734930145886,blend_prodv4_grid,post,2022,2022_14,0.5661988568127707
2,1,0.21784685447734686,0.06799393783159632,0.785830177739832,blend_prodv4_grid,post,2022,2022_15,0.5661988568127707
3,0,0.11889504137771703,0.02663125006362929,0.9112385085066755,blend_prodv4_grid,post,2022,2022_16,0.5661988568127707
2,0,0.18752980542100112,0.05855746552580739,0.7700811153575446,blend_prodv4_grid,post,2022,2022_17,0.5661988568127707
2,1,0.18052660840176715,0.05709040860338689,0.785830177739832,blend_prodv4_grid,post,2022,2022_18,0.5661988568127707
2,1,0.27106095192312096,0.09214368178840872,0.7752514992859421,blend_prodv4_grid,post,2022,2022_19,0.5661988568127707
2,0,0.1619740235816038,0.04706074085597507,0.5008112441788239,blend_prodv4_grid,post,2022,2022_2,0.5661988568127707
2,1,0.22384632531851176,0.07553449567376753,0.7752514992859421,blend_prodv4_grid,post,2022,2022_20,0.5661988568127707
2,0,0.24796119928442462,0.08336610743656442,0.5648674831936188,blend_prodv4_grid,post,2022,2022_21,0.5661988568127707
3,1,0.11425775307586586,0.02749273744802393,0.9910438099037578,blend_prodv4_grid,post,2022,2022_22,0.5661988568127707
1,0,0.29124063397052147,0.09973510313088489,0.35965385102969294,blend_prodv4_grid,post,2022,2022_3,0.5661988568127707
2,1,0.28600774996821043,0.09499512498736531,0.7752514992859421,blend_prodv4_grid,post,2022,2022_4,0.5661988568127707
3,0,0.09206845067594034,0.016963792177639218,0.9410924754941495,blend_prodv4_grid,post,2022,2022_5,0.5661988568127707
1,1,0.3013740462753831,0.10572856622137757,0.5700378671220162,blend_prodv4_grid,post,2022,2022_6,0.5661988568127707
2,0,0.18985138372910954,0.061230766956615154,0.42100594278174164,blend_prodv4_grid,post,2022,2022_7,0.5661988568127707
2,1,0.25244662912145505,0.08010760491281278,0.7752514992859421,blend_prodv4_grid,post,2022,2022_8,0.5661988568127707
2,1,0.16757184889972623,0.052027741602141894,0.7752514992859421,blend_prodv4_grid,post,2022,2022_9,0.5661988568127707
2,1,0.22937973453091706,0.0709059838593352,0.8289886398633951,blend_prodv4_grid,post,2023,2023_1,0.5661988568127707
2,1,0.19936921047612519,0.05985622285631039,0.8289886398633951,blend_prodv4_grid,post,2023,2023_10,0.5661988568127707
2,1,0.3024750880664927,0.10145176529552909,0.7752514992859421,blend_prodv4_grid,post,2023,2023_11,0.5661988568127707
3,0,0.13525999745312745,0.03492321756723822,0.8859924265755967,blend_prodv4_grid,post,2023,2023_12,0.5661988568127707
1,1,0.34933134903508767,0.09727787137940931,0.5700378671220162,blend_prodv4_grid,post,2023,2023_13,0.5661988568127707
2,1,0.16786162979565997,0.04879671922708588,0.785830177739832,blend_prodv4_grid,post,2023,2023_14,0.5661988568127707
1,1,0.2984316333761695,0.10162597960163863,0.5700378671220162,blend_prodv4_grid,post,2023,2023_15,0.5661988568127707
3,1,0.16510595632292757,0.04814957487653831,0.9910438099037578,blend_prodv4_grid,post,2023,2023_16,0.5661988568127707
1,1,0.3723611970763575,0.11724197896981078,0.5700378671220162,blend_prodv4_grid,post,2023,2023_17,0.5661988568127707
2,0,0.2670686548215275,0.08894877328584858,0.5648674831936188,blend_prodv4_grid,post,2023,2023_18,0.5661988568127707
2,1,0.22369862828015347,0.06659222175437556,0.785830177739832,blend_prodv4_grid,post,2023,2023_19,0.5661988568127707
2,1,0.22428554990682947,0.06806127888092378,0.785830177739832,blend_prodv4_grid,post,2023,2023_2,0.5661988568127707
1,1,0.2563496879070871,0.08781717834183526,0.5700378671220162,blend_prodv4_grid,post,2023,2023_20,0.5661988568127707
2,1,0.19149272464189387,0.052007629126245035,0.8289886398633951,blend_prodv4_grid,post,2023,2023_21,0.5661988568127707
2,1,0.17802800070962016,0.05190989842588663,0.8289886398633951,blend_prodv4_grid,post,2023,2023_22,0.5661988568127707
2,1,0.20048981607510843,0.06608693609687816,0.7752514992859421,blend_prodv4_grid,post,2023,2023_3,0.5661988568127707
3,0,0.09557431939847948,0.01936184229827527,0.9112385085066755,blend_prodv4_grid,post,2023,2023_4,0.5661988568127707
2,0,0.16135208057237058,0.046207847142287865,0.6262195749456675,blend_prodv4_grid,post,2023,2023_5,0.5661988568127707
3,1,0.14166852208523623,0.03852258259417994,1.0,blend_prodv4_grid,post,2023,2023_6,0.5661988568127707
1,1,0.3256479750207443,0.09933484334777452,0.5700378671220162,blend_prodv4_grid,post,2023,2023_7,0.5661988568127707
3,1,0.10504626334500777,0.023764695904527074,1.0,blend_prodv4_grid,post,2023,2023_8,0.5661988568127707
2,1,0.2648195470359097,0.07024507085240896,0.8289886398633951,blend_prodv4_grid,post,2023,2023_9,0.5661988568127707
1,1,0.25170926271135186,0.08939517544806314,0.5700378671220162,blend_prodv4_grid,post,2024,2024_1,0.5661988568127707
3,0,0.12336514415368545,0.03180601868300847,0.9410924754941495,blend_prodv4_grid,post,2024,2024_10,0.5661988568127707
1,0,0.5260055124324838,0.1723999117726251,0.2850189335610081,blend_prodv4_grid,post,2024,2024_11,0.5661988568127707
2,0,0.1816248557367764,0.05771516996239488,0.543969706302387,blend_prodv4_grid,post,2024,2024_12,0.5661988568127707
2,0,0.24288544395589967,0.07916451782471957,0.6954461978888599,blend_prodv4_grid,post,2024,2024_13,0.5661988568127707
1,0,0.27498513078119846,0.09278833386859535,0.34202272027320973,blend_prodv4_grid,post,2024,2024_14,0.5661988568127707
2,1,0.19031988332444702,0.0535479150864593,0.8289886398633951,blend_prodv4_grid,post,2024,2024_15,0.5661988568127707
2,0,0.16532210801689878,0.046715403163956025,0.6009734930145886,blend_prodv4_grid,post,2024,2024_16,0.5661988568127707
2,0,0.21371250835939523,0.06543500488167289,0.7700811153575446,blend_prodv4_grid,post,2024,2024_17,0.5661988568127707
2,1,0.14340246259529332,0.040351940487116024,0.8289886398633951,blend_prodv4_grid,post,2024,2024_18,0.5661988568127707
2,0,0.289340204184609,0.09383880407624726,0.5008112441788239,blend_prodv4_grid,post,2024,2024_19,0.5661988568127707
3,1,0.08666282324506822,0.015882100660768575,1.0,blend_prodv4_grid,post,2024,2024_2,0.5661988568127707
2,1,0.16606615375820605,0.0524808425378145,0.8289886398633951,blend_prodv4_grid,post,2024,2024_20,0.5661988568127707
0,0,0.6334864039426298,0.19533439802036187,0.0,blend_prodv4_grid,post,2024,2024_21,0.5661988568127707
2,1,0.26687409790204214,0.07841298856765987,0.785830177739832,blend_prodv4_grid,post,2024,2024_22,0.5661988568127707
1,0,0.27996885254231885,0.10070259453587771,0.35965385102969294,blend_prodv4_grid,post,2024,2024_23,0.5661988568127707
1,1,0.3551945843529206,0.1060791049450381,0.5700378671220162,blend_prodv4_grid,post,2024,2024_24,0.5661988568127707
2,0,0.3348631533076873,0.10264162920866955,0.5648674831936188,blend_prodv4_grid,post,2024,2024_3,0.5661988568127707
2,1,0.1487137481484777,0.04200597825200218,0.8289886398633951,blend_prodv4_grid,post,2024,2024_4,0.5661988568127707
2,1,0.14848134868609728,0.04120809140497615,0.785830177739832,blend_prodv4_grid,post,2024,2024_5,0.5661988568127707
2,0,0.16702804549068914,0.05021112849503656,0.6262195749456675,blend_prodv4_grid,post,2024,2024_6,0.5661988568127707
3,1,0.09814839435016554,0.0206117864361901,1.0,blend_prodv4_grid,post,2024,2024_7,0.5661988568127707
2,1,0.17966697974235663,0.05684268361331766,0.7752514992859421,blend_prodv4_grid,post,2024,2024_8,0.5661988568127707
3,1,0.10315696191184127,0.0219957542726284,1.0,blend_prodv4_grid,post,2024,2024_9,0.5661988568127707
2,1,0.17994073897303428,0.05714355556810992,0.7752514992859421,blend_prodv4_grid,post,2025,2025_1,0.5661988568127707
2,1,0.24651471444046105,0.08020621928346262,0.7752514992859421,blend_prodv4_grid,post,2025,2025_10,0.5661988568127707
3,1,0.10368189985410077,0.02141572286634428,0.9910438099037578,blend_prodv4_grid,post,2025,2025_11,0.5661988568127707
2,0,0.40783003121983885,0.09806689522007188,0.543969706302387,blend_prodv4_grid,post,2025,2025_12,0.5661988568127707
3,0,0.10722397568489887,0.02523850097165876,0.9410924754941495,blend_prodv4_grid,post,2025,2025_13,0.5661988568127707
2,1,0.18325900455902483,0.05928210744397326,0.8289886398633951,blend_prodv4_grid,post,2025,2025_14,0.5661988568127707
2,1,0.28816284594465585,0.09626258728049722,0.7752514992859421,blend_prodv4_grid,post,2025,2025_15,0.5661988568127707
3,0,0.0861327488833305,0.014754388582740623,0.9112385085066755,blend_prodv4_grid,post,2025,2025_16,0.5661988568127707
2,1,0.2255081963978233,0.07243697699388808,0.7410492272586211,blend_prodv4_grid,post,2025,2025_17,0.5661988568127707
2,1,0.15699177127350755,0.048696200983727664,0.8289886398633951,blend_prodv4_grid,post,2025,2025_18,0.5661988568127707
2,1,0.14318519081771516,0.04050875893132733,0.8289886398633951,blend_prodv4_grid,post,2025,2025_19,0.5661988568127707
3,0,0.1424907475589572,0.037699066039884724,0.9068902034668286,blend_prodv4_grid,post,2025,2025_2,0.5661988568127707
3,1,0.1299252788156921,0.03400160562882464,1.0,blend_prodv4_grid,post,2025,2025_20,0.5661988568127707
1,1,0.32048448283852043,0.10159291764008276,0.5700378671220162,blend_prodv4_grid,post,2025,2025_21,0.5661988568127707
1,0,0.4854594949882601,0.1326282029707038,0.35965385102969294,blend_prodv4_grid,post,2025,2025_22,0.5661988568127707
2,0,0.2928460727338234,0.08855387778745628,0.6954461978888599,blend_prodv4_grid,post,2025,2025_23,0.5661988568127707
3,1,0.09608878368539994,0.02062223834126898,0.9910438099037578,blend_prodv4_grid,post,2025,2025_24,0.5661988568127707
3,0,0.11892836084500664,0.028896942989510704,0.9410924754941495,blend_prodv4_grid,post,2025,2025_3,0.5661988568127707
2,1,0.20939397895041267,0.06971894640477298,0.7752514992859421,blend_prodv4_grid,post,2025,2025_4,0.5661988568127707
2,0,0.16430193980362126,0.048120230652777866,0.7700811153575446,blend_prodv4_grid,post,2025,2025_5,0.5661988568127707
2,0,0.23655102500864844,0.08062541094276622,0.6954461978888599,blend_prodv4_grid,post,2025,2025_6,0.5661988568127707
2,0,0.1359530145099595,0.03888613495191704,0.7016765713029027,blend_prodv4_grid,post,2025,2025_7,0.5661988568127707
3,1,0.09728173147880245,0.019470905675651757,0.9910438099037578,blend_prodv4_grid,post,2025,2025_8,0.5661988568127707
2,1,0.20696878205894248,0.06295771608446966,0.8289886398633951,blend_prodv4_grid,post,2025,2025_9,0.5661988568127707
1,1,0.2078602560237443,0.07046300531517274,0.5700378671220162,blend_prodv4_grid,post,2026,2026_1,0.5248455507398981
2,1,0.16867027518475727,0.053265234456283124,0.785830177739832,blend_prodv4_grid,post,2026,2026_10,0.5248455507398981
1,1,0.20279181725352136,0.06959755151285786,0.5700378671220162,blend_prodv4_grid,post,2026,2026_11,0.5248455507398981
3,1,0.0767054971956628,0.013894165892660869,0.9910438099037578,blend_prodv4_grid,post,2026,2026_12,0.5248455507398981
1,0,0.2988141945750051,0.09189231818229042,0.4104272643278517,blend_prodv4_grid,post,2026,2026_13,0.5248455507398981
3,1,0.0897786565030091,0.02033018595837212,0.9910438099037578,blend_prodv4_grid,post,2026,2026_14,0.5248455507398981
1,1,0.2939012948858446,0.09885545884772434,0.5700378671220162,blend_prodv4_grid,post,2026,2026_15,0.5248455507398981
2,1,0.1527194407324097,0.04477825987643478,0.8289886398633951,blend_prodv4_grid,post,2026,2026_2,0.5248455507398981
1,1,0.21254658576426666,0.07454644049086535,0.5700378671220162,blend_prodv4_grid,post,2026,2026_3,0.5248455507398981
1,1,0.25315434402318443,0.09072301070693693,0.5700378671220162,blend_prodv4_grid,post,2026,2026_4,0.5248455507398981
1,0,0.3544026105526253,0.12364775684808813,0.35965385102969294,blend_prodv4_grid,post,2026,2026_5,0.5248455507398981
2,1,0.261935084022527,0.08281216447922268,0.7752514992859421,blend_prodv4_grid,post,2026,2026_6,0.5248455507398981
2,0,0.19333882198130842,0.06400764400691346,0.6954461978888599,blend_prodv4_grid,post,2026,2026_7,0.5248455507398981
1,1,0.23936524138549198,0.0822567228023985,0.5700378671220162,blend_prodv4_grid,post,2026,2026_8,0.5248455507398981
2,0,0.2855087118187552,0.08571485906767108,0.5008112441788239,blend_prodv4_grid,post,2026,2026_9,0.5248455507398981
2,1,0.1827084280883044,0.04753541595675101,0.785830177739832,blend_prodv4_grid,pre,2021,2021_1,0.8272872467171695
1,0,0.42187651312172864,0.13780868596910292,0.35965385102969294,blend_prodv4_grid,pre,2021,2021_10,0.8272872467171695
1,0,0.43143868178925737,0.12251658160673247,0.4104272643278517,blend_prodv4_grid,pre,2021,2021_11,0.8272872467171695
2,0,0.2833263094731162,0.07193342676832279,0.7016765713029027,blend_prodv4_grid,pre,2021,2021_12,0.8272872467171695
3,0,0.12674266291544425,0.029543961878460496,0.9410924754941495,blend_prodv4_grid,pre,2021,2021_13,0.8272872467171695
1,0,0.5079158633781391,0.1717582127310795,0.17101136013660487,blend_prodv4_grid,pre,2021,2021_14,0.8272872467171695
2,1,0.2808641085378486,0.07891710645582148,0.8289886398633951,blend_prodv4_grid,pre,2021,2021_15,0.8272872467171695
2,0,0.309347479636157,0.10288478554615595,0.543969706302387,blend_prodv4_grid,pre,2021,2021_16,0.8272872467171695
2,0,0.2059647451277969,0.06059897247855965,0.7700811153575446,blend_prodv4_grid,pre,2021,2021_17,0.8272872467171695
2,1,0.19070239817291362,0.0559066994876373,0.8289886398633951,blend_prodv4_grid,pre,2021,2021_18,0.8272872467171695
2,0,0.15435699744197992,0.040183976429671496,0.7700811153575446,blend_prodv4_grid,pre,2021,2021_19,0.8272872467171695
2,0,0.2746212470699183,0.07383006512028603,0.7700811153575446,blend_prodv4_grid,pre,2021,2021_2,0.8272872467171695
2,1,0.2587877478731867,0.06074587941692011,0.8289886398633951,blend_prodv4_grid,pre,2021,2021_20,0.8272872467171695
2,1,0.15253353109446285,0.03934772081873497,0.8289886398633951,blend_prodv4_grid,pre,2021,2021_21,0.8272872467171695
2,0,0.23744561487128912,0.06503556799071238,0.7700811153575446,blend_prodv4_grid,pre,2021,2021_22,0.8272872467171695
3,1,0.11017037630614553,0.022937873042726348,1.0,blend_prodv4_grid,pre,2021,2021_3,0.8272872467171695
3,1,0.13890626977388884,0.0340673772524971,1.0,blend_prodv4_grid,pre,2021,2021_4,0.8272872467171695
1,0,0.5535298839526208,0.16000598398790458,0.35965385102969294,blend_prodv4_grid,pre,2021,2021_5,0.8272872467171695
0,0,0.6462372310635998,0.2032809754175414,0.0,blend_prodv4_grid,pre,2021,2021_6,0.8272872467171695
3,0,0.12109275323069349,0.025109881858206035,0.9410924754941495,blend_prodv4_grid,pre,2021,2021_7,0.8272872467171695
2,0,0.1910187069458399,0.055211315350921386,0.7700811153575446,blend_prodv4_grid,pre,2021,2021_8,0.8272872467171695
1,1,0.36227482705466263,0.11273721535439825,0.5700378671220162,blend_prodv4_grid,pre,2021,2021_9,0.8272872467171695
1,0,0.394613776763785,0.11936079006386606,0.34202272027320973,blend_prodv4_grid,pre,2022,2022_1,0.8272872467171695
2,0,0.28137118085590285,0.09497584144327828,0.543969706302387,blend_prodv4_grid,pre,2022,2022_10,0.8272872467171695
1,0,0.30209891297242586,0.09937563054029835,0.4104272643278517,blend_prodv4_grid,pre,2022,2022_11,0.8272872467171695
1,1,0.29318936702382464,0.10096401947424449,0.5700378671220162,blend_prodv4_grid,pre,2022,2022_12,0.8272872467171695
1,1,0.2729970258025063,0.0907033217801322,0.5700378671220162,blend_prodv4_grid,pre,2022,2022_13,0.8272872467171695
2,1,0.21234841250488895,0.06436672070058516,0.7410492272586211,blend_prodv4_grid,pre,2022,2022_14,0.8272872467171695
1,1,0.2731408820500038,0.09026345065798111,0.5700378671220162,blend_prodv4_grid,pre,2022,2022_15,0.8272872467171695
2,1,0.2443764599105917,0.07539406226636343,0.8289886398633951,blend_prodv4_grid,pre,2022,2022_16,0.8272872467171695
2,0,0.25299366279551105,0.08430516544541712,0.42996213287798374,blend_prodv4_grid,pre,2022,2022_17,0.8272872467171695
2,1,0.17764147712113385,0.04998562381305795,0.785830177739832,blend_prodv4_grid,pre,2022,2022_18,0.8272872467171695
2,1,0.2014424709528794,0.05919945240190705,0.785830177739832,blend_prodv4_grid,pre,2022,2022_19,0.8272872467171695
2,0,0.24471634175324458,0.07996598492672582,0.5306652111662978,blend_prodv4_grid,pre,2022,2022_2,0.8272872467171695
2,1,0.23380745638584735,0.07637511728087723,0.7410492272586211,blend_prodv4_grid,pre,2022,2022_20,0.8272872467171695
0,0,0.39937559918645527,0.14181603298481124,0.0,blend_prodv4_grid,pre,2022,2022_21,0.8272872467171695
1,1,0.21104177828381293,0.06502610715968199,0.5700378671220162,blend_prodv4_grid,pre,2022,2022_22,0.8272872467171695
0,0,0.36580611626446113,0.13233640643273395,0.0,blend_prodv4_grid,pre,2022,2022_3,0.8272872467171695
2,1,0.3332466659420244,0.09956061205919153,0.7752514992859421,blend_prodv4_grid,pre,2022,2022_4,0.8272872467171695
2,1,0.19253008738072924,0.05678973346867674,0.8289886398633951,blend_prodv4_grid,pre,2022,2022_5,0.8272872467171695
2,1,0.25359901171916904,0.07986666604933432,0.7752514992859421,blend_prodv4_grid,pre,2022,2022_6,0.8272872467171695
2,0,0.21398066029954804,0.06426870371992095,0.7016765713029027,blend_prodv4_grid,pre,2022,2022_7,0.8272872467171695
2,1,0.22807945437097382,0.06622711314533053,0.8289886398633951,blend_prodv4_grid,pre,2022,2022_8,0.8272872467171695
1,1,0.25462339577164667,0.08393293452674522,0.5700378671220162,blend_prodv4_grid,pre,2022,2022_9,0.8272872467171695
1,1,0.3912413506268457,0.1129146817177035,0.5700378671220162,blend_prodv4_grid,pre,2023,2023_1,0.7668649016134386
2,1,0.32816465953495155,0.09119951543102942,0.7410492272586211,blend_prodv4_grid,pre,2023,2023_10,0.7668649016134386
2,1,0.27389779753728016,0.07679537410970674,0.785830177739832,blend_prodv4_grid,pre,2023,2023_11,0.7668649016134386
2,1,0.24552008630100594,0.07934610683060177,0.7752514992859421,blend_prodv4_grid,pre,2023,2023_12,0.7668649016134386
1,1,0.35628591675233634,0.10437558185105819,0.5700378671220162,blend_prodv4_grid,pre,2023,2023_13,0.7668649016134386
2,1,0.22337083908636876,0.06937122310898394,0.7752514992859421,blend_prodv4_grid,pre,2023,2023_14,0.7668649016134386
1,0,0.5156198801992233,0.16299382798108558,0.17101136013660487,blend_prodv4_grid,pre,2023,2023_15,0.7668649016134386
1,1,0.4171816709987429,0.11413102513819291,0.5700378671220162,blend_prodv4_grid,pre,2023,2023_16,0.7668649016134386
1,1,0.3507253152934224,0.10401289888484573,0.5700378671220162,blend_prodv4_grid,pre,2023,2023_17,0.7668649016134386
1,1,0.28929602996572296,0.09094685809474842,0.5700378671220162,blend_prodv4_grid,pre,2023,2023_18,0.7668649016134386
2,1,0.23010981429346197,0.07297480186077358,0.7752514992859421,blend_prodv4_grid,pre,2023,2023_19,0.7668649016134386
2,0,0.272357789194515,0.07416115800538765,0.7700811153575446,blend_prodv4_grid,pre,2023,2023_2,0.7668649016134386
1,1,0.29908097726480526,0.09165616345125309,0.5700378671220162,blend_prodv4_grid,pre,2023,2023_20,0.7668649016134386
2,1,0.19485417608416536,0.056591044260523304,0.785830177739832,blend_prodv4_grid,pre,2023,2023_21,0.7668649016134386
2,1,0.27011396293133155,0.08521160994518374,0.7752514992859421,blend_prodv4_grid,pre,2023,2023_22,0.7668649016134386
1,0,0.3091659183480848,0.1039852114461518,0.35965385102969294,blend_prodv4_grid,pre,2023,2023_3,0.7668649016134386
2,0,0.1897898713047778,0.055942837797534097,0.7700811153575446,blend_prodv4_grid,pre,2023,2023_4,0.7668649016134386
2,1,0.20201444447407968,0.058243035839482704,0.8289886398633951,blend_prodv4_grid,pre,2023,2023_5,0.7668649016134386
2,1,0.3500223862908512,0.0984278043154494,0.7752514992859421,blend_prodv4_grid,pre,2023,2023_6,0.7668649016134386
1,1,0.2810499224254882,0.09257210088883942,0.5700378671220162,blend_prodv4_grid,pre,2023,2023_7,0.7668649016134386
1,1,0.22966584627360506,0.07565072707254991,0.5700378671220162,blend_prodv4_grid,pre,2023,2023_8,0.7668649016134386
2,1,0.19268555900854706,0.05554921827734603,0.785830177739832,blend_prodv4_grid,pre,2023,2023_9,0.7668649016134386
2,1,0.21006947051142263,0.06205163282136419,0.8289886398633951,blend_prodv4_grid,pre,2024,2024_1,0.8272872467171695
2,1,0.25453478994958584,0.0749841771211445,0.8289886398633951,blend_prodv4_grid,pre,2024,2024_10,0.8272872467171695
0,0,0.4658776144864586,0.1630043998740839,0.0,blend_prodv4_grid,pre,2024,2024_11,0.8272872467171695
2,0,0.2548629318287086,0.07913058312636775,0.5814386244644566,blend_prodv4_grid,pre,2024,2024_12,0.8272872467171695
1,0,0.3485191125604671,0.11958301332596681,0.2589507727413789,blend_prodv4_grid,pre,2024,2024_13,0.8272872467171695
1,0,0.3107384346318073,0.10753482218520516,0.20521363216392585,blend_prodv4_grid,pre,2024,2024_14,0.8272872467171695
2,0,0.2289554308854457,0.07231969448541146,0.543969706302387,blend_prodv4_grid,pre,2024,2024_15,0.8272872467171695
2,0,0.21842432557980312,0.06695778155854745,0.6270416538342178,blend_prodv4_grid,pre,2024,2024_16,0.8272872467171695
0,0,0.37959775211730984,0.12875548015698696,0.0,blend_prodv4_grid,pre,2024,2024_17,0.8272872467171695
3,0,0.14344355542391035,0.03361491476384218,0.9068902034668286,blend_prodv4_grid,pre,2024,2024_18,0.8272872467171695
1,0,0.3595496906349388,0.12442247994352393,0.17101136013660487,blend_prodv4_grid,pre,2024,2024_19,0.8272872467171695
3,1,0.11660987345443241,0.024212466504648273,1.0,blend_prodv4_grid,pre,2024,2024_2,0.8272872467171695
1,0,0.255464959295987,0.08511123079164558,0.4104272643278517,blend_prodv4_grid,pre,2024,2024_20,0.8272872467171695
0,0,0.5492666384270418,0.1595274790200384,0.0,blend_prodv4_grid,pre,2024,2024_21,0.8272872467171695
0,0,0.45317553459370014,0.1600462401410821,0.0,blend_prodv4_grid,pre,2024,2024_22,0.8272872467171695
2,0,0.2587560827037515,0.0850603053148525,0.5008112441788239,blend_prodv4_grid,pre,2024,2024_23,0.8272872467171695
1,0,0.28756407014834745,0.1001927243450702,0.17101136013660487,blend_prodv4_grid,pre,2024,2024_24,0.8272872467171695
1,0,0.4591432695253726,0.14424609878916272,0.2589507727413789,blend_prodv4_grid,pre,2024,2024_3,0.8272872467171695
3,1,0.14772188345393442,0.0372464479130058,0.9910438099037578,blend_prodv4_grid,pre,2024,2024_4,0.8272872467171695
2,1,0.22104037657647696,0.06918993704459923,0.7410492272586211,blend_prodv4_grid,pre,2024,2024_5,0.8272872467171695
2,0,0.20452532065409149,0.06269741366081417,0.5814386244644566,blend_prodv4_grid,pre,2024,2024_6,0.8272872467171695
2,1,0.19771557947632168,0.060646620335965684,0.7752514992859421,blend_prodv4_grid,pre,2024,2024_7,0.8272872467171695
1,0,0.3785175478045506,0.13075214969297685,0.2850189335610081,blend_prodv4_grid,pre,2024,2024_8,0.8272872467171695
1,1,0.3008627882926077,0.08990070134474092,0.5700378671220162,blend_prodv4_grid,pre,2024,2024_9,0.8272872467171695
2,0,0.24036678577115503,0.07589986932272005,0.5814386244644566,blend_prodv4_grid,pre,2025,2025_1,0.8272872467171695
1,0,0.4221607477878642,0.14491534597245898,0.20521363216392585,blend_prodv4_grid,pre,2025,2025_10,0.8272872467171695
2,0,0.19523363334693744,0.05849127909462274,0.7700811153575446,blend_prodv4_grid,pre,2025,2025_11,0.8272872467171695
2,1,0.30940384748418215,0.07888104718108113,0.8289886398633951,blend_prodv4_grid,pre,2025,2025_12,0.8272872467171695
2,0,0.20498126386220114,0.06165023787777696,0.7700811153575446,blend_prodv4_grid,pre,2025,2025_13,0.8272872467171695
2,1,0.17104388381936012,0.046226957188621846,0.8289886398633951,blend_prodv4_grid,pre,2025,2025_14,0.8272872467171695
1,0,0.40490034900315336,0.12457945650619966,0.35965385102969294,blend_prodv4_grid,pre,2025,2025_15,0.8272872467171695
2,0,0.15460927911930739,0.04055345358746247,0.6262195749456675,blend_prodv4_grid,pre,2025,2025_16,0.8272872467171695
1,0,0.43320010842747736,0.14249790804657375,0.2850189335610081,blend_prodv4_grid,pre,2025,2025_17,0.8272872467171695
2,0,0.19072779239597287,0.058781040070576676,0.5472363524371356,blend_prodv4_grid,pre,2025,2025_18,0.8272872467171695
2,0,0.25908403735939906,0.08466438397665063,0.6954461978888599,blend_prodv4_grid,pre,2025,2025_19,0.8272872467171695
2,0,0.21172065416430316,0.06381885526267216,0.6262195749456675,blend_prodv4_grid,pre,2025,2025_2,0.8272872467171695
2,1,0.19893607972832122,0.0606613616887279,0.7410492272586211,blend_prodv4_grid,pre,2025,2025_20,0.8272872467171695
2,1,0.3205949810151162,0.09205945079828425,0.7410492272586211,blend_prodv4_grid,pre,2025,2025_21,0.8272872467171695
1,0,0.33809108282799455,0.11398324229296677,0.35965385102969294,blend_prodv4_grid,pre,2025,2025_22,0.8272872467171695
1,0,0.4007086035984845,0.1252014962907415,0.35965385102969294,blend_prodv4_grid,pre,2025,2025_23,0.8272872467171695
3,0,0.14577191215980098,0.0355715576659032,0.9068902034668286,blend_prodv4_grid,pre,2025,2025_24,0.8272872467171695
3,0,0.16893864320637636,0.04453007335206635,0.9112385085066755,blend_prodv4_grid,pre,2025,2025_3,0.8272872467171695
2,0,0.2215614892338492,0.06850876989966931,0.7016765713029027,blend_prodv4_grid,pre,2025,2025_4,0.8272872467171695
2,1,0.20165931843745769,0.0616121572513702,0.7752514992859421,blend_prodv4_grid,pre,2025,2025_5,0.8272872467171695
2,1,0.1806894626865888,0.05083313756886737,0.8289886398633951,blend_prodv4_grid,pre,2025,2025_6,0.8272872467171695
2,0,0.17855732077631564,0.05073569545810913,0.7016765713029027,blend_prodv4_grid,pre,2025,2025_7,0.8272872467171695
2,0,0.17807713020650875,0.050151671546266055,0.7016765713029027,blend_prodv4_grid,pre,2025,2025_8,0.8272872467171695
3,1,0.15883205875731124,0.04108818449355378,1.0,blend_prodv4_grid,pre,2025,2025_9,0.8272872467171695
0,0,0.4619512379957353,0.15686169394026936,0.0,blend_prodv4_grid,pre,2026,2026_1,0.7668649016134386
1,0,0.2655352385651815,0.09209319980228338,0.2850189335610081,blend_prodv4_grid,pre,2026,2026_10,0.7668649016134386
1,0,0.2145017380659828,0.06801430068078722,0.34202272027320973,blend_prodv4_grid,pre,2026,2026_11,0.7668649016134386
1,0,0.22341278952902668,0.07244911467297632,0.4104272643278517,blend_prodv4_grid,pre,2026,2026_12,0.7668649016134386
1,1,0.2239366620422136,0.07337963733772762,0.5700378671220162,blend_prodv4_grid,pre,2026,2026_13,0.7668649016134386
2,1,0.17956093286780475,0.054569594115561254,0.7410492272586211,blend_prodv4_grid,pre,2026,2026_14,0.7668649016134386
1,0,0.39806586770971497,0.12913319102263973,0.2850189335610081,blend_prodv4_grid,pre,2026,2026_15,0.7668649016134386
0,0,0.37386751824864944,0.13039648704604692,0.0,blend_prodv4_grid,pre,2026,2026_2,0.7668649016134386
1,1,0.24892698153927387,0.08198977024177166,0.5700378671220162,blend_prodv4_grid,pre,2026,2026_3,0.7668649016134386
2,1,0.21528295310876813,0.07022379201815138,0.7410492272586211,blend_prodv4_grid,pre,2026,2026_4,0.7668649016134386
1,1,0.30031280170120644,0.0961564865663679,0.5700378671220162,blend_prodv4_grid,pre,2026,2026_5,0.7668649016134386
1,1,0.3105546832721504,0.08756130159625607,0.5700378671220162,blend_prodv4_grid,pre,2026,2026_6,0.7668649016134386
1,0,0.3653367222173926,0.1189522812176956,0.35965385102969294,blend_prodv4_grid,pre,2026,2026_7,0.7668649016134386
2,0,0.19040012605147974,0.0591321492218476,0.6270416538342178,blend_prodv4_grid,pre,2026,2026_8,0.7668649016134386
2,0,0.29295072022024127,0.09604647436648231,0.42996213287798374,blend_prodv4_grid,pre,2026,2026_9,0.7668649016134386
3,1,0.09217937196424009,0.01612526146864098,1.0,blend_prodv4_xgb,post,2021,2021_1,0.6108104470051254
2,0,0.3472815409187701,0.11200558736321731,0.5306652111662978,blend_prodv4_xgb,post,2021,2021_10,0.6108104470051254
1,0,0.47804484253123836,0.13785778841551977,0.4104272643278517,blend_prodv4_xgb,post,2021,2021_11,0.6108104470051254
3,0,0.16311401111231622,0.04308260071632302,0.9068902034668286,blend_prodv4_xgb,post,2021,2021_12,0.6108104470051254
3,0,0.08983475563469359,0.0182403879548771,0.9410924754941495,blend_prodv4_xgb,post,2021,2021_13,0.6108104470051254
1,0,0.47527019266893084,0.15259051400234347,0.2850189335610081,blend_prodv4_xgb,post,2021,2021_14,0.6108104470051254
2,0,0.28823844609679194,0.09855329042428647,0.5306652111662978,blend_prodv4_xgb,post,2021,2021_15,0.6108104470051254
2,0,0.19618036454728474,0.057348881655552,0.7700811153575446,blend_prodv4_xgb,post,2021,2021_16,0.6108104470051254
3,0,0.12474169117249526,0.03177892188323067,0.9410924754941495,blend_prodv4_xgb,post,2021,2021_17,0.6108104470051254
2,0,0.1882880676467082,0.06043773739259787,0.7700811153575446,blend_prodv4_xgb,post,2021,2021_18,0.6108104470051254
3,0,0.14362147679250664,0.038895568284579005,0.9112385085066755,blend_prodv4_xgb,post,2021,2021_19,0.6108104470051254
2,0,0.23509383450139332,0.06340573531569223,0.7700811153575446,blend_prodv4_xgb,post,2021,2021_2,0.6108104470051254
2,1,0.18017754194839303,0.05146182775997861,0.8289886398633951,blend_prodv4_xgb,post,2021,2021_20,0.6108104470051254
3,1,0.10047910651589598,0.02238664763702152,1.0,blend_prodv4_xgb,post,2021,2021_21,0.6108104470051254
2,0,0.19115602945932056,0.05084704863951176,0.7700811153575446,blend_prodv4_xgb,post,2021,2021_22,0.6108104470051254
3,1,0.08848490515679232,0.016248787902432577,1.0,blend_prodv4_xgb,post,2021,2021_3,0.6108104470051254
3,1,0.09144138297288743,0.017437428341524456,1.0,blend_prodv4_xgb,post,2021,2021_4,0.6108104470051254
1,1,0.369242373282874,0.12914927592945277,0.5700378671220162,blend_prodv4_xgb,post,2021,2021_5,0.6108104470051254
0,0,0.6540955535581502,0.20592525254194913,0.0,blend_prodv4_xgb,post,2021,2021_6,0.6108104470051254
2,1,0.13845133277223445,0.037802057691963986,0.8289886398633951,blend_prodv4_xgb,post,2021,2021_7,0.6108104470051254
2,1,0.16428981133701462,0.04658665304098549,0.8289886398633951,blend_prodv4_xgb,post,2021,2021_8,0.6108104470051254
1,1,0.25540345492470057,0.09081619259561756,0.5700378671220162,blend_prodv4_xgb,post,2021,2021_9,0.6108104470051254
2,0,0.2678832558833742,0.09003799101244284,0.42100594278174164,blend_prodv4_xgb,post,2022,2022_1,0.6108104470051254
1,0,0.34503000455183563,0.11717023832699322,0.35965385102969294,blend_prodv4_xgb,post,2022,2022_10,0.6108104470051254
2,0,0.2363018838044645,0.07878300166247633,0.6954461978888599,blend_prodv4_xgb,post,2022,2022_11,0.6108104470051254
1,0,0.3258954234574015,0.11427244366051059,0.35965385102969294,blend_prodv4_xgb,post,2022,2022_12,0.6108104470051254
1,0,0.3023509827400683,0.1066504303415792,0.34202272027320973,blend_prodv4_xgb,post,2022,2022_13,0.6108104470051254
3,1,0.11808388231728192,0.025987655677932674,0.9910438099037578,blend_prodv4_xgb,post,2022,2022_14,0.6108104470051254
2,1,0.22716479531874278,0.07264365867568087,0.7410492272586211,blend_prodv4_xgb,post,2022,2022_15,0.6108104470051254
3,1,0.12810375648276945,0.030744311982671683,1.0,blend_prodv4_xgb,post,2022,2022_16,0.6108104470051254
2,0,0.2238856070804302,0.07545918446862439,0.6954461978888599,blend_prodv4_xgb,post,2022,2022_17,0.6108104470051254
2,1,0.1869214952349706,0.05989608936624765,0.785830177739832,blend_prodv4_xgb,post,2022,2022_18,0.6108104470051254
2,1,0.21663875823054807,0.07396512447562617,0.7410492272586211,blend_prodv4_xgb,post,2022,2022_19,0.6108104470051254
2,1,0.16456064506118975,0.04820918455308244,0.785830177739832,blend_prodv4_xgb,post,2022,2022_2,0.6108104470051254
1,1,0.224301981354266,0.07613542994151172,0.5700378671220162,blend_prodv4_xgb,post,2022,2022_20,0.6108104470051254
2,0,0.27906364090454255,0.09388105626081061,0.5648674831936188,blend_prodv4_xgb,post,2022,2022_21,0.6108104470051254
3,1,0.12478313389552054,0.0319219739696789,0.9910438099037578,blend_prodv4_xgb,post,2022,2022_22,0.6108104470051254
1,0,0.3163065797875666,0.10783792417259246,0.35965385102969294,blend_prodv4_xgb,post,2022,2022_3,0.6108104470051254
2,1,0.3062675561815544,0.09976375098730642,0.7752514992859421,blend_prodv4_xgb,post,2022,2022_4,0.6108104470051254
3,1,0.09909027998220771,0.02006734330215205,1.0,blend_prodv4_xgb,post,2022,2022_5,0.6108104470051254
1,1,0.3056463633582426,0.10704749356360474,0.5700378671220162,blend_prodv4_xgb,post,2022,2022_6,0.6108104470051254
2,0,0.17351771394737825,0.05508130246659541,0.5472363524371356,blend_prodv4_xgb,post,2022,2022_7,0.6108104470051254
2,1,0.26041751033767285,0.0797554332596389,0.8289886398633951,blend_prodv4_xgb,post,2022,2022_8,0.6108104470051254
2,1,0.17272268609155628,0.051730244303685814,0.8289886398633951,blend_prodv4_xgb,post,2022,2022_9,0.6108104470051254
2,1,0.2514578951313194,0.07527141189475925,0.7752514992859421,blend_prodv4_xgb,post,2023,2023_1,0.6108104470051254
2,1,0.2079970199368962,0.06365596119283691,0.8289886398633951,blend_prodv4_xgb,post,2023,2023_10,0.6108104470051254
2,1,0.27721503047656876,0.09609535579901209,0.7752514992859421,blend_prodv4_xgb,post,2023,2023_11,0.6108104470051254
3,1,0.14105993417245952,0.03825923797867425,1.0,blend_prodv4_xgb,post,2023,2023_12,0.6108104470051254
1,1,0.35849416114610944,0.09789153466488658,0.5700378671220162,blend_prodv4_xgb,post,2023,2023_13,0.6108104470051254
2,1,0.1751820474432766,0.05199528929583613,0.785830177739832,blend_prodv4_xgb,post,2023,2023_14,0.6108104470051254
1,0,0.3697256791239119,0.13003951246330941,0.35965385102969294,blend_prodv4_xgb,post,2023,2023_15,0.6108104470051254
2,1,0.2004287350536081,0.0625597317216799,0.8289886398633951,blend_prodv4_xgb,post,2023,2023_16,0.6108104470051254
1,1,0.3575959603875174,0.10980506551069953,0.5700378671220162,blend_prodv4_xgb,post,2023,2023_17,0.6108104470051254
2,1,0.2472410496414134,0.07983517599525206,0.7752514992859421,blend_prodv4_xgb,post,2023,2023_18,0.6108104470051254
2,1,0.21796977776532933,0.06527119721577425,0.785830177739832,blend_prodv4_xgb,post,2023,2023_19,0.6108104470051254
2,1,0.182805877876159,0.05524159623939513,0.8289886398633951,blend_prodv4_xgb,post,2023,2023_2,0.6108104470051254
1,1,0.25722078876592847,0.08501676521237168,0.5700378671220162,blend_prodv4_xgb,post,2023,2023_20,0.6108104470051254
2,1,0.17593972681534914,0.05066637371871604,0.8289886398633951,blend_prodv4_xgb,post,2023,2023_21,0.6108104470051254
2,1,0.19711248424105637,0.0576194131863797,0.8289886398633951,blend_prodv4_xgb,post,2023,2023_22,0.6108104470051254
2,1,0.22035278371554073,0.07122945651145526,0.7752514992859421,blend_prodv4_xgb,post,2023,2023_3,0.6108104470051254
3,0,0.10142875924553171,0.020962508679082482,0.9112385085066755,blend_prodv4_xgb,post,2023,2023_4,0.6108104470051254
3,0,0.13702437422055186,0.03547469254311182,0.9410924754941495,blend_prodv4_xgb,post,2023,2023_5,0.6108104470051254
2,1,0.17398608796673598,0.049073906731453024,0.8289886398633951,blend_prodv4_xgb,post,2023,2023_6,0.6108104470051254
2,1,0.2848318672985292,0.09043160967238144,0.7752514992859421,blend_prodv4_xgb,post,2023,2023_7,0.6108104470051254
3,1,0.11192375634012841,0.026020275423216332,1.0,blend_prodv4_xgb,post,2023,2023_8,0.6108104470051254
2,1,0.2047292422186852,0.06204907853322765,0.8289886398633951,blend_prodv4_xgb,post,2023,2023_9,0.6108104470051254
2,1,0.24526912534123219,0.08674390719164661,0.7752514992859421,blend_prodv4_xgb,post,2024,2024_1,0.5661988568127707
2,0,0.13432442552863927,0.03694122939580305,0.7700811153575446,blend_prodv4_xgb,post,2024,2024_10,0.5661988568127707
1,0,0.528647898316841,0.17372582214431007,0.2850189335610081,blend_prodv4_xgb,post,2024,2024_11,0.5661988568127707
2,0,0.17068757927730263,0.054037431356405666,0.6954461978888599,blend_prodv4_xgb,post,2024,2024_12,0.5661988568127707
2,0,0.2843396881524921,0.09158235076755493,0.543969706302387,blend_prodv4_xgb,post,2024,2024_13,0.5661988568127707
1,0,0.3060728644645744,0.10636089053082673,0.34202272027320973,blend_prodv4_xgb,post,2024,2024_14,0.5661988568127707
2,1,0.19314965400737144,0.05533576445524939,0.8289886398633951,blend_prodv4_xgb,post,2024,2024_15,0.5661988568127707
2,0,0.18247035512512583,0.055064762883480015,0.6009734930145886,blend_prodv4_xgb,post,2024,2024_16,0.5661988568127707
2,0,0.24096687383683787,0.07357480769429271,0.7700811153575446,blend_prodv4_xgb,post,2024,2024_17,0.5661988568127707
3,1,0.12150663751061386,0.030215547604619187,1.0,blend_prodv4_xgb,post,2024,2024_18,0.5661988568127707
2,0,0.32408411433061063,0.09988262045298579,0.5008112441788239,blend_prodv4_xgb,post,2024,2024_19,0.5661988568127707
3,1,0.09042057683061874,0.0179835432881721,1.0,blend_prodv4_xgb,post,2024,2024_2,0.5661988568127707
2,0,0.15807210067481264,0.049816314139806785,0.7700811153575446,blend_prodv4_xgb,post,2024,2024_20,0.5661988568127707
1,0,0.6332219081260544,0.17107686899066263,0.2850189335610081,blend_prodv4_xgb,post,2024,2024_21,0.5661988568127707
2,1,0.27151565503239194,0.08725519647245669,0.7410492272586211,blend_prodv4_xgb,post,2024,2024_22,0.5661988568127707
1,0,0.25831202643985435,0.09136752310447402,0.35965385102969294,blend_prodv4_xgb,post,2024,2024_23,0.5661988568127707
1,1,0.2637070044883227,0.0939597254698059,0.5700378671220162,blend_prodv4_xgb,post,2024,2024_24,0.5661988568127707
2,0,0.40190531197094925,0.11416671217859192,0.543969706302387,blend_prodv4_xgb,post,2024,2024_3,0.5661988568127707
2,1,0.14517966368973745,0.04157989329623198,0.8289886398633951,blend_prodv4_xgb,post,2024,2024_4,0.5661988568127707
2,1,0.15313818256882988,0.04387556577744471,0.785830177739832,blend_prodv4_xgb,post,2024,2024_5,0.5661988568127707
2,0,0.17156282092997666,0.053007089370352645,0.6262195749456675,blend_prodv4_xgb,post,2024,2024_6,0.5661988568127707
3,1,0.1033796689561813,0.023355963974868586,1.0,blend_prodv4_xgb,post,2024,2024_7,0.5661988568127707
2,1,0.21782333962025588,0.07504567111068308,0.7752514992859421,blend_prodv4_xgb,post,2024,2024_8,0.5661988568127707
3,1,0.11620210904258621,0.02794956691643851,1.0,blend_prodv4_xgb,post,2024,2024_9,0.5661988568127707
2,1,0.17157933173409093,0.05453033907772488,0.8289886398633951,blend_prodv4_xgb,post,2025,2025_1,0.5661988568127707
2,0,0.27427131828759316,0.09132004334240455,0.5648674831936188,blend_prodv4_xgb,post,2025,2025_10,0.5661988568127707
3,1,0.0938408392946243,0.019260530527942687,1.0,blend_prodv4_xgb,post,2025,2025_11,0.5661988568127707
2,0,0.36940528694225827,0.08860371002126212,0.7700811153575446,blend_prodv4_xgb,post,2025,2025_12,0.5661988568127707
3,0,0.10603312319697329,0.0272464382010445,0.9410924754941495,blend_prodv4_xgb,post,2025,2025_13,0.5661988568127707
2,1,0.16685621856788016,0.055376355485890746,0.8289886398633951,blend_prodv4_xgb,post,2025,2025_14,0.5661988568127707
2,1,0.32713152700043036,0.10389173636580747,0.7752514992859421,blend_prodv4_xgb,post,2025,2025_15,0.5661988568127707
3,0,0.07215916717722971,0.011792577220571815,0.9112385085066755,blend_prodv4_xgb,post,2025,2025_16,0.5661988568127707
1,1,0.32646753080524343,0.11728479143016898,0.5700378671220162,blend_prodv4_xgb,post,2025,2025_17,0.5661988568127707
2,1,0.15001074639802894,0.047608003438846164,0.8289886398633951,blend_prodv4_xgb,post,2025,2025_18,0.5661988568127707
2,1,0.15217915517210784,0.04623637478519008,0.8289886398633951,blend_prodv4_xgb,post,2025,2025_19,0.5661988568127707
3,0,0.14129175841647673,0.038245726623598764,0.9068902034668286,blend_prodv4_xgb,post,2025,2025_2,0.5661988568127707
3,1,0.12057719931097281,0.031014836349511864,1.0,blend_prodv4_xgb,post,2025,2025_20,0.5661988568127707
1,1,0.24509108715900707,0.08708226465737488,0.5700378671220162,blend_prodv4_xgb,post,2025,2025_21,0.5661988568127707
1,0,0.4666675814283705,0.1325090161471345,0.35965385102969294,blend_prodv4_xgb,post,2025,2025_22,0.5661988568127707
2,0,0.32344959819915137,0.0929162675069148,0.6954461978888599,blend_prodv4_xgb,post,2025,2025_23,0.5661988568127707
3,1,0.08371314574226917,0.01757478327044284,0.9910438099037578,blend_prodv4_xgb,post,2025,2025_24,0.5661988568127707
3,0,0.1097494932498134,0.026569757052065747,0.9410924754941495,blend_prodv4_xgb,post,2025,2025_3,0.5661988568127707
2,1,0.18625131198378067,0.06043794110255664,0.7410492272586211,blend_prodv4_xgb,post,2025,2025_4,0.5661988568127707
2,1,0.17898201185332904,0.056079108908784515,0.8289886398633951,blend_prodv4_xgb,post,2025,2025_5,0.5661988568127707
2,0,0.22152888981004443,0.07392923261924461,0.6954461978888599,blend_prodv4_xgb,post,2025,2025_6,0.5661988568127707
2,0,0.13926110739300213,0.04203788598678594,0.7016765713029027,blend_prodv4_xgb,post,2025,2025_7,0.5661988568127707
3,1,0.09088424377382051,0.018613001354057364,0.9910438099037578,blend_prodv4_xgb,post,2025,2025_8,0.5661988568127707
2,1,0.19439393425691365,0.0614121528803959,0.8289886398633951,blend_prodv4_xgb,post,2025,2025_9,0.5661988568127707
1,1,0.233518760254508,0.07983013472211863,0.5700378671220162,blend_prodv4_xgb,post,2026,2026_1,0.5661988568127707
2,1,0.17535825512831235,0.05485636892940895,0.785830177739832,blend_prodv4_xgb,post,2026,2026_10,0.5661988568127707
2,1,0.18345297363850657,0.06000454864577152,0.7410492272586211,blend_prodv4_xgb,post,2026,2026_11,0.5661988568127707
3,1,0.09023134722357043,0.018217716738261405,0.9910438099037578,blend_prodv4_xgb,post,2026,2026_12,0.5661988568127707
2,0,0.20429445742555358,0.06490772685732273,0.7700811153575446,blend_prodv4_xgb,post,2026,2026_13,0.5661988568127707
3,1,0.09858634764547997,0.023388053967557998,0.9910438099037578,blend_prodv4_xgb,post,2026,2026_14,0.5661988568127707
1,1,0.2935473527477362,0.09563833682819292,0.5700378671220162,blend_prodv4_xgb,post,2026,2026_15,0.5661988568127707
2,1,0.16762752692624028,0.050777878024018834,0.8289886398633951,blend_prodv4_xgb,post,2026,2026_2,0.5661988568127707
2,1,0.21469693756561517,0.07539893047031089,0.7752514992859421,blend_prodv4_xgb,post,2026,2026_3,0.5661988568127707
1,1,0.23879974282167601,0.0855212471361453,0.5700378671220162,blend_prodv4_xgb,post,2026,2026_4,0.5661988568127707
1,0,0.3510284792960672,0.12203033054691653,0.35965385102969294,blend_prodv4_xgb,post,2026,2026_5,0.5661988568127707
2,1,0.27375582234172413,0.08297100658827805,0.7752514992859421,blend_prodv4_xgb,post,2026,2026_6,0.5661988568127707
2,0,0.2062726309623878,0.06847169155071704,0.543969706302387,blend_prodv4_xgb,post,2026,2026_7,0.5661988568127707
2,1,0.22053802716058823,0.0728238873152819,0.7410492272586211,blend_prodv4_xgb,post,2026,2026_8,0.5661988568127707
2,0,0.291308477761296,0.0886357405194561,0.5008112441788239,blend_prodv4_xgb,post,2026,2026_9,0.5661988568127707
2,1,0.14477736846057593,0.038067725472927284,0.785830177739832,blend_prodv4_xgb,pre,2021,2021_1,0.6589370460244033
1,0,0.36469194676312067,0.123093759869448,0.35965385102969294,blend_prodv4_xgb,pre,2021,2021_10,0.6589370460244033
1,0,0.4249174781504479,0.12486701743327797,0.4104272643278517,blend_prodv4_xgb,pre,2021,2021_11,0.6589370460244033
2,0,0.30283090734403034,0.06937849032575856,0.7016765713029027,blend_prodv4_xgb,pre,2021,2021_12,0.6589370460244033
3,0,0.11970704141376438,0.027024938575369632,0.9410924754941495,blend_prodv4_xgb,pre,2021,2021_13,0.6589370460244033
1,0,0.45937152196696845,0.1576913407858816,0.17101136013660487,blend_prodv4_xgb,pre,2021,2021_14,0.6589370460244033
2,1,0.24865683008374106,0.07084457424882251,0.8289886398633951,blend_prodv4_xgb,pre,2021,2021_15,0.6589370460244033
2,0,0.30306921555788424,0.10060199965442193,0.543969706302387,blend_prodv4_xgb,pre,2021,2021_16,0.6589370460244033
2,0,0.18620697456182816,0.05435089350710309,0.7700811153575446,blend_prodv4_xgb,pre,2021,2021_17,0.6589370460244033
2,1,0.17043515473914178,0.04919924522741882,0.8289886398633951,blend_prodv4_xgb,pre,2021,2021_18,0.6589370460244033
3,0,0.1466885632665243,0.038424998024697496,0.9410924754941495,blend_prodv4_xgb,pre,2021,2021_19,0.6589370460244033
2,0,0.25735077883330193,0.07331021094330306,0.7700811153575446,blend_prodv4_xgb,pre,2021,2021_2,0.6589370460244033
2,1,0.26354942193311204,0.06392401361842336,0.8289886398633951,blend_prodv4_xgb,pre,2021,2021_20,0.6589370460244033
3,1,0.14203573283558463,0.03585088515142406,1.0,blend_prodv4_xgb,pre,2021,2021_21,0.6589370460244033
2,0,0.22220510385891581,0.06267108890492289,0.7700811153575446,blend_prodv4_xgb,pre,2021,2021_22,0.6589370460244033
3,1,0.10649473700924009,0.02228109798652167,1.0,blend_prodv4_xgb,pre,2021,2021_3,0.6589370460244033
3,1,0.11840933483657426,0.026879690535021938,1.0,blend_prodv4_xgb,pre,2021,2021_4,0.6589370460244033
1,0,0.501247550071758,0.15533989964291564,0.35965385102969294,blend_prodv4_xgb,pre,2021,2021_5,0.6589370460244033
0,0,0.641112138583156,0.20369539998008385,0.0,blend_prodv4_xgb,pre,2021,2021_6,0.6589370460244033
3,0,0.1317788173289873,0.030040220097983454,0.9410924754941495,blend_prodv4_xgb,pre,2021,2021_7,0.6589370460244033
2,1,0.1785864201458043,0.05209553725185022,0.8289886398633951,blend_prodv4_xgb,pre,2021,2021_8,0.6589370460244033
1,1,0.32665092250622774,0.10739851490497257,0.5700378671220162,blend_prodv4_xgb,pre,2021,2021_9,0.6589370460244033
1,0,0.3676042297646388,0.11873449041166691,0.34202272027320973,blend_prodv4_xgb,pre,2022,2022_1,0.6589370460244033
2,0,0.2550885541471629,0.08623436276942689,0.5648674831936188,blend_prodv4_xgb,pre,2022,2022_10,0.6589370460244033
1,0,0.2739851343362636,0.09511034501321702,0.4104272643278517,blend_prodv4_xgb,pre,2022,2022_11,0.6589370460244033
1,0,0.3017636949744565,0.1087666678865317,0.35965385102969294,blend_prodv4_xgb,pre,2022,2022_12,0.6589370460244033
1,0,0.28402062946057793,0.10050264613448505,0.2850189335610081,blend_prodv4_xgb,pre,2022,2022_13,0.6589370460244033
2,1,0.19471813817870973,0.05943575903840385,0.785830177739832,blend_prodv4_xgb,pre,2022,2022_14,0.6589370460244033
1,1,0.26444117940356365,0.09066225977310857,0.5700378671220162,blend_prodv4_xgb,pre,2022,2022_15,0.6589370460244033
2,1,0.22221265623318595,0.0713245819741721,0.8289886398633951,blend_prodv4_xgb,pre,2022,2022_16,0.6589370460244033
2,0,0.2580615811566216,0.08915879525066267,0.42996213287798374,blend_prodv4_xgb,pre,2022,2022_17,0.6589370460244033
2,1,0.16349602736569746,0.04686028679425,0.785830177739832,blend_prodv4_xgb,pre,2022,2022_18,0.6589370460244033
2,1,0.20719806204813165,0.06598501751647773,0.7410492272586211,blend_prodv4_xgb,pre,2022,2022_19,0.6589370460244033
2,0,0.2226061178716551,0.0730626536665456,0.5306652111662978,blend_prodv4_xgb,pre,2022,2022_2,0.6589370460244033
2,1,0.20982664793145825,0.0682703655493211,0.7410492272586211,blend_prodv4_xgb,pre,2022,2022_20,0.6589370460244033
0,0,0.37684289058957376,0.13800186912241835,0.0,blend_prodv4_xgb,pre,2022,2022_21,0.6589370460244033
2,1,0.19546400196413832,0.06101939022202585,0.7752514992859421,blend_prodv4_xgb,pre,2022,2022_22,0.6589370460244033
1,0,0.3459729889950348,0.1267670642342167,0.2850189335610081,blend_prodv4_xgb,pre,2022,2022_3,0.6589370460244033
2,1,0.3320818516374702,0.10191701175249834,0.7752514992859421,blend_prodv4_xgb,pre,2022,2022_4,0.6589370460244033
2,1,0.17140381385918624,0.05119201327386721,0.8289886398633951,blend_prodv4_xgb,pre,2022,2022_5,0.6589370460244033
2,1,0.25592222436986745,0.0849860051671371,0.7752514992859421,blend_prodv4_xgb,pre,2022,2022_6,0.6589370460244033
2,0,0.19148271863506772,0.058308515538432526,0.6270416538342178,blend_prodv4_xgb,pre,2022,2022_7,0.6589370460244033
2,1,0.2210426336460681,0.06762214747144593,0.8289886398633951,blend_prodv4_xgb,pre,2022,2022_8,0.6589370460244033
1,1,0.24968434861928634,0.08480862388133747,0.5700378671220162,blend_prodv4_xgb,pre,2022,2022_9,0.6589370460244033
1,1,0.3645755812267025,0.10460206448478884,0.5700378671220162,blend_prodv4_xgb,pre,2023,2023_1,0.6589370460244033
2,1,0.3150294073600841,0.09029307382064292,0.7410492272586211,blend_prodv4_xgb,pre,2023,2023_10,0.6589370460244033
2,1,0.2717453761981793,0.07981474490591742,0.785830177739832,blend_prodv4_xgb,pre,2023,2023_11,0.6589370460244033
2,1,0.2292547784237839,0.07368905564550046,0.7752514992859421,blend_prodv4_xgb,pre,2023,2023_12,0.6589370460244033
1,1,0.34912470210527363,0.10090356270030301,0.5700378671220162,blend_prodv4_xgb,pre,2023,2023_13,0.6589370460244033
2,1,0.21051992734522668,0.06470629266871145,0.8289886398633951,blend_prodv4_xgb,pre,2023,2023_14,0.6589370460244033
1,0,0.4793731459139939,0.15754839628465983,0.17101136013660487,blend_prodv4_xgb,pre,2023,2023_15,0.6589370460244033
1,1,0.3898186896468093,0.11270083100950323,0.5700378671220162,blend_prodv4_xgb,pre,2023,2023_16,0.6589370460244033
1,1,0.33571242714979366,0.10234655290998382,0.5700378671220162,blend_prodv4_xgb,pre,2023,2023_17,0.6589370460244033
1,1,0.26420288514802903,0.08419383610158257,0.5700378671220162,blend_prodv4_xgb,pre,2023,2023_18,0.6589370460244033
1,1,0.22690145303676096,0.07213575975653815,0.5700378671220162,blend_prodv4_xgb,pre,2023,2023_19,0.6589370460244033
2,0,0.2589861199458215,0.07376487773938938,0.7700811153575446,blend_prodv4_xgb,pre,2023,2023_2,0.6589370460244033
1,1,0.3083615942970827,0.09511594457798808,0.5700378671220162,blend_prodv4_xgb,pre,2023,2023_20,0.6589370460244033
2,1,0.19922229485898668,0.06030469190074049,0.785830177739832,blend_prodv4_xgb,pre,2023,2023_21,0.6589370460244033
2,1,0.2383736718169805,0.07631345795332557,0.7752514992859421,blend_prodv4_xgb,pre,2023,2023_22,0.6589370460244033
1,0,0.3103333772362176,0.10670163521183913,0.35965385102969294,blend_prodv4_xgb,pre,2023,2023_3,0.6589370460244033
2,0,0.20112630357831485,0.06080699339737815,0.7700811153575446,blend_prodv4_xgb,pre,2023,2023_4,0.6589370460244033
2,1,0.1906453109692397,0.05547558189654182,0.8289886398633951,blend_prodv4_xgb,pre,2023,2023_5,0.6589370460244033
2,1,0.3411661419814831,0.09801829203784743,0.7752514992859421,blend_prodv4_xgb,pre,2023,2023_6,0.6589370460244033
1,1,0.2631873581433113,0.08735712764594353,0.5700378671220162,blend_prodv4_xgb,pre,2023,2023_7,0.6589370460244033
1,1,0.2208146918395358,0.07154189913894146,0.5700378671220162,blend_prodv4_xgb,pre,2023,2023_8,0.6589370460244033
2,1,0.20201548362359528,0.06081232180184879,0.785830177739832,blend_prodv4_xgb,pre,2023,2023_9,0.6589370460244033
2,1,0.18973701395168077,0.05655819044347338,0.8289886398633951,blend_prodv4_xgb,pre,2024,2024_1,0.6589370460244033
2,1,0.24987911250764583,0.0760678162141329,0.8289886398633951,blend_prodv4_xgb,pre,2024,2024_10,0.6589370460244033
0,0,0.4204829508434879,0.152104330745201,0.0,blend_prodv4_xgb,pre,2024,2024_11,0.6589370460244033
2,0,0.24194383118110935,0.07650016937931065,0.5814386244644566,blend_prodv4_xgb,pre,2024,2024_12,0.6589370460244033
1,0,0.3194524475016528,0.11197382247381082,0.2589507727413789,blend_prodv4_xgb,pre,2024,2024_13,0.6589370460244033
1,0,0.30760567635023606,0.10934062506269053,0.20521363216392585,blend_prodv4_xgb,pre,2024,2024_14,0.6589370460244033
2,0,0.2070297208526879,0.0637226908277184,0.7700811153575446,blend_prodv4_xgb,pre,2024,2024_15,0.6589370460244033
2,0,0.21789396959018276,0.06954949339948378,0.5472363524371356,blend_prodv4_xgb,pre,2024,2024_16,0.6589370460244033
0,0,0.33045919752207087,0.11466672738189425,0.0,blend_prodv4_xgb,pre,2024,2024_17,0.6589370460244033
3,0,0.1440996805586712,0.03535113624053869,0.9068902034668286,blend_prodv4_xgb,pre,2024,2024_18,0.6589370460244033
1,0,0.34980707620618134,0.1255642439160881,0.17101136013660487,blend_prodv4_xgb,pre,2024,2024_19,0.6589370460244033
3,1,0.1188211421710954,0.026099944897257133,1.0,blend_prodv4_xgb,pre,2024,2024_2,0.6589370460244033
1,0,0.24152105412118977,0.08182871327803813,0.4104272643278517,blend_prodv4_xgb,pre,2024,2024_20,0.6589370460244033
1,0,0.6064504838120777,0.16033424728725781,0.2850189335610081,blend_prodv4_xgb,pre,2024,2024_21,0.6589370460244033
0,0,0.4536989747315824,0.16624952786767938,0.0,blend_prodv4_xgb,pre,2024,2024_22,0.6589370460244033
2,0,0.24200569669755462,0.08045813481407814,0.543969706302387,blend_prodv4_xgb,pre,2024,2024_23,0.6589370460244033
1,0,0.26177908341246015,0.0910668878857528,0.21579231061781579,blend_prodv4_xgb,pre,2024,2024_24,0.6589370460244033
1,0,0.4305636156656934,0.1416312373324244,0.20521363216392585,blend_prodv4_xgb,pre,2024,2024_3,0.6589370460244033
3,1,0.15139214141040488,0.040971606643764355,0.9910438099037578,blend_prodv4_xgb,pre,2024,2024_4,0.6589370460244033
2,1,0.20236125429381402,0.06314914988845044,0.785830177739832,blend_prodv4_xgb,pre,2024,2024_5,0.6589370460244033
2,0,0.19738988197798937,0.06126381155581383,0.5814386244644566,blend_prodv4_xgb,pre,2024,2024_6,0.6589370460244033
1,1,0.19811235569653202,0.06311901381244625,0.5700378671220162,blend_prodv4_xgb,pre,2024,2024_7,0.6589370460244033
1,0,0.35168227759816556,0.12486804455643503,0.35965385102969294,blend_prodv4_xgb,pre,2024,2024_8,0.6589370460244033
2,1,0.2791511840100105,0.08686412436527675,0.7752514992859421,blend_prodv4_xgb,pre,2024,2024_9,0.6589370460244033
1,0,0.22186610295961132,0.07070555296242258,0.4104272643278517,blend_prodv4_xgb,pre,2025,2025_1,0.6589370460244033
1,0,0.4098478547663852,0.14474173819973585,0.20521363216392585,blend_prodv4_xgb,pre,2025,2025_10,0.6589370460244033
2,0,0.17932158339726856,0.05405953553566465,0.7700811153575446,blend_prodv4_xgb,pre,2025,2025_11,0.6589370460244033
2,1,0.31883772098885677,0.07321407637633529,0.8289886398633951,blend_prodv4_xgb,pre,2025,2025_12,0.6589370460244033
2,0,0.18383372670683246,0.055126381583271725,0.7700811153575446,blend_prodv4_xgb,pre,2025,2025_13,0.6589370460244033
2,1,0.15523221966406,0.04291916720291973,0.8289886398633951,blend_prodv4_xgb,pre,2025,2025_14,0.6589370460244033
1,0,0.425168648339677,0.1287237261084948,0.35965385102969294,blend_prodv4_xgb,pre,2025,2025_15,0.6589370460244033
2,0,0.14001011539434483,0.038477722628154507,0.6262195749456675,blend_prodv4_xgb,pre,2025,2025_16,0.6589370460244033
1,0,0.4954825812273967,0.16179028037056753,0.2850189335610081,blend_prodv4_xgb,pre,2025,2025_17,0.6589370460244033
2,0,0.1989327256461938,0.06535667765661221,0.5472363524371356,blend_prodv4_xgb,pre,2025,2025_18,0.6589370460244033
2,0,0.25592482961645857,0.0868844497833592,0.543969706302387,blend_prodv4_xgb,pre,2025,2025_19,0.6589370460244033
2,0,0.18352019553620313,0.05499505646553136,0.6262195749456675,blend_prodv4_xgb,pre,2025,2025_2,0.6589370460244033
2,1,0.2032015840945791,0.0657089184744282,0.7410492272586211,blend_prodv4_xgb,pre,2025,2025_20,0.6589370460244033
2,1,0.2833494267141564,0.08432232265359733,0.785830177739832,blend_prodv4_xgb,pre,2025,2025_21,0.6589370460244033
1,0,0.33449006346422705,0.11778242375702463,0.35965385102969294,blend_prodv4_xgb,pre,2025,2025_22,0.6589370460244033
1,0,0.402971803989913,0.12453981345615839,0.35965385102969294,blend_prodv4_xgb,pre,2025,2025_23,0.6589370460244033
3,1,0.12247093829649905,0.028592656207118823,0.9910438099037578,blend_prodv4_xgb,pre,2025,2025_24,0.6589370460244033
3,0,0.15438367304595976,0.04138634019074879,0.9112385085066755,blend_prodv4_xgb,pre,2025,2025_3,0.6589370460244033
2,0,0.18595522952837082,0.05533069445584793,0.7016765713029027,blend_prodv4_xgb,pre,2025,2025_4,0.6589370460244033
2,1,0.1964583721100392,0.06232897729129637,0.7752514992859421,blend_prodv4_xgb,pre,2025,2025_5,0.6589370460244033
2,1,0.16899739364929603,0.048659692116555964,0.8289886398633951,blend_prodv4_xgb,pre,2025,2025_6,0.6589370460244033
2,0,0.17745233721819073,0.0530878980569357,0.7016765713029027,blend_prodv4_xgb,pre,2025,2025_7,0.6589370460244033
2,0,0.18369876743990776,0.0552154724540849,0.7016765713029027,blend_prodv4_xgb,pre,2025,2025_8,0.6589370460244033
2,1,0.1594291798804605,0.04401211579335519,0.8289886398633951,blend_prodv4_xgb,pre,2025,2025_9,0.6589370460244033
0,0,0.4257492250135977,0.1544351049207706,0.0,blend_prodv4_xgb,pre,2026,2026_1,0.6589370460244033
1,0,0.24608902312024536,0.08407419239354506,0.35965385102969294,blend_prodv4_xgb,pre,2026,2026_10,0.6589370460244033
1,0,0.21546307894876415,0.06945110241967563,0.34202272027320973,blend_prodv4_xgb,pre,2026,2026_11,0.6589370460244033
1,0,0.21390392710918116,0.06966156162826206,0.4104272643278517,blend_prodv4_xgb,pre,2026,2026_12,0.6589370460244033
1,1,0.22104160350703522,0.07305465770720741,0.5700378671220162,blend_prodv4_xgb,pre,2026,2026_13,0.6589370460244033
2,1,0.191446152049312,0.06042128744451858,0.7410492272586211,blend_prodv4_xgb,pre,2026,2026_14,0.6589370460244033
1,0,0.36156358452037557,0.12233972916702562,0.2850189335610081,blend_prodv4_xgb,pre,2026,2026_15,0.6589370460244033
1,0,0.308194723209196,0.1046512576960982,0.2589507727413789,blend_prodv4_xgb,pre,2026,2026_2,0.6589370460244033
1,1,0.2362041350263304,0.07925396642500038,0.5700378671220162,blend_prodv4_xgb,pre,2026,2026_3,0.6589370460244033
2,1,0.20710016012609084,0.06844074458484478,0.7410492272586211,blend_prodv4_xgb,pre,2026,2026_4,0.6589370460244033
1,1,0.2883156463175365,0.09657264238221507,0.5700378671220162,blend_prodv4_xgb,pre,2026,2026_5,0.6589370460244033
1,1,0.3046133531570068,0.089634053970777,0.5700378671220162,blend_prodv4_xgb,pre,2026,2026_6,0.6589370460244033
2,0,0.32153883253162907,0.11072810485840721,0.5648674831936188,blend_prodv4_xgb,pre,2026,2026_7,0.6589370460244033
2,0,0.18472426498549369,0.056648618613516215,0.7016765713029027,blend_prodv4_xgb,pre,2026,2026_8,0.6589370460244033
2,0,0.2729596806759569,0.09312100169510745,0.42996213287798374,blend_prodv4_xgb,pre,2026,2026_9,0.6589370460244033
3,1,0.07834410467499009,0.012139565852776358,1.0,blend_prodv4_xgb_clf,post,2021,2021_1,0.5661988568127707
2,0,0.30658167738788156,0.09917897968005536,0.5306652111662978,blend_prodv4_xgb_clf,post,2021,2021_10,0.5661988568127707
1,0,0.495006109360149,0.14512221773140105,0.4104272643278517,blend_prodv4_xgb_clf,post,2021,2021_11,0.5661988568127707
2,0,0.1782906839485678,0.04703867590831724,0.7016765713029027,blend_prodv4_xgb_clf,post,2021,2021_12,0.5661988568127707
3,0,0.07879986697917336,0.01436693374286809,0.9410924754941495,blend_prodv4_xgb_clf,post,2021,2021_13,0.5661988568127707
1,0,0.4663693706163422,0.14902495031740814,0.2850189335610081,blend_prodv4_xgb_clf,post,2021,2021_14,0.5661988568127707
2,0,0.2908449603550908,0.09924562403300577,0.5008112441788239,blend_prodv4_xgb_clf,post,2021,2021_15,0.5661988568127707
2,0,0.2354995448287661,0.06744814581758833,0.7700811153575446,blend_prodv4_xgb_clf,post,2021,2021_16,0.5661988568127707
3,1,0.11258240665473225,0.027719719371405417,1.0,blend_prodv4_xgb_clf,post,2021,2021_17,0.5661988568127707
2,0,0.16872958489180678,0.05470738977793367,0.7700811153575446,blend_prodv4_xgb_clf,post,2021,2021_18,0.5661988568127707
3,0,0.1459686423378052,0.04174403986381806,0.9112385085066755,blend_prodv4_xgb_clf,post,2021,2021_19,0.5661988568127707
2,0,0.2350001283314204,0.06377721399155287,0.7700811153575446,blend_prodv4_xgb_clf,post,2021,2021_2,0.5661988568127707
2,1,0.18143908579267623,0.05272024827542933,0.8289886398633951,blend_prodv4_xgb_clf,post,2021,2021_20,0.5661988568127707
3,1,0.08446423825991692,0.01753045633095638,1.0,blend_prodv4_xgb_clf,post,2021,2021_21,0.5661988568127707
2,0,0.19650176647141143,0.05309413806461379,0.7700811153575446,blend_prodv4_xgb_clf,post,2021,2021_22,0.5661988568127707
3,1,0.0872744207431866,0.016546841969557604,0.9910438099037578,blend_prodv4_xgb_clf,post,2021,2021_3,0.5661988568127707
3,1,0.08127173149570734,0.014037992577818978,1.0,blend_prodv4_xgb_clf,post,2021,2021_4,0.5661988568127707
1,1,0.36120531888834334,0.12660398952360682,0.5700378671220162,blend_prodv4_xgb_clf,post,2021,2021_5,0.5661988568127707
0,0,0.672573551232581,0.2109332826273679,0.0,blend_prodv4_xgb_clf,post,2021,2021_6,0.5661988568127707
2,1,0.12801013837114752,0.0340596718265187,0.8289886398633951,blend_prodv4_xgb_clf,post,2021,2021_7,0.5661988568127707
2,1,0.17309395338331512,0.05209296091943257,0.8289886398633951,blend_prodv4_xgb_clf,post,2021,2021_8,0.5661988568127707
1,1,0.26740429672590443,0.09799165571546255,0.5700378671220162,blend_prodv4_xgb_clf,post,2021,2021_9,0.5661988568127707
2,0,0.25902737132785086,0.08518212991924064,0.42996213287798374,blend_prodv4_xgb_clf,post,2022,2022_1,0.5661988568127707
1,0,0.3085920908855187,0.10889444912549721,0.35965385102969294,blend_prodv4_xgb_clf,post,2022,2022_10,0.5661988568127707
2,0,0.24392038612231576,0.08095173429531008,0.6954461978888599,blend_prodv4_xgb_clf,post,2022,2022_11,0.5661988568127707
1,0,0.31940619098967266,0.11326914237766805,0.35965385102969294,blend_prodv4_xgb_clf,post,2022,2022_12,0.5661988568127707
1,0,0.28743969491964766,0.10206482673299015,0.34202272027320973,blend_prodv4_xgb_clf,post,2022,2022_13,0.5661988568127707
3,1,0.122045226361904,0.02805466567677422,0.9910438099037578,blend_prodv4_xgb_clf,post,2022,2022_14,0.5661988568127707
2,1,0.23058360678928785,0.07621785970534382,0.7410492272586211,blend_prodv4_xgb_clf,post,2022,2022_15,0.5661988568127707
3,0,0.11366511665124987,0.025578582003587834,0.9410924754941495,blend_prodv4_xgb_clf,post,2022,2022_16,0.5661988568127707
2,0,0.22036636247395353,0.07491577849179135,0.7700811153575446,blend_prodv4_xgb_clf,post,2022,2022_17,0.5661988568127707
2,1,0.16975944557970807,0.054524407575669044,0.785830177739832,blend_prodv4_xgb_clf,post,2022,2022_18,0.5661988568127707
2,1,0.21505369971990412,0.07500870959625697,0.7410492272586211,blend_prodv4_xgb_clf,post,2022,2022_19,0.5661988568127707
2,1,0.15331549525365223,0.044406277613202635,0.785830177739832,blend_prodv4_xgb_clf,post,2022,2022_2,0.5661988568127707
1,1,0.2049990766460342,0.07007131382874474,0.5700378671220162,blend_prodv4_xgb_clf,post,2022,2022_20,0.5661988568127707
2,0,0.29455530852449396,0.10064231853123418,0.5648674831936188,blend_prodv4_xgb_clf,post,2022,2022_21,0.5661988568127707
3,1,0.11373813271998183,0.027455157863356262,0.9910438099037578,blend_prodv4_xgb_clf,post,2022,2022_22,0.5661988568127707
2,1,0.3121777182949069,0.10281792329295873,0.7752514992859421,blend_prodv4_xgb_clf,post,2022,2022_3,0.5661988568127707
2,1,0.2994482084527741,0.09838891497310023,0.7752514992859421,blend_prodv4_xgb_clf,post,2022,2022_4,0.5661988568127707
3,1,0.10938712447547716,0.025769411001179465,1.0,blend_prodv4_xgb_clf,post,2022,2022_5,0.5661988568127707
1,0,0.315622816980837,0.1108167165380924,0.35965385102969294,blend_prodv4_xgb_clf,post,2022,2022_6,0.5661988568127707
2,0,0.16697072346773084,0.05190980886878319,0.42100594278174164,blend_prodv4_xgb_clf,post,2022,2022_7,0.5661988568127707
2,1,0.24564776068864114,0.07757941219485982,0.8289886398633951,blend_prodv4_xgb_clf,post,2022,2022_8,0.5661988568127707
2,1,0.16066803338675661,0.04769631530694314,0.8289886398633951,blend_prodv4_xgb_clf,post,2022,2022_9,0.5661988568127707
2,1,0.271623778009143,0.07748794436522513,0.8289886398633951,blend_prodv4_xgb_clf,post,2023,2023_1,0.5661988568127707
2,1,0.20346342951468338,0.0631357796995721,0.8289886398633951,blend_prodv4_xgb_clf,post,2023,2023_10,0.5661988568127707
2,1,0.26646674030222944,0.09247316883920441,0.7752514992859421,blend_prodv4_xgb_clf,post,2023,2023_11,0.5661988568127707
2,1,0.13613791390630176,0.03715724910680257,0.8289886398633951,blend_prodv4_xgb_clf,post,2023,2023_12,0.5661988568127707
1,1,0.3742591745544808,0.10087947068008993,0.5700378671220162,blend_prodv4_xgb_clf,post,2023,2023_13,0.5661988568127707
2,1,0.16657395942837938,0.05035396444580899,0.785830177739832,blend_prodv4_xgb_clf,post,2023,2023_14,0.5661988568127707
1,0,0.34751290197044,0.1236779758571114,0.35965385102969294,blend_prodv4_xgb_clf,post,2023,2023_15,0.5661988568127707
2,1,0.19477254731892302,0.06175852572437753,0.8289886398633951,blend_prodv4_xgb_clf,post,2023,2023_16,0.5661988568127707
1,1,0.3583957466187527,0.11505229150539358,0.5700378671220162,blend_prodv4_xgb_clf,post,2023,2023_17,0.5661988568127707
2,1,0.23339098335943437,0.07437390511919821,0.7752514992859421,blend_prodv4_xgb_clf,post,2023,2023_18,0.5661988568127707
2,1,0.2227330547210416,0.06906959192702523,0.785830177739832,blend_prodv4_xgb_clf,post,2023,2023_19,0.5661988568127707
2,1,0.1946874885287876,0.0620086386401761,0.7752514992859421,blend_prodv4_xgb_clf,post,2023,2023_2,0.5661988568127707
2,1,0.24970849291287173,0.08365669237683579,0.7752514992859421,blend_prodv4_xgb_clf,post,2023,2023_20,0.5661988568127707
2,1,0.18476881587379373,0.05383280400807376,0.8289886398633951,blend_prodv4_xgb_clf,post,2023,2023_21,0.5661988568127707
2,1,0.19607126924650634,0.058843817659588335,0.8289886398633951,blend_prodv4_xgb_clf,post,2023,2023_22,0.5661988568127707
2,1,0.21754684382734704,0.07013641394432782,0.7752514992859421,blend_prodv4_xgb_clf,post,2023,2023_3,0.5661988568127707
3,0,0.10292812584153381,0.02209529973668614,0.9112385085066755,blend_prodv4_xgb_clf,post,2023,2023_4,0.5661988568127707
3,0,0.12620649422580182,0.030869491743817274,0.9112385085066755,blend_prodv4_xgb_clf,post,2023,2023_5,0.5661988568127707
2,1,0.1672991067709287,0.04736549570098282,0.8289886398633951,blend_prodv4_xgb_clf,post,2023,2023_6,0.5661988568127707
2,1,0.28698401481338526,0.08996891432741656,0.7752514992859421,blend_prodv4_xgb_clf,post,2023,2023_7,0.5661988568127707
3,1,0.09656921467093807,0.020727891953024914,1.0,blend_prodv4_xgb_clf,post,2023,2023_8,0.5661988568127707
2,1,0.20833078290804355,0.0633646226779894,0.8289886398633951,blend_prodv4_xgb_clf,post,2023,2023_9,0.5661988568127707
2,1,0.24109739409606407,0.08523644399233604,0.7752514992859421,blend_prodv4_xgb_clf,post,2024,2024_1,0.5661988568127707
3,0,0.12781427251500832,0.032378671243762716,0.9410924754941495,blend_prodv4_xgb_clf,post,2024,2024_10,0.5661988568127707
1,0,0.46784222443373996,0.1624169353768478,0.2850189335610081,blend_prodv4_xgb_clf,post,2024,2024_11,0.5661988568127707
2,0,0.16401494193754268,0.05023446938536459,0.543969706302387,blend_prodv4_xgb_clf,post,2024,2024_12,0.5661988568127707
2,0,0.25484527036265253,0.08466326090567591,0.543969706302387,blend_prodv4_xgb_clf,post,2024,2024_13,0.5661988568127707
1,0,0.282630459316405,0.09806937412380785,0.34202272027320973,blend_prodv4_xgb_clf,post,2024,2024_14,0.5661988568127707
2,1,0.19794691544488774,0.058795709931946695,0.8289886398633951,blend_prodv4_xgb_clf,post,2024,2024_15,0.5661988568127707
2,0,0.1741803337591455,0.05098669584482709,0.6009734930145886,blend_prodv4_xgb_clf,post,2024,2024_16,0.5661988568127707
2,0,0.2321180944901112,0.06858479538540947,0.7700811153575446,blend_prodv4_xgb_clf,post,2024,2024_17,0.5661988568127707
3,1,0.13122612510775405,0.03424209983584027,1.0,blend_prodv4_xgb_clf,post,2024,2024_18,0.5661988568127707
2,0,0.2983839826824587,0.09692498251565215,0.5008112441788239,blend_prodv4_xgb_clf,post,2024,2024_19,0.5661988568127707
3,1,0.0924769746998971,0.018363056196881198,1.0,blend_prodv4_xgb_clf,post,2024,2024_2,0.5661988568127707
2,0,0.16872791538996984,0.05407997099757796,0.7700811153575446,blend_prodv4_xgb_clf,post,2024,2024_20,0.5661988568127707
1,0,0.6658701943082188,0.18156174198047523,0.2850189335610081,blend_prodv4_xgb_clf,post,2024,2024_21,0.5661988568127707
2,1,0.28894143389820204,0.09279057918889014,0.7410492272586211,blend_prodv4_xgb_clf,post,2024,2024_22,0.5661988568127707
1,0,0.25170440660158117,0.08822297551434019,0.35965385102969294,blend_prodv4_xgb_clf,post,2024,2024_23,0.5661988568127707
2,1,0.23382918700834193,0.08129550072284655,0.7752514992859421,blend_prodv4_xgb_clf,post,2024,2024_24,0.5661988568127707
2,0,0.3971461679706831,0.11992127137001687,0.5648674831936188,blend_prodv4_xgb_clf,post,2024,2024_3,0.5661988568127707
2,1,0.1428806695072119,0.03950973280988755,0.8289886398633951,blend_prodv4_xgb_clf,post,2024,2024_4,0.5661988568127707
2,1,0.1566154644980633,0.044454927733133365,0.785830177739832,blend_prodv4_xgb_clf,post,2024,2024_5,0.5661988568127707
2,0,0.1796945806708818,0.056001382614665154,0.6262195749456675,blend_prodv4_xgb_clf,post,2024,2024_6,0.5661988568127707
3,1,0.11674290491747805,0.028272764919600686,1.0,blend_prodv4_xgb_clf,post,2024,2024_7,0.5661988568127707
2,1,0.19687965015847209,0.06434966647570577,0.7752514992859421,blend_prodv4_xgb_clf,post,2024,2024_8,0.5661988568127707
3,1,0.12230521929889929,0.02926415803186716,1.0,blend_prodv4_xgb_clf,post,2024,2024_9,0.5661988568127707
2,1,0.19208187672368165,0.06334063800906155,0.7752514992859421,blend_prodv4_xgb_clf,post,2025,2025_1,0.5661988568127707
2,0,0.24839456331835907,0.0828375688713916,0.5648674831936188,blend_prodv4_xgb_clf,post,2025,2025_10,0.5661988568127707
3,1,0.09822477273984989,0.020925763069619248,1.0,blend_prodv4_xgb_clf,post,2025,2025_11,0.5661988568127707
2,0,0.37875547082269007,0.09136456111730532,0.6954461978888599,blend_prodv4_xgb_clf,post,2025,2025_12,0.5661988568127707
3,0,0.09937036951786485,0.02491096471691885,0.9410924754941495,blend_prodv4_xgb_clf,post,2025,2025_13,0.5661988568127707
2,1,0.1578155022986757,0.05248285214697436,0.8289886398633951,blend_prodv4_xgb_clf,post,2025,2025_14,0.5661988568127707
2,1,0.3168836527696672,0.1026565993241153,0.7752514992859421,blend_prodv4_xgb_clf,post,2025,2025_15,0.5661988568127707
3,0,0.07565109676329579,0.012536086240227989,0.9112385085066755,blend_prodv4_xgb_clf,post,2025,2025_16,0.5661988568127707
1,1,0.326576608805837,0.11568757867321859,0.5700378671220162,blend_prodv4_xgb_clf,post,2025,2025_17,0.5661988568127707
2,1,0.17143956920990033,0.05598254237432147,0.7752514992859421,blend_prodv4_xgb_clf,post,2025,2025_18,0.5661988568127707
2,1,0.15263700024503263,0.04605231586942217,0.8289886398633951,blend_prodv4_xgb_clf,post,2025,2025_19,0.5661988568127707
3,1,0.14103351628019445,0.03728326940014878,1.0,blend_prodv4_xgb_clf,post,2025,2025_2,0.5661988568127707
3,1,0.1454763646009659,0.04168147805845483,1.0,blend_prodv4_xgb_clf,post,2025,2025_20,0.5661988568127707
1,1,0.23697846366836353,0.0846061770123468,0.5700378671220162,blend_prodv4_xgb_clf,post,2025,2025_21,0.5661988568127707
1,0,0.413392877885995,0.12360314597057442,0.35965385102969294,blend_prodv4_xgb_clf,post,2025,2025_22,0.5661988568127707
2,0,0.32438053008021595,0.09290487839083797,0.6954461978888599,blend_prodv4_xgb_clf,post,2025,2025_23,0.5661988568127707
3,1,0.08750565466812187,0.018412019239341486,0.9910438099037578,blend_prodv4_xgb_clf,post,2025,2025_24,0.5661988568127707
3,0,0.11380938874821593,0.02709238267285165,0.9410924754941495,blend_prodv4_xgb_clf,post,2025,2025_3,0.5661988568127707
2,1,0.1733745529554973,0.053774179041126136,0.7410492272586211,blend_prodv4_xgb_clf,post,2025,2025_4,0.5661988568127707
2,1,0.1791666704011536,0.05586277590405756,0.8289886398633951,blend_prodv4_xgb_clf,post,2025,2025_5,0.5661988568127707
2,0,0.22752759999063774,0.07645061950751468,0.6954461978888599,blend_prodv4_xgb_clf,post,2025,2025_6,0.5661988568127707
2,0,0.14801128012172174,0.04606397747551287,0.7016765713029027,blend_prodv4_xgb_clf,post,2025,2025_7,0.5661988568127707
3,1,0.08640021678092283,0.01622220247093695,0.9910438099037578,blend_prodv4_xgb_clf,post,2025,2025_8,0.5661988568127707
2,1,0.1972228137139266,0.061186467346252375,0.8289886398633951,blend_prodv4_xgb_clf,post,2025,2025_9,0.5661988568127707
1,1,0.23267177178417578,0.08006452832470336,0.5700378671220162,blend_prodv4_xgb_clf,post,2026,2026_1,0.5248455507398981
2,1,0.16433457656180753,0.052197683190267366,0.785830177739832,blend_prodv4_xgb_clf,post,2026,2026_10,0.5248455507398981
2,1,0.19335435118195726,0.065116066717002,0.7410492272586211,blend_prodv4_xgb_clf,post,2026,2026_11,0.5248455507398981
3,1,0.09833641511258877,0.020919146879435482,0.9910438099037578,blend_prodv4_xgb_clf,post,2026,2026_12,0.5248455507398981
2,0,0.20448849346355355,0.06550661009921453,0.7700811153575446,blend_prodv4_xgb_clf,post,2026,2026_13,0.5248455507398981
3,1,0.10004670107244658,0.024680028283287248,0.9910438099037578,blend_prodv4_xgb_clf,post,2026,2026_14,0.5248455507398981
1,1,0.2783631565098746,0.09373053167503821,0.5700378671220162,blend_prodv4_xgb_clf,post,2026,2026_15,0.5248455507398981
2,1,0.1470584519907944,0.04275107649295442,0.8289886398633951,blend_prodv4_xgb_clf,post,2026,2026_2,0.5248455507398981
2,1,0.21359483378399027,0.0755840296377856,0.7752514992859421,blend_prodv4_xgb_clf,post,2026,2026_3,0.5248455507398981
1,1,0.23335149370963498,0.08409491224286705,0.5700378671220162,blend_prodv4_xgb_clf,post,2026,2026_4,0.5248455507398981
1,0,0.36610348832621137,0.12830696935264266,0.35965385102969294,blend_prodv4_xgb_clf,post,2026,2026_5,0.5248455507398981
2,1,0.2595039915965175,0.07825204459811273,0.7752514992859421,blend_prodv4_xgb_clf,post,2026,2026_6,0.5248455507398981
2,0,0.1777601274357805,0.0594471185324416,0.6954461978888599,blend_prodv4_xgb_clf,post,2026,2026_7,0.5248455507398981
2,1,0.21962352573798966,0.07432803295241021,0.7410492272586211,blend_prodv4_xgb_clf,post,2026,2026_8,0.5248455507398981
2,0,0.27286549875741417,0.08531683558945567,0.5008112441788239,blend_prodv4_xgb_clf,post,2026,2026_9,0.5248455507398981
3,1,0.13731655779697385,0.03538967105097491,0.9910438099037578,blend_prodv4_xgb_clf,pre,2021,2021_1,0.6589370460244033
1,0,0.3443511673370153,0.11653314751018957,0.35965385102969294,blend_prodv4_xgb_clf,pre,2021,2021_10,0.6589370460244033
1,0,0.419375794140253,0.1255068708492661,0.4104272643278517,blend_prodv4_xgb_clf,pre,2021,2021_11,0.6589370460244033
2,0,0.30895954774457746,0.06959728191513297,0.7016765713029027,blend_prodv4_xgb_clf,pre,2021,2021_12,0.6589370460244033
3,0,0.12407892023157507,0.027970499640880598,0.9410924754941495,blend_prodv4_xgb_clf,pre,2021,2021_13,0.6589370460244033
1,0,0.44434834543556934,0.15236297531689233,0.17101136013660487,blend_prodv4_xgb_clf,pre,2021,2021_14,0.6589370460244033
2,1,0.23861769786001816,0.06855047566414649,0.8289886398633951,blend_prodv4_xgb_clf,pre,2021,2021_15,0.6589370460244033
2,0,0.31275355773105407,0.1029977981510057,0.543969706302387,blend_prodv4_xgb_clf,pre,2021,2021_16,0.6589370460244033
2,0,0.19496865699806049,0.055932712975863594,0.7700811153575446,blend_prodv4_xgb_clf,pre,2021,2021_17,0.6589370460244033
2,1,0.1596469737903895,0.04359040393900054,0.8289886398633951,blend_prodv4_xgb_clf,pre,2021,2021_18,0.6589370460244033
2,0,0.15220453744050946,0.04042690553961028,0.7700811153575446,blend_prodv4_xgb_clf,pre,2021,2021_19,0.6589370460244033
2,0,0.26700069140337007,0.07829983175223365,0.6954461978888599,blend_prodv4_xgb_clf,pre,2021,2021_2,0.6589370460244033
2,1,0.2716417694084509,0.06889486086726455,0.8289886398633951,blend_prodv4_xgb_clf,pre,2021,2021_20,0.6589370460244033
3,1,0.13802091246484088,0.033793900882687716,1.0,blend_prodv4_xgb_clf,pre,2021,2021_21,0.6589370460244033
2,0,0.22044822299880806,0.062202402307703665,0.7700811153575446,blend_prodv4_xgb_clf,pre,2021,2021_22,0.6589370460244033
3,1,0.10979910833796269,0.022773422332804376,1.0,blend_prodv4_xgb_clf,pre,2021,2021_3,0.6589370460244033
3,1,0.11913196493118579,0.026534651929250468,1.0,blend_prodv4_xgb_clf,pre,2021,2021_4,0.6589370460244033
1,0,0.457763754078223,0.14770580278349504,0.35965385102969294,blend_prodv4_xgb_clf,pre,2021,2021_5,0.6589370460244033
0,0,0.6039132576176888,0.1947213210121251,0.0,blend_prodv4_xgb_clf,pre,2021,2021_6,0.6589370460244033
3,1,0.14408239401566802,0.03397972664605496,1.0,blend_prodv4_xgb_clf,pre,2021,2021_7,0.6589370460244033
2,1,0.1933403926708126,0.05876957744576409,0.8289886398633951,blend_prodv4_xgb_clf,pre,2021,2021_8,0.6589370460244033
1,1,0.30566239013554986,0.09909297806107822,0.5700378671220162,blend_prodv4_xgb_clf,pre,2021,2021_9,0.6589370460244033
1,0,0.35183804306074434,0.11572696843253139,0.34202272027320973,blend_prodv4_xgb_clf,pre,2022,2022_1,0.6589370460244033
2,0,0.24669801021066995,0.08361586031657728,0.5648674831936188,blend_prodv4_xgb_clf,pre,2022,2022_10,0.6589370460244033
1,0,0.2738811121096355,0.09621557317274368,0.2589507727413789,blend_prodv4_xgb_clf,pre,2022,2022_11,0.6589370460244033
1,1,0.2894477091126307,0.10341184574995696,0.5700378671220162,blend_prodv4_xgb_clf,pre,2022,2022_12,0.6589370460244033
1,1,0.2525784347680443,0.08637825807717729,0.5700378671220162,blend_prodv4_xgb_clf,pre,2022,2022_13,0.6589370460244033
3,1,0.199572774836692,0.06133946124082471,0.9910438099037578,blend_prodv4_xgb_clf,pre,2022,2022_14,0.6589370460244033
1,1,0.2713966684476322,0.09385568325835955,0.5700378671220162,blend_prodv4_xgb_clf,pre,2022,2022_15,0.6589370460244033
2,1,0.2138882538071111,0.06824978262472621,0.8289886398633951,blend_prodv4_xgb_clf,pre,2022,2022_16,0.6589370460244033
2,0,0.27139493095057243,0.09532952898489913,0.42996213287798374,blend_prodv4_xgb_clf,pre,2022,2022_17,0.6589370460244033
2,1,0.167595578942959,0.04800178325673126,0.785830177739832,blend_prodv4_xgb_clf,pre,2022,2022_18,0.6589370460244033
2,1,0.22590131749708017,0.07416697461224968,0.7410492272586211,blend_prodv4_xgb_clf,pre,2022,2022_19,0.6589370460244033
2,1,0.21053901310316428,0.0674854012476599,0.7410492272586211,blend_prodv4_xgb_clf,pre,2022,2022_2,0.6589370460244033
2,1,0.1994572274276108,0.06346818853339278,0.7410492272586211,blend_prodv4_xgb_clf,pre,2022,2022_20,0.6589370460244033
0,0,0.36247703499295747,0.13457508711708316,0.0,blend_prodv4_xgb_clf,pre,2022,2022_21,0.6589370460244033
2,1,0.19413938322230023,0.05990578790169222,0.7752514992859421,blend_prodv4_xgb_clf,pre,2022,2022_22,0.6589370460244033
1,0,0.31962492188043,0.11358732260731715,0.35965385102969294,blend_prodv4_xgb_clf,pre,2022,2022_3,0.6589370460244033
1,1,0.33942850925992923,0.10489587928518587,0.5700378671220162,blend_prodv4_xgb_clf,pre,2022,2022_4,0.6589370460244033
2,1,0.1862420328135542,0.05710013504255479,0.8289886398633951,blend_prodv4_xgb_clf,pre,2022,2022_5,0.6589370460244033
2,1,0.2589762912068045,0.08487930068648608,0.7752514992859421,blend_prodv4_xgb_clf,pre,2022,2022_6,0.6589370460244033
2,0,0.19342389419418932,0.05888988899410406,0.6270416538342178,blend_prodv4_xgb_clf,pre,2022,2022_7,0.6589370460244033
2,1,0.21730114939601028,0.06666759375457174,0.8289886398633951,blend_prodv4_xgb_clf,pre,2022,2022_8,0.6589370460244033
1,1,0.2555389551394474,0.08678971623568024,0.5700378671220162,blend_prodv4_xgb_clf,pre,2022,2022_9,0.6589370460244033
1,1,0.3709058364529549,0.10315244891462774,0.5700378671220162,blend_prodv4_xgb_clf,pre,2023,2023_1,0.6108104470051254
2,1,0.31521333228508097,0.09037491315525495,0.7410492272586211,blend_prodv4_xgb_clf,pre,2023,2023_10,0.6108104470051254
1,1,0.280344302233223,0.08489225378247207,0.5700378671220162,blend_prodv4_xgb_clf,pre,2023,2023_11,0.6108104470051254
2,1,0.22388917823206214,0.07117999721277417,0.7752514992859421,blend_prodv4_xgb_clf,pre,2023,2023_12,0.6108104470051254
1,1,0.36505573838897054,0.10573691636164176,0.5700378671220162,blend_prodv4_xgb_clf,pre,2023,2023_13,0.6108104470051254
2,1,0.21762328063447106,0.06710520167726111,0.8289886398633951,blend_prodv4_xgb_clf,pre,2023,2023_14,0.6108104470051254
1,0,0.4841665242927259,0.15915805964490845,0.17101136013660487,blend_prodv4_xgb_clf,pre,2023,2023_15,0.6108104470051254
1,1,0.3705183243186624,0.11143258463749195,0.5700378671220162,blend_prodv4_xgb_clf,pre,2023,2023_16,0.6108104470051254
1,1,0.32447879259030804,0.10148377948603766,0.5700378671220162,blend_prodv4_xgb_clf,pre,2023,2023_17,0.6108104470051254
1,1,0.24700743597399874,0.07868765192068553,0.5700378671220162,blend_prodv4_xgb_clf,pre,2023,2023_18,0.6108104470051254
1,1,0.23160622585060797,0.07397332749886354,0.5700378671220162,blend_prodv4_xgb_clf,pre,2023,2023_19,0.6108104470051254
2,0,0.27014777110327526,0.07548603203210667,0.7700811153575446,blend_prodv4_xgb_clf,pre,2023,2023_2,0.6108104470051254
1,1,0.31357114880714687,0.09666251127120917,0.5700378671220162,blend_prodv4_xgb_clf,pre,2023,2023_20,0.6108104470051254
2,1,0.20954348097265382,0.06516798233879326,0.785830177739832,blend_prodv4_xgb_clf,pre,2023,2023_21,0.6108104470051254
2,1,0.23267100566742932,0.07455490227011963,0.7752514992859421,blend_prodv4_xgb_clf,pre,2023,2023_22,0.6108104470051254
1,0,0.3125584519032865,0.1073965968465878,0.35965385102969294,blend_prodv4_xgb_clf,pre,2023,2023_3,0.6108104470051254
2,0,0.20401068301630013,0.06274598552592792,0.7700811153575446,blend_prodv4_xgb_clf,pre,2023,2023_4,0.6108104470051254
2,1,0.18578265080662043,0.055026494529964595,0.8289886398633951,blend_prodv4_xgb_clf,pre,2023,2023_5,0.6108104470051254
2,1,0.34778045667370266,0.09882790602645745,0.7752514992859421,blend_prodv4_xgb_clf,pre,2023,2023_6,0.6108104470051254
1,1,0.2636236391184873,0.08892190839357698,0.5700378671220162,blend_prodv4_xgb_clf,pre,2023,2023_7,0.6108104470051254
2,1,0.2055876216964286,0.0651723650807202,0.7410492272586211,blend_prodv4_xgb_clf,pre,2023,2023_8,0.6108104470051254
2,1,0.20551916437600276,0.06342331595211129,0.785830177739832,blend_prodv4_xgb_clf,pre,2023,2023_9,0.6108104470051254
2,1,0.19174852148099378,0.05710595734791778,0.8289886398633951,blend_prodv4_xgb_clf,pre,2024,2024_1,0.6108104470051254
2,1,0.24609438514615914,0.07578225239475508,0.8289886398633951,blend_prodv4_xgb_clf,pre,2024,2024_10,0.6108104470051254
0,0,0.3995647556883753,0.145899909061413,0.0,blend_prodv4_xgb_clf,pre,2024,2024_11,0.6108104470051254
2,0,0.23728852038280696,0.07558146597720812,0.5814386244644566,blend_prodv4_xgb_clf,pre,2024,2024_12,0.6108104470051254
1,0,0.31096670789167097,0.10942095755891952,0.2589507727413789,blend_prodv4_xgb_clf,pre,2024,2024_13,0.6108104470051254
1,0,0.3015471173286164,0.10781608483040195,0.20521363216392585,blend_prodv4_xgb_clf,pre,2024,2024_14,0.6108104470051254
2,0,0.19908900170983296,0.06074595772816871,0.7700811153575446,blend_prodv4_xgb_clf,pre,2024,2024_15,0.6108104470051254
2,0,0.20906318995174872,0.06585333187790685,0.5472363524371356,blend_prodv4_xgb_clf,pre,2024,2024_16,0.6108104470051254
1,0,0.3150401056753944,0.10798427172542968,0.2850189335610081,blend_prodv4_xgb_clf,pre,2024,2024_17,0.6108104470051254
3,0,0.1487151424477205,0.037951802854773085,0.9068902034668286,blend_prodv4_xgb_clf,pre,2024,2024_18,0.6108104470051254
1,0,0.3449582538922814,0.12441802061421228,0.17101136013660487,blend_prodv4_xgb_clf,pre,2024,2024_19,0.6108104470051254
3,1,0.11523340762620679,0.02516074832706547,1.0,blend_prodv4_xgb_clf,pre,2024,2024_2,0.6108104470051254
1,0,0.23902339054163146,0.08180472027534655,0.4104272643278517,blend_prodv4_xgb_clf,pre,2024,2024_20,0.6108104470051254
1,0,0.6293849616210221,0.16054856233076942,0.2850189335610081,blend_prodv4_xgb_clf,pre,2024,2024_21,0.6108104470051254
0,0,0.47219165460980966,0.17396413153320464,0.0,blend_prodv4_xgb_clf,pre,2024,2024_22,0.6108104470051254
1,0,0.24385967419915558,0.0819711396331623,0.4104272643278517,blend_prodv4_xgb_clf,pre,2024,2024_23,0.6108104470051254
2,0,0.25789605274220984,0.08964788399906418,0.5008112441788239,blend_prodv4_xgb_clf,pre,2024,2024_24,0.6108104470051254
1,0,0.42485911194666987,0.14329731807381862,0.20521363216392585,blend_prodv4_xgb_clf,pre,2024,2024_3,0.6108104470051254
2,1,0.1579782357104858,0.04398539347636769,0.785830177739832,blend_prodv4_xgb_clf,pre,2024,2024_4,0.6108104470051254
2,1,0.20516509742896924,0.06483280179094189,0.785830177739832,blend_prodv4_xgb_clf,pre,2024,2024_5,0.6108104470051254
1,0,0.19545201202936408,0.061380503573736735,0.4104272643278517,blend_prodv4_xgb_clf,pre,2024,2024_6,0.6108104470051254
1,1,0.1993561821430524,0.0644152102149627,0.5700378671220162,blend_prodv4_xgb_clf,pre,2024,2024_7,0.6108104470051254
0,0,0.3446347032510285,0.12463242659070388,0.0,blend_prodv4_xgb_clf,pre,2024,2024_8,0.6108104470051254
2,1,0.28051283396123106,0.08896596391066067,0.7752514992859421,blend_prodv4_xgb_clf,pre,2024,2024_9,0.6108104470051254
2,0,0.22393832907826766,0.07317501305398752,0.6954461978888599,blend_prodv4_xgb_clf,pre,2025,2025_1,0.6108104470051254
1,0,0.40052495110050607,0.14433560174158283,0.20521363216392585,blend_prodv4_xgb_clf,pre,2025,2025_10,0.6108104470051254
2,0,0.17512568562066488,0.05279219000212906,0.7700811153575446,blend_prodv4_xgb_clf,pre,2025,2025_11,0.6108104470051254
2,1,0.3259922444693428,0.0709414933978012,0.8289886398633951,blend_prodv4_xgb_clf,pre,2025,2025_12,0.6108104470051254
2,0,0.17221364868241426,0.050428345347544534,0.7700811153575446,blend_prodv4_xgb_clf,pre,2025,2025_13,0.6108104470051254
2,1,0.14674122637105472,0.040338022986045725,0.8289886398633951,blend_prodv4_xgb_clf,pre,2025,2025_14,0.6108104470051254
1,0,0.4347139379100703,0.12902253244838852,0.35965385102969294,blend_prodv4_xgb_clf,pre,2025,2025_15,0.6108104470051254
2,0,0.1350441826168977,0.037522092334554405,0.6262195749456675,blend_prodv4_xgb_clf,pre,2025,2025_16,0.6108104470051254
1,0,0.514271381888387,0.1638483265033727,0.2850189335610081,blend_prodv4_xgb_clf,pre,2025,2025_17,0.6108104470051254
2,0,0.20630256998442337,0.06838757497588345,0.42100594278174164,blend_prodv4_xgb_clf,pre,2025,2025_18,0.6108104470051254
2,0,0.2555957704210167,0.08777572830340545,0.543969706302387,blend_prodv4_xgb_clf,pre,2025,2025_19,0.6108104470051254
3,0,0.17497874774702402,0.05236064343268968,0.9410924754941495,blend_prodv4_xgb_clf,pre,2025,2025_2,0.6108104470051254
2,0,0.21593049397017983,0.07227821780375725,0.5306652111662978,blend_prodv4_xgb_clf,pre,2025,2025_20,0.6108104470051254
2,1,0.27590133458700344,0.08494812068912894,0.7410492272586211,blend_prodv4_xgb_clf,pre,2025,2025_21,0.6108104470051254
1,0,0.32047275792590146,0.11478296539055424,0.2850189335610081,blend_prodv4_xgb_clf,pre,2025,2025_22,0.6108104470051254
1,0,0.3985479433606844,0.11983409804849261,0.35965385102969294,blend_prodv4_xgb_clf,pre,2025,2025_23,0.6108104470051254
3,1,0.1205803630590947,0.02854017233142044,0.9910438099037578,blend_prodv4_xgb_clf,pre,2025,2025_24,0.6108104470051254
3,0,0.15102492042300103,0.04130508970343509,0.9112385085066755,blend_prodv4_xgb_clf,pre,2025,2025_3,0.6108104470051254
2,1,0.16563926625894407,0.047355385085729465,0.785830177739832,blend_prodv4_xgb_clf,pre,2025,2025_4,0.6108104470051254
2,1,0.19797762695347276,0.06412027637453625,0.7752514992859421,blend_prodv4_xgb_clf,pre,2025,2025_5,0.6108104470051254
3,1,0.16956259162634013,0.04987999419717094,1.0,blend_prodv4_xgb_clf,pre,2025,2025_6,0.6108104470051254
2,0,0.18343272471994448,0.05700029621706275,0.6270416538342178,blend_prodv4_xgb_clf,pre,2025,2025_7,0.6108104470051254
2,0,0.18799503910852455,0.05724988960868636,0.7016765713029027,blend_prodv4_xgb_clf,pre,2025,2025_8,0.6108104470051254
3,1,0.15803703992971468,0.043774434383101184,1.0,blend_prodv4_xgb_clf,pre,2025,2025_9,0.6108104470051254
0,0,0.41965475380093886,0.15366517317661674,0.0,blend_prodv4_xgb_clf,pre,2026,2026_1,0.6108104470051254
1,1,0.23049956978243566,0.07773035338506493,0.5700378671220162,blend_prodv4_xgb_clf,pre,2026,2026_10,0.6108104470051254
1,0,0.2192837998010867,0.07216245203270356,0.34202272027320973,blend_prodv4_xgb_clf,pre,2026,2026_11,0.6108104470051254
1,0,0.21706500201091003,0.07194055175974809,0.4104272643278517,blend_prodv4_xgb_clf,pre,2026,2026_12,0.6108104470051254
1,1,0.2140733957170232,0.07061490894964363,0.5700378671220162,blend_prodv4_xgb_clf,pre,2026,2026_13,0.6108104470051254
1,1,0.1960129704286622,0.06323775979213585,0.5700378671220162,blend_prodv4_xgb_clf,pre,2026,2026_14,0.6108104470051254
1,0,0.34664682042076533,0.11736323746339959,0.35965385102969294,blend_prodv4_xgb_clf,pre,2026,2026_15,0.6108104470051254
2,0,0.2839827986685617,0.09270257623602673,0.6954461978888599,blend_prodv4_xgb_clf,pre,2026,2026_2,0.6108104470051254
2,1,0.2337718872538064,0.07943474540377392,0.7410492272586211,blend_prodv4_xgb_clf,pre,2026,2026_3,0.6108104470051254
2,1,0.21413137359314313,0.0722473901943789,0.7410492272586211,blend_prodv4_xgb_clf,pre,2026,2026_4,0.6108104470051254
1,1,0.29307082842637017,0.10049518545047294,0.5700378671220162,blend_prodv4_xgb_clf,pre,2026,2026_5,0.6108104470051254
1,1,0.30965896599709547,0.09381586868184573,0.5700378671220162,blend_prodv4_xgb_clf,pre,2026,2026_6,0.6108104470051254
2,0,0.294625277711137,0.103236923734534,0.5648674831936188,blend_prodv4_xgb_clf,pre,2026,2026_7,0.6108104470051254
2,0,0.18275992191226778,0.055967177551582314,0.7016765713029027,blend_prodv4_xgb_clf,pre,2026,2026_8,0.6108104470051254
2,0,0.2661807076158562,0.0914545417368282,0.42996213287798374,blend_prodv4_xgb_clf,pre,2026,2026_9,0.6108104470051254
3,0,0.07832545693759844,0.012610126478091737,0.9112385085066755,blend_xgb_clf,post,2021,2021_1,0.4865125544090533
2,0,0.2449900581140035,0.08192638113912504,0.5306652111662978,blend_xgb_clf,post,2021,2021_10,0.4865125544090533
1,0,0.483168533190235,0.14610424915748943,0.4104272643278517,blend_xgb_clf,post,2021,2021_11,0.4865125544090533
2,0,0.2216189055728285,0.05458181240470418,0.7016765713029027,blend_xgb_clf,post,2021,2021_12,0.4865125544090533
3,0,0.0855635087041064,0.015475915499382093,0.9410924754941495,blend_xgb_clf,post,2021,2021_13,0.4865125544090533
1,0,0.42983473048933457,0.14401003956814556,0.20521363216392585,blend_xgb_clf,post,2021,2021_14,0.4865125544090533
2,0,0.28094454521436424,0.0958106851016911,0.5008112441788239,blend_xgb_clf,post,2021,2021_15,0.4865125544090533
2,0,0.3068063406125666,0.09054790274252902,0.6954461978888599,blend_xgb_clf,post,2021,2021_16,0.4865125544090533
3,1,0.12455800999764366,0.032301282485937395,1.0,blend_xgb_clf,post,2021,2021_17,0.4865125544090533
2,1,0.13428632045276737,0.03975630735845624,0.8289886398633951,blend_xgb_clf,post,2021,2021_18,0.4865125544090533
2,0,0.167967908262194,0.05219939710564349,0.6262195749456675,blend_xgb_clf,post,2021,2021_19,0.4865125544090533
2,0,0.22770489140197117,0.06407761036204854,0.7700811153575446,blend_xgb_clf,post,2021,2021_2,0.4865125544090533
2,1,0.1925220664375596,0.05796448808155911,0.8289886398633951,blend_xgb_clf,post,2021,2021_20,0.4865125544090533
3,1,0.07867089428078004,0.015501431374982808,1.0,blend_xgb_clf,post,2021,2021_21,0.4865125544090533
2,0,0.20770277047170263,0.057933960325862885,0.7700811153575446,blend_xgb_clf,post,2021,2021_22,0.4865125544090533
3,1,0.10362509221128594,0.023913892204047077,0.9910438099037578,blend_xgb_clf,post,2021,2021_3,0.4865125544090533
3,1,0.08747515811416236,0.01616124265329682,0.9910438099037578,blend_xgb_clf,post,2021,2021_4,0.4865125544090533
1,1,0.32666493014560893,0.11572615282016765,0.5700378671220162,blend_xgb_clf,post,2021,2021_5,0.4865125544090533
0,0,0.6435509784627242,0.20429434766324378,0.0,blend_xgb_clf,post,2021,2021_6,0.4865125544090533
3,1,0.13558338781419838,0.03584460070574177,1.0,blend_xgb_clf,post,2021,2021_7,0.4865125544090533
2,1,0.1899196269847457,0.05981725106165734,0.8289886398633951,blend_xgb_clf,post,2021,2021_8,0.4865125544090533
1,1,0.27076301849050294,0.09931568925770944,0.5700378671220162,blend_xgb_clf,post,2021,2021_9,0.4865125544090533
2,0,0.25095224125821053,0.08136147067744644,0.5648674831936188,blend_xgb_clf,post,2022,2022_1,0.4865125544090533
1,0,0.25668812482627956,0.0940881656851417,0.35965385102969294,blend_xgb_clf,post,2022,2022_10,0.4865125544090533
2,0,0.2637394592472284,0.08863789003257058,0.543969706302387,blend_xgb_clf,post,2022,2022_11,0.4865125544090533
1,0,0.3184438484388049,0.11766292784102812,0.20521363216392585,blend_xgb_clf,post,2022,2022_12,0.4865125544090533
1,0,0.2784315023888787,0.09783146582679733,0.34202272027320973,blend_xgb_clf,post,2022,2022_13,0.4865125544090533
3,1,0.13791171621091539,0.03568510945663815,1.0,blend_xgb_clf,post,2022,2022_14,0.4865125544090533
2,1,0.24313676615072718,0.0849448526460754,0.7410492272586211,blend_xgb_clf,post,2022,2022_15,0.4865125544090533
3,1,0.1122746024014504,0.02519168114121894,1.0,blend_xgb_clf,post,2022,2022_16,0.4865125544090533
2,0,0.21461843662605387,0.07351981845146008,0.6954461978888599,blend_xgb_clf,post,2022,2022_17,0.4865125544090533
2,1,0.15197048551122094,0.04707659346456171,0.7410492272586211,blend_xgb_clf,post,2022,2022_18,0.4865125544090533
2,1,0.2237189527190176,0.0787848110086462,0.7752514992859421,blend_xgb_clf,post,2022,2022_19,0.4865125544090533
2,1,0.15493597172331172,0.04700308057074964,0.7752514992859421,blend_xgb_clf,post,2022,2022_2,0.4865125544090533
2,1,0.16827311130315167,0.053359984327109665,0.7410492272586211,blend_xgb_clf,post,2022,2022_20,0.4865125544090533
1,0,0.3222317407933263,0.11528482472751374,0.2850189335610081,blend_xgb_clf,post,2022,2022_21,0.4865125544090533
3,1,0.11947435962729738,0.029202981964982666,0.9910438099037578,blend_xgb_clf,post,2022,2022_22,0.4865125544090533
2,1,0.30096902439341566,0.09400838840217993,0.7752514992859421,blend_xgb_clf,post,2022,2022_3,0.4865125544090533
2,1,0.27633514254301117,0.09312126803933049,0.7752514992859421,blend_xgb_clf,post,2022,2022_4,0.4865125544090533
2,0,0.13981465434126153,0.04044105459849365,0.7700811153575446,blend_xgb_clf,post,2022,2022_5,0.4865125544090533
1,0,0.32048195364235926,0.11491733980676952,0.35965385102969294,blend_xgb_clf,post,2022,2022_6,0.4865125544090533
2,0,0.16433999869688662,0.050434423357926396,0.5306652111662978,blend_xgb_clf,post,2022,2022_7,0.4865125544090533
2,0,0.23952311485364491,0.08015332493488507,0.7700811153575446,blend_xgb_clf,post,2022,2022_8,0.4865125544090533
2,1,0.1534933667340082,0.04620908318803013,0.8289886398633951,blend_xgb_clf,post,2022,2022_9,0.4865125544090533
2,1,0.28346877103553914,0.07858123316092322,0.8289886398633951,blend_xgb_clf,post,2023,2023_1,0.4865125544090533
2,1,0.21162021574906592,0.06855936455251505,0.7752514992859421,blend_xgb_clf,post,2023,2023_10,0.4865125544090533
2,1,0.2488718498477903,0.08605620674838647,0.7752514992859421,blend_xgb_clf,post,2023,2023_11,0.4865125544090533
2,1,0.15274878162066638,0.044529969201119055,0.8289886398633951,blend_xgb_clf,post,2023,2023_12,0.4865125544090533
1,1,0.4098192307620316,0.10869439709852083,0.5700378671220162,blend_xgb_clf,post,2023,2023_13,0.4865125544090533
2,1,0.16292050413866596,0.049966571674462744,0.7410492272586211,blend_xgb_clf,post,2023,2023_14,0.4865125544090533
1,0,0.3036402413054646,0.10862516677836473,0.35965385102969294,blend_xgb_clf,post,2023,2023_15,0.4865125544090533
2,1,0.19786133930619815,0.0650848523450851,0.7752514992859421,blend_xgb_clf,post,2023,2023_16,0.4865125544090533
1,1,0.3585747480510224,0.11951153228673375,0.5700378671220162,blend_xgb_clf,post,2023,2023_17,0.4865125544090533
2,1,0.2118054332410073,0.06734945062591446,0.8289886398633951,blend_xgb_clf,post,2023,2023_18,0.4865125544090533
2,1,0.2161946063597199,0.07125241437874599,0.7410492272586211,blend_xgb_clf,post,2023,2023_19,0.4865125544090533
2,1,0.22863415463231523,0.07816838282471923,0.7752514992859421,blend_xgb_clf,post,2023,2023_2,0.4865125544090533
1,1,0.24552201981039073,0.0829724447753262,0.5700378671220162,blend_xgb_clf,post,2023,2023_20,0.4865125544090533
2,1,0.20923702187610163,0.06366803050682743,0.8289886398633951,blend_xgb_clf,post,2023,2023_21,0.4865125544090533
2,1,0.192324594233213,0.060713676915958914,0.8289886398633951,blend_xgb_clf,post,2023,2023_22,0.4865125544090533
2,1,0.21143382596675941,0.06688341855993087,0.8289886398633951,blend_xgb_clf,post,2023,2023_3,0.4865125544090533
3,0,0.1216017343076217,0.029912839081226234,0.9112385085066755,blend_xgb_clf,post,2023,2023_4,0.4865125544090533
3,0,0.1358220864448933,0.035408164760948456,0.8859924265755967,blend_xgb_clf,post,2023,2023_5,0.4865125544090533
2,1,0.16980565186048321,0.04929505864691834,0.8289886398633951,blend_xgb_clf,post,2023,2023_6,0.4865125544090533
2,1,0.27674629941280066,0.0852179390752715,0.7752514992859421,blend_xgb_clf,post,2023,2023_7,0.4865125544090533
3,1,0.09499640740277787,0.020316517789988615,1.0,blend_xgb_clf,post,2023,2023_8,0.4865125544090533
2,1,0.21667621315091715,0.06657210498461863,0.8289886398633951,blend_xgb_clf,post,2023,2023_9,0.4865125544090533
1,1,0.2263646496252462,0.079739816467595,0.5700378671220162,blend_xgb_clf,post,2024,2024_1,0.4865125544090533
3,0,0.13358139816343012,0.03321549533351648,0.9410924754941495,blend_xgb_clf,post,2024,2024_10,0.4865125544090533
1,0,0.36069035230399404,0.13357533386604653,0.17101136013660487,blend_xgb_clf,post,2024,2024_11,0.4865125544090533
2,0,0.16428151520066506,0.05021598871217379,0.5306652111662978,blend_xgb_clf,post,2024,2024_12,0.4865125544090533
2,0,0.23281026967707982,0.07977870787654143,0.6954461978888599,blend_xgb_clf,post,2024,2024_13,0.4865125544090533
2,1,0.2468386536597899,0.0842112394157006,0.785830177739832,blend_xgb_clf,post,2024,2024_14,0.4865125544090533
2,1,0.20654490756899563,0.06660590811761842,0.8289886398633951,blend_xgb_clf,post,2024,2024_15,0.4865125544090533
2,0,0.17087919426591838,0.049871352564326316,0.6009734930145886,blend_xgb_clf,post,2024,2024_16,0.4865125544090533
2,0,0.21755108820875346,0.06426255206828192,0.7700811153575446,blend_xgb_clf,post,2024,2024_17,0.4865125544090533
3,1,0.13582421564735117,0.03611555826365024,1.0,blend_xgb_clf,post,2024,2024_18,0.4865125544090533
2,0,0.2744527844081665,0.09326321354959585,0.42100594278174164,blend_xgb_clf,post,2024,2024_19,0.4865125544090533
3,1,0.11054344785538543,0.025454359238908354,1.0,blend_xgb_clf,post,2024,2024_2,0.4865125544090533
2,0,0.17799199283466277,0.058445515952767646,0.6954461978888599,blend_xgb_clf,post,2024,2024_20,0.4865125544090533
0,0,0.7605692654315882,0.19752430932066548,0.0,blend_xgb_clf,post,2024,2024_21,0.4865125544090533
2,0,0.31551845124043004,0.10414963262099544,0.5008112441788239,blend_xgb_clf,post,2024,2024_22,0.4865125544090533
1,1,0.23587133336448693,0.08131854298383621,0.5700378671220162,blend_xgb_clf,post,2024,2024_23,0.4865125544090533
2,1,0.21037156074038238,0.07195078860064187,0.7752514992859421,blend_xgb_clf,post,2024,2024_24,0.4865125544090533
1,0,0.3946548437411189,0.12697571190040768,0.2850189335610081,blend_xgb_clf,post,2024,2024_3,0.4865125544090533
3,1,0.14215361514618213,0.03817840556281994,1.0,blend_xgb_clf,post,2024,2024_4,0.4865125544090533
2,1,0.15993001482996255,0.04552378088332877,0.785830177739832,blend_xgb_clf,post,2024,2024_5,0.4865125544090533
2,0,0.2001894833847985,0.06513886280850566,0.6262195749456675,blend_xgb_clf,post,2024,2024_6,0.4865125544090533
3,1,0.14467872612597824,0.04043634252740024,1.0,blend_xgb_clf,post,2024,2024_7,0.4865125544090533
2,1,0.17685042775088974,0.05368785033254928,0.8289886398633951,blend_xgb_clf,post,2024,2024_8,0.4865125544090533
3,1,0.13854542183673296,0.03469827419179611,1.0,blend_xgb_clf,post,2024,2024_9,0.4865125544090533
2,1,0.20251894591381459,0.06877027564857614,0.7752514992859421,blend_xgb_clf,post,2025,2025_1,0.4865125544090533
2,1,0.20422310886369938,0.06688916840769425,0.8289886398633951,blend_xgb_clf,post,2025,2025_10,0.4865125544090533
3,1,0.10078914661804421,0.02322883117470475,1.0,blend_xgb_clf,post,2025,2025_11,0.4865125544090533
2,0,0.4166379446592434,0.09237265762660944,0.6954461978888599,blend_xgb_clf,post,2025,2025_12,0.4865125544090533
3,0,0.09670565902568654,0.02604699031630467,0.9410924754941495,blend_xgb_clf,post,2025,2025_13,0.4865125544090533
2,0,0.14711808446880267,0.049512462882585775,0.7700811153575446,blend_xgb_clf,post,2025,2025_14,0.4865125544090533
2,1,0.2916322933050667,0.09759259573007191,0.7752514992859421,blend_xgb_clf,post,2025,2025_15,0.4865125544090533
3,0,0.0803840049361145,0.015232430375894501,0.9410924754941495,blend_xgb_clf,post,2025,2025_16,0.4865125544090533
1,0,0.3378085777970602,0.1182642479141891,0.35965385102969294,blend_xgb_clf,post,2025,2025_17,0.4865125544090533
2,0,0.19559638188156517,0.0657485614792738,0.5648674831936188,blend_xgb_clf,post,2025,2025_18,0.4865125544090533
2,1,0.14942906382392337,0.04519750335092031,0.8289886398633951,blend_xgb_clf,post,2025,2025_19,0.4865125544090533
3,1,0.1374343576353696,0.03766716869909449,1.0,blend_xgb_clf,post,2025,2025_2,0.4865125544090533
2,1,0.18161374042564418,0.0587370261669371,0.8289886398633951,blend_xgb_clf,post,2025,2025_20,0.4865125544090533
1,1,0.23823532972508418,0.08448250165655284,0.5700378671220162,blend_xgb_clf,post,2025,2025_21,0.4865125544090533
2,0,0.3747098133234123,0.11358012984457153,0.5648674831936188,blend_xgb_clf,post,2025,2025_22,0.4865125544090533
2,0,0.33519180917300595,0.0967320363405482,0.6954461978888599,blend_xgb_clf,post,2025,2025_23,0.4865125544090533
3,1,0.09047037661264737,0.02054216394150206,0.9910438099037578,blend_xgb_clf,post,2025,2025_24,0.4865125544090533
3,0,0.11352675358339623,0.027703717196050155,0.9112385085066755,blend_xgb_clf,post,2025,2025_3,0.4865125544090533
2,1,0.15350200171737227,0.04463569440145981,0.785830177739832,blend_xgb_clf,post,2025,2025_4,0.4865125544090533
2,0,0.17198577196249,0.053586732688264985,0.7700811153575446,blend_xgb_clf,post,2025,2025_5,0.4865125544090533
2,0,0.23339821408988115,0.07966377565875724,0.543969706302387,blend_xgb_clf,post,2025,2025_6,0.4865125544090533
2,0,0.16082707400561058,0.05322387167817229,0.6270416538342178,blend_xgb_clf,post,2025,2025_7,0.4865125544090533
3,1,0.08028864211639988,0.014878778717263553,0.9910438099037578,blend_xgb_clf,post,2025,2025_8,0.4865125544090533
2,1,0.20314057061851817,0.06416272422320632,0.8289886398633951,blend_xgb_clf,post,2025,2025_9,0.4865125544090533
2,1,0.2071238624739862,0.07000346275982179,0.7752514992859421,blend_xgb_clf,post,2026,2026_1,0.4509792743102106
2,1,0.15085003571242264,0.046292070900229645,0.785830177739832,blend_xgb_clf,post,2026,2026_10,0.4509792743102106
2,1,0.21335208940789663,0.07336965677397453,0.7410492272586211,blend_xgb_clf,post,2026,2026_11,0.4509792743102106
3,1,0.14645299415972635,0.041337786215175934,0.9910438099037578,blend_xgb_clf,post,2026,2026_12,0.4509792743102106
2,0,0.2200894976528332,0.07277200520258356,0.6954461978888599,blend_xgb_clf,post,2026,2026_13,0.4509792743102106
3,1,0.12145624768975884,0.032969146039511704,0.9910438099037578,blend_xgb_clf,post,2026,2026_14,0.4509792743102106
1,1,0.2503798440466451,0.08716831615194211,0.5700378671220162,blend_xgb_clf,post,2026,2026_15,0.4509792743102106
2,1,0.12777234950774005,0.03577427743626493,0.8289886398633951,blend_xgb_clf,post,2026,2026_2,0.4509792743102106
2,1,0.19826219866132366,0.06853994217087998,0.7752514992859421,blend_xgb_clf,post,2026,2026_3,0.4509792743102106
1,1,0.2244046855915143,0.07984365088676851,0.5700378671220162,blend_xgb_clf,post,2026,2026_4,0.4509792743102106
1,0,0.35134380787261216,0.1263789941002202,0.35965385102969294,blend_xgb_clf,post,2026,2026_5,0.4509792743102106
2,1,0.24463010754058684,0.07597353173872903,0.8289886398633951,blend_xgb_clf,post,2026,2026_6,0.4509792743102106
2,0,0.14651454632238237,0.045582870993490746,0.7700811153575446,blend_xgb_clf,post,2026,2026_7,0.4509792743102106
2,1,0.19943698588030226,0.06644711174484076,0.7410492272586211,blend_xgb_clf,post,2026,2026_8,0.4509792743102106
2,0,0.22974802175201764,0.07750509975652638,0.5648674831936188,blend_xgb_clf,post,2026,2026_9,0.4509792743102106
3,1,0.10734892352109711,0.025787782613836057,0.9910438099037578,blend_xgb_clf,pre,2021,2021_1,0.5248455507398981
1,0,0.3012254423865461,0.10151607241209645,0.35965385102969294,blend_xgb_clf,pre,2021,2021_10,0.5248455507398981
1,0,0.4381815201415252,0.13379346895983865,0.2589507727413789,blend_xgb_clf,pre,2021,2021_11,0.5248455507398981
2,0,0.3489228349092921,0.06968168185420544,0.7016765713029027,blend_xgb_clf,pre,2021,2021_12,0.5248455507398981
3,1,0.11784835340587159,0.02617206602381288,1.0,blend_xgb_clf,pre,2021,2021_13,0.5248455507398981
1,0,0.4234453212165373,0.14413627103351842,0.17101136013660487,blend_xgb_clf,pre,2021,2021_14,0.5248455507398981
2,1,0.2124784101904463,0.06186496803063614,0.8289886398633951,blend_xgb_clf,pre,2021,2021_15,0.5248455507398981
2,0,0.3294957988474211,0.10636393216408913,0.543969706302387,blend_xgb_clf,pre,2021,2021_16,0.5248455507398981
2,0,0.18786429067336846,0.05366976767192314,0.7700811153575446,blend_xgb_clf,pre,2021,2021_17,0.5248455507398981
3,1,0.13553704013300355,0.034594564609288884,1.0,blend_xgb_clf,pre,2021,2021_18,0.5248455507398981
2,0,0.14786746879693663,0.04026892485079912,0.7700811153575446,blend_xgb_clf,pre,2021,2021_19,0.5248455507398981
2,0,0.2710111778130233,0.08349435806879393,0.6954461978888599,blend_xgb_clf,pre,2021,2021_2,0.5248455507398981
2,1,0.2944302926477532,0.07778944651185624,0.8289886398633951,blend_xgb_clf,pre,2021,2021_20,0.5248455507398981
3,0,0.12372233839696993,0.028860927748896554,0.9410924754941495,blend_xgb_clf,pre,2021,2021_21,0.5248455507398981
2,0,0.2161965919877003,0.06293282132901834,0.7700811153575446,blend_xgb_clf,pre,2021,2021_22,0.5248455507398981
3,1,0.10434837244331048,0.02157793611095453,1.0,blend_xgb_clf,pre,2021,2021_3,0.5248455507398981
3,1,0.1032872708949805,0.02118476080939698,1.0,blend_xgb_clf,pre,2021,2021_4,0.5248455507398981
1,0,0.41208582156500445,0.13900506655172498,0.35965385102969294,blend_xgb_clf,pre,2021,2021_5,0.5248455507398981
0,0,0.6134090467320934,0.19407113259297398,0.0,blend_xgb_clf,pre,2021,2021_6,0.5248455507398981
3,1,0.1614539641270496,0.04220302535894602,1.0,blend_xgb_clf,pre,2021,2021_7,0.5248455507398981
2,1,0.19721573789817806,0.06309474511802524,0.7752514992859421,blend_xgb_clf,pre,2021,2021_8,0.5248455507398981
1,1,0.2733651463713144,0.08964231604496677,0.5700378671220162,blend_xgb_clf,pre,2021,2021_9,0.5248455507398981
1,0,0.3414330561969462,0.11580714152748313,0.34202272027320973,blend_xgb_clf,pre,2022,2022_1,0.5248455507398981
2,0,0.227682748279939,0.07823879253355938,0.5648674831936188,blend_xgb_clf,pre,2022,2022_10,0.5248455507398981
1,0,0.26657105770398515,0.09712285405467684,0.20521363216392585,blend_xgb_clf,pre,2022,2022_11,0.5248455507398981
1,0,0.2943701622323806,0.1086426037963564,0.2850189335610081,blend_xgb_clf,pre,2022,2022_12,0.5248455507398981
1,0,0.2479065041853133,0.08779517038857589,0.2850189335610081,blend_xgb_clf,pre,2022,2022_13,0.5248455507398981
3,1,0.19177973758906658,0.06022553866204394,1.0,blend_xgb_clf,pre,2022,2022_14,0.5248455507398981
1,1,0.27820206930149005,0.09965322974424816,0.5700378671220162,blend_xgb_clf,pre,2022,2022_15,0.5248455507398981
2,1,0.19230005063569724,0.06187060399152487,0.7752514992859421,blend_xgb_clf,pre,2022,2022_16,0.5248455507398981
1,0,0.29605802864986897,0.10842739789529081,0.20521363216392585,blend_xgb_clf,pre,2022,2022_17,0.5248455507398981
3,1,0.15812343248671262,0.04631235553180061,1.0,blend_xgb_clf,pre,2022,2022_18,0.5248455507398981
1,1,0.257157741847131,0.0907572002897991,0.5700378671220162,blend_xgb_clf,pre,2022,2022_19,0.5248455507398981
2,1,0.1874586072093605,0.06018452259959804,0.7410492272586211,blend_xgb_clf,pre,2022,2022_2,0.5248455507398981
2,1,0.17455812633493192,0.05441275128472391,0.785830177739832,blend_xgb_clf,pre,2022,2022_20,0.5248455507398981
0,0,0.35311653652822234,0.1343776884805679,0.0,blend_xgb_clf,pre,2022,2022_21,0.5248455507398981
2,1,0.18314671720139591,0.05731027752109016,0.8289886398633951,blend_xgb_clf,pre,2022,2022_22,0.5248455507398981
1,1,0.30098698839675864,0.10543025900376321,0.5700378671220162,blend_xgb_clf,pre,2022,2022_3,0.5248455507398981
1,0,0.35735900643351026,0.11147004617821854,0.35965385102969294,blend_xgb_clf,pre,2022,2022_4,0.5248455507398981
2,1,0.1852899239990134,0.060037214712937235,0.7752514992859421,blend_xgb_clf,pre,2022,2022_5,0.5248455507398981
2,1,0.27961752996807027,0.09324326795111781,0.7752514992859421,blend_xgb_clf,pre,2022,2022_6,0.5248455507398981
2,0,0.18029216143862853,0.056200198300743985,0.6270416538342178,blend_xgb_clf,pre,2022,2022_7,0.5248455507398981
2,0,0.21536712701420976,0.07014942339928242,0.7700811153575446,blend_xgb_clf,pre,2022,2022_8,0.5248455507398981
1,1,0.26271308429656043,0.09145513267677088,0.5700378671220162,blend_xgb_clf,pre,2022,2022_9,0.5248455507398981
2,1,0.36558492245213137,0.09547440248512214,0.7752514992859421,blend_xgb_clf,pre,2023,2023_1,0.5248455507398981
1,1,0.3142530152989178,0.09111641814070041,0.5700378671220162,blend_xgb_clf,pre,2023,2023_10,0.5248455507398981
1,1,0.29816257972215254,0.09442996012284681,0.5700378671220162,blend_xgb_clf,pre,2023,2023_11,0.5248455507398981
2,1,0.22042442820060545,0.06956145554838607,0.8289886398633951,blend_xgb_clf,pre,2023,2023_12,0.5248455507398981
1,1,0.38098155155713037,0.10785850248478701,0.5700378671220162,blend_xgb_clf,pre,2023,2023_13,0.5248455507398981
2,1,0.2219244150799508,0.06775416974748061,0.8289886398633951,blend_xgb_clf,pre,2023,2023_14,0.5248455507398981
1,0,0.46798101435557904,0.1571158960424376,0.17101136013660487,blend_xgb_clf,pre,2023,2023_15,0.5248455507398981
1,1,0.3451666208748746,0.10858328146436158,0.5700378671220162,blend_xgb_clf,pre,2023,2023_16,0.5248455507398981
1,1,0.3135318087558692,0.1009936369784489,0.5700378671220162,blend_xgb_clf,pre,2023,2023_17,0.5248455507398981
1,1,0.22683775651716745,0.07158352927138159,0.5700378671220162,blend_xgb_clf,pre,2023,2023_18,0.5248455507398981
1,1,0.2411040364464792,0.07765583824804292,0.5700378671220162,blend_xgb_clf,pre,2023,2023_19,0.5248455507398981
2,0,0.2746708360087628,0.07810259264996075,0.7700811153575446,blend_xgb_clf,pre,2023,2023_2,0.5248455507398981
1,1,0.33345731036589965,0.10250424111992658,0.5700378671220162,blend_xgb_clf,pre,2023,2023_20,0.5248455507398981
1,1,0.2326172958793152,0.07476163439668705,0.5700378671220162,blend_xgb_clf,pre,2023,2023_21,0.5248455507398981
2,1,0.21128223439745714,0.06683575091206534,0.8289886398633951,blend_xgb_clf,pre,2023,2023_22,0.5248455507398981
1,0,0.3218478149075863,0.11202594321546226,0.35965385102969294,blend_xgb_clf,pre,2023,2023_3,0.5248455507398981
1,0,0.22708152707657508,0.07343949690004524,0.4104272643278517,blend_xgb_clf,pre,2023,2023_4,0.5248455507398981
2,1,0.18065587849960849,0.053565893556441244,0.8289886398633951,blend_xgb_clf,pre,2023,2023_5,0.5248455507398981
2,1,0.35591870897485095,0.10158585604703554,0.7752514992859421,blend_xgb_clf,pre,2023,2023_6,0.5248455507398981
1,1,0.256337719515006,0.08691469056853772,0.5700378671220162,blend_xgb_clf,pre,2023,2023_7,0.5248455507398981
2,1,0.1964631920139295,0.06044042757027257,0.785830177739832,blend_xgb_clf,pre,2023,2023_8,0.5248455507398981
2,1,0.2247598145967141,0.07293715148420724,0.7410492272586211,blend_xgb_clf,pre,2023,2023_9,0.5248455507398981
2,1,0.1952965216037497,0.05716649601464489,0.8289886398633951,blend_xgb_clf,pre,2024,2024_1,0.5661988568127707
2,1,0.25190156177398715,0.07977386091181432,0.8289886398633951,blend_xgb_clf,pre,2024,2024_10,0.5661988568127707
0,0,0.346533123737962,0.12614442128301315,0.0,blend_xgb_clf,pre,2024,2024_11,0.5661988568127707
2,0,0.23761650707199705,0.07625854930616631,0.5814386244644566,blend_xgb_clf,pre,2024,2024_12,0.5661988568127707
2,0,0.28821155958863515,0.10092024665178219,0.543969706302387,blend_xgb_clf,pre,2024,2024_13,0.5661988568127707
1,0,0.2979636241472329,0.10614477099704267,0.20521363216392585,blend_xgb_clf,pre,2024,2024_14,0.5661988568127707
2,0,0.19669330112006284,0.05934941616867738,0.7700811153575446,blend_xgb_clf,pre,2024,2024_15,0.5661988568127707
2,0,0.21861507033578179,0.07003948077565422,0.42100594278174164,blend_xgb_clf,pre,2024,2024_16,0.5661988568127707
1,0,0.2776670853407844,0.09423861128139763,0.35965385102969294,blend_xgb_clf,pre,2024,2024_17,0.5661988568127707
3,0,0.17838120140741184,0.05062213710736273,0.9068902034668286,blend_xgb_clf,pre,2024,2024_18,0.5661988568127707
1,0,0.32839652308112216,0.11929272477866168,0.2850189335610081,blend_xgb_clf,pre,2024,2024_19,0.5661988568127707
3,1,0.14224469717765711,0.03536656124251923,1.0,blend_xgb_clf,pre,2024,2024_2,0.5661988568127707
1,0,0.2341401238160362,0.07877368618868039,0.4104272643278517,blend_xgb_clf,pre,2024,2024_20,0.5661988568127707
1,1,0.6539936665989524,0.15593196037781765,0.5700378671220162,blend_xgb_clf,pre,2024,2024_21,0.5661988568127707
0,0,0.4705300509854829,0.17446504285568334,0.0,blend_xgb_clf,pre,2024,2024_22,0.5661988568127707
2,0,0.24520561164869026,0.08213625812482946,0.6954461978888599,blend_xgb_clf,pre,2024,2024_23,0.5661988568127707
2,0,0.2503110552220032,0.08586157031500503,0.5008112441788239,blend_xgb_clf,pre,2024,2024_24,0.5661988568127707
1,0,0.38352806770991804,0.13757819952940167,0.20521363216392585,blend_xgb_clf,pre,2024,2024_3,0.5661988568127707
2,1,0.18883866880770622,0.056708694497272616,0.7410492272586211,blend_xgb_clf,pre,2024,2024_4,0.5661988568127707
2,1,0.2092444229706977,0.06501163772317936,0.785830177739832,blend_xgb_clf,pre,2024,2024_5,0.5661988568127707
2,0,0.20830477612343276,0.0659876966538449,0.6954461978888599,blend_xgb_clf,pre,2024,2024_6,0.5661988568127707
1,1,0.2174509013350109,0.07124942564843195,0.5700378671220162,blend_xgb_clf,pre,2024,2024_7,0.5661988568127707
1,0,0.3200666797814234,0.1165319746180268,0.17101136013660487,blend_xgb_clf,pre,2024,2024_8,0.5661988568127707
2,1,0.27394589210448606,0.08971122969442992,0.7752514992859421,blend_xgb_clf,pre,2024,2024_9,0.5661988568127707
2,1,0.23174905153695796,0.07692302364224954,0.8289886398633951,blend_xgb_clf,pre,2025,2025_1,0.5661988568127707
0,0,0.37006262041376975,0.13606117674091606,0.0,blend_xgb_clf,pre,2025,2025_10,0.5661988568127707
2,0,0.17784535950183072,0.05326440833243536,0.7700811153575446,blend_xgb_clf,pre,2025,2025_11,0.5661988568127707
2,1,0.33861466342664226,0.06897316185838957,0.8289886398633951,blend_xgb_clf,pre,2025,2025_12,0.5661988568127707
2,0,0.1703328357479612,0.0498315421347092,0.7700811153575446,blend_xgb_clf,pre,2025,2025_13,0.5661988568127707
2,0,0.14699729643278728,0.040619536426271204,0.7700811153575446,blend_xgb_clf,pre,2025,2025_14,0.5661988568127707
1,0,0.43714328572719274,0.12722413160048812,0.35965385102969294,blend_xgb_clf,pre,2025,2025_15,0.5661988568127707
2,0,0.13830439284342774,0.038865582975596995,0.6262195749456675,blend_xgb_clf,pre,2025,2025_16,0.5661988568127707
1,0,0.5460125051970761,0.17078136603484975,0.2850189335610081,blend_xgb_clf,pre,2025,2025_17,0.5661988568127707
2,0,0.22655204597652076,0.07568181948011406,0.42100594278174164,blend_xgb_clf,pre,2025,2025_18,0.5661988568127707
2,0,0.25634693313137324,0.08861714775817064,0.543969706302387,blend_xgb_clf,pre,2025,2025_19,0.5661988568127707
2,0,0.16844085653702984,0.04967896589483144,0.7700811153575446,blend_xgb_clf,pre,2025,2025_2,0.5661988568127707
2,0,0.24170958652197191,0.0825904396078281,0.5306652111662978,blend_xgb_clf,pre,2025,2025_20,0.5661988568127707
2,1,0.24725081758096498,0.07908839429910292,0.7410492272586211,blend_xgb_clf,pre,2025,2025_21,0.5661988568127707
1,0,0.30500008746803803,0.11185248380551276,0.2850189335610081,blend_xgb_clf,pre,2025,2025_22,0.5661988568127707
1,0,0.38765617321857676,0.11275283690752602,0.35965385102969294,blend_xgb_clf,pre,2025,2025_23,0.5661988568127707
3,1,0.12430890785786768,0.02981254644789158,0.9910438099037578,blend_xgb_clf,pre,2025,2025_24,0.5661988568127707
2,0,0.15896564227315796,0.04556723912014807,0.6262195749456675,blend_xgb_clf,pre,2025,2025_3,0.5661988568127707
3,1,0.14533101633827428,0.038880640418240665,0.9910438099037578,blend_xgb_clf,pre,2025,2025_4,0.5661988568127707
1,1,0.21014360642798127,0.06973583543974429,0.5700378671220162,blend_xgb_clf,pre,2025,2025_5,0.5661988568127707
2,1,0.18010762470564984,0.05454600212375475,0.785830177739832,blend_xgb_clf,pre,2025,2025_6,0.5661988568127707
2,0,0.20393581984407178,0.06601493857117252,0.6270416538342178,blend_xgb_clf,pre,2025,2025_7,0.5661988568127707
2,0,0.21519964026686092,0.06793595341556238,0.7016765713029027,blend_xgb_clf,pre,2025,2025_8,0.5661988568127707
2,1,0.18033635308828447,0.05304932948063845,0.8289886398633951,blend_xgb_clf,pre,2025,2025_9,0.5661988568127707
0,0,0.381441515647528,0.1407266977571001,0.0,blend_xgb_clf,pre,2026,2026_1,0.5661988568127707
2,1,0.2146577790466295,0.07002078463045247,0.7752514992859421,blend_xgb_clf,pre,2026,2026_10,0.5661988568127707
1,0,0.23024541524512984,0.0771241190320708,0.34202272027320973,blend_xgb_clf,pre,2026,2026_11,0.5661988568127707
1,0,0.22002670012379816,0.0733690921642717,0.4104272643278517,blend_xgb_clf,pre,2026,2026_12,0.5661988568127707
2,1,0.2141712707057543,0.07035326016426006,0.7752514992859421,blend_xgb_clf,pre,2026,2026_13,0.5661988568127707
1,1,0.21698335797576404,0.07196533862960687,0.5700378671220162,blend_xgb_clf,pre,2026,2026_14,0.5661988568127707
2,0,0.31015677745573783,0.1069848939651351,0.5648674831936188,blend_xgb_clf,pre,2026,2026_15,0.5661988568127707
2,0,0.23875286282928102,0.07277915033509107,0.7700811153575446,blend_xgb_clf,pre,2026,2026_2,0.5661988568127707
2,0,0.23055251896931334,0.07881750452607174,0.5306652111662978,blend_xgb_clf,pre,2026,2026_3,0.5661988568127707
1,1,0.2183549028017007,0.07407201263888942,0.5700378671220162,blend_xgb_clf,pre,2026,2026_4,0.5661988568127707
1,1,0.2889013876701307,0.10063947517965072,0.5700378671220162,blend_xgb_clf,pre,2026,2026_5,0.5661988568127707
1,1,0.31632961982621177,0.10142890156523059,0.5700378671220162,blend_xgb_clf,pre,2026,2026_6,0.5661988568127707
2,0,0.2540774379215479,0.08932475651257867,0.543969706302387,blend_xgb_clf,pre,2026,2026_7,0.5661988568127707
2,0,0.18915659910331814,0.057762473743147004,0.7016765713029027,blend_xgb_clf,pre,2026,2026_8,0.5661988568127707
2,0,0.25159657085794057,0.08708435349029438,0.42996213287798374,blend_xgb_clf,pre,2026,2026_9,0.5661988568127707
3,0,0.08676178759866977,0.015825529515599984,0.9410924754941495,blend_xgb_clf_grid,post,2021,2021_1,0.4509792743102106
2,0,0.23326062957724517,0.07858519615129876,0.5306652111662978,blend_xgb_clf_grid,post,2021,2021_10,0.4509792743102106
1,0,0.5022522245679407,0.14685457741647245,0.4104272643278517,blend_xgb_clf_grid,post,2021,2021_11,0.4509792743102106
2,1,0.1658159593926603,0.04483320900589885,0.785830177739832,blend_xgb_clf_grid,post,2021,2021_12,0.4509792743102106
3,0,0.0886932242316928,0.017008709572740865,0.9410924754941495,blend_xgb_clf_grid,post,2021,2021_13,0.4509792743102106
1,0,0.45995607889030926,0.1401949571165316,0.2850189335610081,blend_xgb_clf_grid,post,2021,2021_14,0.4509792743102106
2,0,0.36857631013360415,0.11198985971962724,0.5008112441788239,blend_xgb_clf_grid,post,2021,2021_15,0.4509792743102106
2,0,0.25031398509284036,0.07319188186275423,0.7700811153575446,blend_xgb_clf_grid,post,2021,2021_16,0.4509792743102106
3,1,0.11947437078768977,0.030324822828424757,1.0,blend_xgb_clf_grid,post,2021,2021_17,0.4509792743102106
2,0,0.1525054128108647,0.04772923312293314,0.7700811153575446,blend_xgb_clf_grid,post,2021,2021_18,0.4509792743102106
2,0,0.19897203587380208,0.0626170470936711,0.6262195749456675,blend_xgb_clf_grid,post,2021,2021_19,0.4509792743102106
2,0,0.2299972092102068,0.06764207733922728,0.7700811153575446,blend_xgb_clf_grid,post,2021,2021_2,0.4509792743102106
2,1,0.19517241806404234,0.062069263596646704,0.8289886398633951,blend_xgb_clf_grid,post,2021,2021_20,0.4509792743102106
3,1,0.08306819504184154,0.0161794145591647,1.0,blend_xgb_clf_grid,post,2021,2021_21,0.4509792743102106
2,1,0.19665497944288193,0.057281265628265944,0.8289886398633951,blend_xgb_clf_grid,post,2021,2021_22,0.4509792743102106
3,1,0.10442236904853153,0.0239372981635229,0.9910438099037578,blend_xgb_clf_grid,post,2021,2021_3,0.4509792743102106
3,1,0.0936078933723826,0.018429126604312153,1.0,blend_xgb_clf_grid,post,2021,2021_4,0.4509792743102106
1,1,0.30603745009224675,0.10969485025726562,0.5700378671220162,blend_xgb_clf_grid,post,2021,2021_5,0.4509792743102106
0,0,0.612962382099086,0.19887991742264405,0.0,blend_xgb_clf_grid,post,2021,2021_6,0.4509792743102106
2,1,0.13894112128755742,0.038106964004689964,0.8289886398633951,blend_xgb_clf_grid,post,2021,2021_7,0.4509792743102106
2,1,0.1833860652898339,0.05700421507234614,0.8289886398633951,blend_xgb_clf_grid,post,2021,2021_8,0.4509792743102106
1,1,0.2369990292110677,0.08648801719115673,0.5700378671220162,blend_xgb_clf_grid,post,2021,2021_9,0.4509792743102106
2,0,0.23529756553377226,0.07896852282114149,0.5648674831936188,blend_xgb_clf_grid,post,2022,2022_1,0.4509792743102106
1,1,0.25205696545157025,0.09236650400337304,0.5700378671220162,blend_xgb_clf_grid,post,2022,2022_10,0.4509792743102106
2,0,0.2571346356237445,0.08375749221300949,0.6954461978888599,blend_xgb_clf_grid,post,2022,2022_11,0.4509792743102106
1,0,0.30802121510715036,0.11345458960447079,0.2850189335610081,blend_xgb_clf_grid,post,2022,2022_12,0.4509792743102106
1,0,0.3212848600763393,0.11269859881995684,0.34202272027320973,blend_xgb_clf_grid,post,2022,2022_13,0.4509792743102106
2,0,0.17734589594174205,0.053797668445122404,0.6009734930145886,blend_xgb_clf_grid,post,2022,2022_14,0.4509792743102106
2,1,0.2305565866978215,0.07839341727177215,0.7410492272586211,blend_xgb_clf_grid,post,2022,2022_15,0.4509792743102106
3,0,0.09366441630956365,0.01779919424798396,0.9112385085066755,blend_xgb_clf_grid,post,2022,2022_16,0.4509792743102106
2,0,0.17963678916387982,0.05760021652816394,0.7700811153575446,blend_xgb_clf_grid,post,2022,2022_17,0.4509792743102106
2,1,0.14951442677773263,0.045508166515811695,0.785830177739832,blend_xgb_clf_grid,post,2022,2022_18,0.4509792743102106
2,1,0.2662520407327644,0.08946183090569146,0.7752514992859421,blend_xgb_clf_grid,post,2022,2022_19,0.4509792743102106
2,0,0.16379825650580576,0.051172835154830384,0.543969706302387,blend_xgb_clf_grid,post,2022,2022_2,0.4509792743102106
2,1,0.16711418164222253,0.05249140513959505,0.7752514992859421,blend_xgb_clf_grid,post,2022,2022_20,0.4509792743102106
2,0,0.28748471186679875,0.10104183707855159,0.5648674831936188,blend_xgb_clf_grid,post,2022,2022_21,0.4509792743102106
3,1,0.11838410210021151,0.02860977720573384,0.9910438099037578,blend_xgb_clf_grid,post,2022,2022_22,0.4509792743102106
2,1,0.280712826136701,0.08998638132110454,0.7752514992859421,blend_xgb_clf_grid,post,2022,2022_3,0.4509792743102106
2,1,0.2554224724120383,0.08795326469703477,0.7752514992859421,blend_xgb_clf_grid,post,2022,2022_4,0.4509792743102106
2,0,0.13000708416709758,0.035191789172827774,0.7700811153575446,blend_xgb_clf_grid,post,2022,2022_5,0.4509792743102106
1,0,0.3100795318724963,0.1120066102757324,0.35965385102969294,blend_xgb_clf_grid,post,2022,2022_6,0.4509792743102106
2,0,0.17911607709090493,0.057072344238540774,0.5648674831936188,blend_xgb_clf_grid,post,2022,2022_7,0.4509792743102106
2,0,0.2409242690048988,0.08210960256653571,0.6954461978888599,blend_xgb_clf_grid,post,2022,2022_8,0.4509792743102106
2,1,0.13600650936734687,0.04095058442548602,0.8289886398633951,blend_xgb_clf_grid,post,2022,2022_9,0.4509792743102106
2,1,0.2527025351794826,0.07478119331489481,0.8289886398633951,blend_xgb_clf_grid,post,2023,2023_1,0.4509792743102106
2,1,0.20606711530625335,0.06594039765691961,0.8289886398633951,blend_xgb_clf_grid,post,2023,2023_10,0.4509792743102106
2,1,0.2719781198724824,0.09222048204653115,0.7752514992859421,blend_xgb_clf_grid,post,2023,2023_11,0.4509792743102106
3,0,0.15568633608362697,0.04456307190321611,0.9410924754941495,blend_xgb_clf_grid,post,2023,2023_12,0.4509792743102106
1,1,0.4097968624128113,0.11104976760876506,0.5700378671220162,blend_xgb_clf_grid,post,2023,2023_13,0.4509792743102106
2,1,0.16010158382981501,0.048373330360017855,0.785830177739832,blend_xgb_clf_grid,post,2023,2023_14,0.4509792743102106
1,1,0.2569315148910768,0.08877842294690905,0.5700378671220162,blend_xgb_clf_grid,post,2023,2023_15,0.4509792743102106
2,1,0.1698892218298098,0.0532254551051624,0.8289886398633951,blend_xgb_clf_grid,post,2023,2023_16,0.4509792743102106
1,1,0.3686183418763312,0.12240092834699405,0.5700378671220162,blend_xgb_clf_grid,post,2023,2023_17,0.4509792743102106
2,0,0.22699169292706736,0.0763187040594724,0.6954461978888599,blend_xgb_clf_grid,post,2023,2023_18,0.4509792743102106
2,1,0.21183752193019875,0.06883344359588454,0.7410492272586211,blend_xgb_clf_grid,post,2023,2023_19,0.4509792743102106
2,1,0.2698444267801913,0.08778957892253635,0.7410492272586211,blend_xgb_clf_grid,post,2023,2023_2,0.4509792743102106
2,1,0.24711005415645243,0.08481782515080195,0.7410492272586211,blend_xgb_clf_grid,post,2023,2023_20,0.4509792743102106
2,1,0.22427249642641098,0.06535643833342235,0.8289886398633951,blend_xgb_clf_grid,post,2023,2023_21,0.4509792743102106
2,1,0.17096182743290098,0.053035295939488344,0.8289886398633951,blend_xgb_clf_grid,post,2023,2023_22,0.4509792743102106
2,1,0.19081235694032486,0.06147365562216077,0.7752514992859421,blend_xgb_clf_grid,post,2023,2023_3,0.4509792743102106
3,0,0.1174733695648164,0.028199255610650648,0.9112385085066755,blend_xgb_clf_grid,post,2023,2023_4,0.4509792743102106
2,0,0.1637490290516272,0.04819858927666661,0.6262195749456675,blend_xgb_clf_grid,post,2023,2023_5,0.4509792743102106
2,1,0.1480548313587684,0.042432166426568156,0.8289886398633951,blend_xgb_clf_grid,post,2023,2023_6,0.4509792743102106
2,1,0.30630647189716215,0.09185760959097258,0.7752514992859421,blend_xgb_clf_grid,post,2023,2023_7,0.4509792743102106
3,1,0.09279877088105651,0.019827757496752176,1.0,blend_xgb_clf_grid,post,2023,2023_8,0.4509792743102106
2,1,0.26756892621688194,0.07371346265545432,0.8289886398633951,blend_xgb_clf_grid,post,2023,2023_9,0.4509792743102106
1,1,0.2298905524398016,0.0816846955170778,0.5700378671220162,blend_xgb_clf_grid,post,2024,2024_1,0.4509792743102106
3,0,0.12565132389193484,0.030653064691527454,0.9410924754941495,blend_xgb_clf_grid,post,2024,2024_10,0.4509792743102106
1,0,0.36244296482594773,0.1336559435695805,0.2850189335610081,blend_xgb_clf_grid,post,2024,2024_11,0.4509792743102106
2,0,0.17583329674510056,0.05611845521916133,0.5306652111662978,blend_xgb_clf_grid,post,2024,2024_12,0.4509792743102106
2,0,0.21432616645933167,0.07272847162865748,0.6954461978888599,blend_xgb_clf_grid,post,2024,2024_13,0.4509792743102106
2,0,0.2225891529026906,0.07320613778814737,0.6270416538342178,blend_xgb_clf_grid,post,2024,2024_14,0.4509792743102106
2,1,0.2025440011234667,0.06530007868170004,0.8289886398633951,blend_xgb_clf_grid,post,2024,2024_15,0.4509792743102106
2,0,0.1604021794197977,0.04560838139254514,0.6009734930145886,blend_xgb_clf_grid,post,2024,2024_16,0.4509792743102106
2,0,0.19534668632387375,0.05961833689798528,0.7700811153575446,blend_xgb_clf_grid,post,2024,2024_17,0.4509792743102106
2,1,0.14323775801890473,0.040451862617217296,0.8289886398633951,blend_xgb_clf_grid,post,2024,2024_18,0.4509792743102106
2,0,0.2553805348937321,0.0865601222494774,0.42100594278174164,blend_xgb_clf_grid,post,2024,2024_19,0.4509792743102106
3,1,0.11129022757666507,0.02576973668250653,1.0,blend_xgb_clf_grid,post,2024,2024_2,0.4509792743102106
2,0,0.17315937859231828,0.05677667015850009,0.543969706302387,blend_xgb_clf_grid,post,2024,2024_20,0.4509792743102106
0,0,0.7806645743476792,0.2178016505442601,0.0,blend_xgb_clf_grid,post,2024,2024_21,0.4509792743102106
2,1,0.30151677996341053,0.09218278646542348,0.785830177739832,blend_xgb_clf_grid,post,2024,2024_22,0.4509792743102106
1,1,0.2455770567926864,0.08690991680078033,0.5700378671220162,blend_xgb_clf_grid,post,2024,2024_23,0.4509792743102106
2,1,0.29586609094826755,0.0919946496548652,0.7752514992859421,blend_xgb_clf_grid,post,2024,2024_24,0.4509792743102106
2,0,0.34233036565261055,0.11128047736518823,0.5648674831936188,blend_xgb_clf_grid,post,2024,2024_3,0.4509792743102106
2,1,0.14303549553311945,0.03929422007104046,0.8289886398633951,blend_xgb_clf_grid,post,2024,2024_4,0.4509792743102106
2,1,0.15275196124790175,0.04312020283875551,0.785830177739832,blend_xgb_clf_grid,post,2024,2024_5,0.4509792743102106
2,0,0.19417854857769298,0.06270588382847764,0.6262195749456675,blend_xgb_clf_grid,post,2024,2024_6,0.4509792743102106
3,1,0.13385704290326522,0.035905742605499405,1.0,blend_xgb_clf_grid,post,2024,2024_7,0.4509792743102106
3,1,0.15429351242917064,0.04390010312604704,1.0,blend_xgb_clf_grid,post,2024,2024_8,0.4509792743102106
3,1,0.12158538830908394,0.028505890639571423,0.9910438099037578,blend_xgb_clf_grid,post,2024,2024_9,0.4509792743102106
2,1,0.1936243341019503,0.06513414006371135,0.7752514992859421,blend_xgb_clf_grid,post,2025,2025_1,0.4509792743102106
2,1,0.1846710175617715,0.05872782550768539,0.8289886398633951,blend_xgb_clf_grid,post,2025,2025_10,0.4509792743102106
3,1,0.10260757385096249,0.02354424639485924,1.0,blend_xgb_clf_grid,post,2025,2025_11,0.4509792743102106
2,0,0.45922481105192386,0.09746549801333501,0.6954461978888599,blend_xgb_clf_grid,post,2025,2025_12,0.4509792743102106
3,0,0.09597907525367304,0.024615693793756714,0.9410924754941495,blend_xgb_clf_grid,post,2025,2025_13,0.4509792743102106
2,0,0.16175974246620747,0.054325362506972716,0.6954461978888599,blend_xgb_clf_grid,post,2025,2025_14,0.4509792743102106
2,1,0.2596829141007314,0.08921396146176688,0.7752514992859421,blend_xgb_clf_grid,post,2025,2025_15,0.4509792743102106
3,0,0.08819877203169149,0.017782080835898016,0.9410924754941495,blend_xgb_clf_grid,post,2025,2025_16,0.4509792743102106
1,1,0.25638840214672376,0.08750110791362425,0.5700378671220162,blend_xgb_clf_grid,post,2025,2025_17,0.4509792743102106
2,1,0.1882010256011223,0.06270742774286413,0.7752514992859421,blend_xgb_clf_grid,post,2025,2025_18,0.4509792743102106
2,1,0.13682547030017658,0.03882625870915335,0.8289886398633951,blend_xgb_clf_grid,post,2025,2025_19,0.4509792743102106
3,1,0.129158580063648,0.03362313492861111,1.0,blend_xgb_clf_grid,post,2025,2025_2,0.4509792743102106
2,1,0.17989936775983356,0.05766111844956949,0.8289886398633951,blend_xgb_clf_grid,post,2025,2025_20,0.4509792743102106
1,1,0.30522933147621845,0.09062817118774093,0.5700378671220162,blend_xgb_clf_grid,post,2025,2025_21,0.4509792743102106
2,0,0.4214792752104127,0.1164945234067524,0.5648674831936188,blend_xgb_clf_grid,post,2025,2025_22,0.4509792743102106
2,0,0.31274549246265276,0.09403911650341376,0.6954461978888599,blend_xgb_clf_grid,post,2025,2025_23,0.4509792743102106
3,1,0.0940723083457765,0.021785257769040244,0.9910438099037578,blend_xgb_clf_grid,post,2025,2025_24,0.4509792743102106
3,0,0.11196857399914655,0.02653855651965518,0.9410924754941495,blend_xgb_clf_grid,post,2025,2025_3,0.4509792743102106
2,1,0.1709247457577354,0.05298520293661004,0.7752514992859421,blend_xgb_clf_grid,post,2025,2025_4,0.4509792743102106
2,0,0.1580372986212453,0.047492501621018396,0.7700811153575446,blend_xgb_clf_grid,post,2025,2025_5,0.4509792743102106
2,0,0.24392327974523104,0.08469764844134905,0.543969706302387,blend_xgb_clf_grid,post,2025,2025_6,0.4509792743102106
2,0,0.15106169171383613,0.04909326899533372,0.7016765713029027,blend_xgb_clf_grid,post,2025,2025_7,0.4509792743102106
3,1,0.08422299079565891,0.01646903674870662,1.0,blend_xgb_clf_grid,post,2025,2025_8,0.4509792743102106
2,1,0.21331014629410378,0.06690747399409247,0.8289886398633951,blend_xgb_clf_grid,post,2025,2025_9,0.4509792743102106
2,1,0.17906656907326848,0.05859966116972293,0.8289886398633951,blend_xgb_clf_grid,post,2026,2026_1,0.4509792743102106
2,1,0.14837199237214765,0.04484664312154027,0.785830177739832,blend_xgb_clf_grid,post,2026,2026_10,0.4509792743102106
1,1,0.225997809383262,0.07862875962030154,0.5700378671220162,blend_xgb_clf_grid,post,2026,2026_11,0.4509792743102106
3,1,0.1422073627259021,0.03894654295030204,0.9910438099037578,blend_xgb_clf_grid,post,2026,2026_12,0.4509792743102106
1,0,0.30014255679971447,0.10021195908752177,0.4104272643278517,blend_xgb_clf_grid,post,2026,2026_13,0.4509792743102106
3,1,0.12360725298330677,0.03228453557090999,0.9910438099037578,blend_xgb_clf_grid,post,2026,2026_14,0.4509792743102106
1,1,0.2517134065117208,0.08752364052706652,0.5700378671220162,blend_xgb_clf_grid,post,2026,2026_15,0.4509792743102106
3,1,0.1271846002787511,0.034379625517794526,1.0,blend_xgb_clf_grid,post,2026,2026_2,0.4509792743102106
2,1,0.18848433808351703,0.06426988587497616,0.7752514992859421,blend_xgb_clf_grid,post,2026,2026_3,0.4509792743102106
1,1,0.23316141279535757,0.08177174188864207,0.5700378671220162,blend_xgb_clf_grid,post,2026,2026_4,0.4509792743102106
1,0,0.32708117402174053,0.1186322455481798,0.35965385102969294,blend_xgb_clf_grid,post,2026,2026_5,0.4509792743102106
2,1,0.228260283048613,0.07318146720905336,0.8289886398633951,blend_xgb_clf_grid,post,2026,2026_6,0.4509792743102106
2,0,0.14827380256716471,0.04495351806186334,0.7700811153575446,blend_xgb_clf_grid,post,2026,2026_7,0.4509792743102106
1,1,0.2064055963520997,0.06933354722071984,0.5700378671220162,blend_xgb_clf_grid,post,2026,2026_8,0.4509792743102106
2,0,0.21965866863363379,0.07430536634384083,0.5648674831936188,blend_xgb_clf_grid,post,2026,2026_9,0.4509792743102106
3,1,0.10734892352109711,0.025787782613836057,0.9910438099037578,blend_xgb_clf_grid,pre,2021,2021_1,0.5248455507398981
1,0,0.3012254423865461,0.10151607241209645,0.35965385102969294,blend_xgb_clf_grid,pre,2021,2021_10,0.5248455507398981
1,0,0.4381815201415252,0.13379346895983865,0.2589507727413789,blend_xgb_clf_grid,pre,2021,2021_11,0.5248455507398981
2,0,0.3489228349092921,0.06968168185420544,0.7016765713029027,blend_xgb_clf_grid,pre,2021,2021_12,0.5248455507398981
3,1,0.11784835340587159,0.02617206602381288,1.0,blend_xgb_clf_grid,pre,2021,2021_13,0.5248455507398981
1,0,0.4234453212165373,0.14413627103351842,0.17101136013660487,blend_xgb_clf_grid,pre,2021,2021_14,0.5248455507398981
2,1,0.2124784101904463,0.06186496803063614,0.8289886398633951,blend_xgb_clf_grid,pre,2021,2021_15,0.5248455507398981
2,0,0.3294957988474211,0.10636393216408913,0.543969706302387,blend_xgb_clf_grid,pre,2021,2021_16,0.5248455507398981
2,0,0.18786429067336846,0.05366976767192314,0.7700811153575446,blend_xgb_clf_grid,pre,2021,2021_17,0.5248455507398981
3,1,0.13553704013300355,0.034594564609288884,1.0,blend_xgb_clf_grid,pre,2021,2021_18,0.5248455507398981
2,0,0.14786746879693663,0.04026892485079912,0.7700811153575446,blend_xgb_clf_grid,pre,2021,2021_19,0.5248455507398981
2,0,0.2710111778130233,0.08349435806879393,0.6954461978888599,blend_xgb_clf_grid,pre,2021,2021_2,0.5248455507398981
2,1,0.2944302926477532,0.07778944651185624,0.8289886398633951,blend_xgb_clf_grid,pre,2021,2021_20,0.5248455507398981
3,0,0.12372233839696993,0.028860927748896554,0.9410924754941495,blend_xgb_clf_grid,pre,2021,2021_21,0.5248455507398981
2,0,0.2161965919877003,0.06293282132901834,0.7700811153575446,blend_xgb_clf_grid,pre,2021,2021_22,0.5248455507398981
3,1,0.10434837244331048,0.02157793611095453,1.0,blend_xgb_clf_grid,pre,2021,2021_3,0.5248455507398981
3,1,0.1032872708949805,0.02118476080939698,1.0,blend_xgb_clf_grid,pre,2021,2021_4,0.5248455507398981
1,0,0.41208582156500445,0.13900506655172498,0.35965385102969294,blend_xgb_clf_grid,pre,2021,2021_5,0.5248455507398981
0,0,0.6134090467320934,0.19407113259297398,0.0,blend_xgb_clf_grid,pre,2021,2021_6,0.5248455507398981
3,1,0.1614539641270496,0.04220302535894602,1.0,blend_xgb_clf_grid,pre,2021,2021_7,0.5248455507398981
2,1,0.19721573789817806,0.06309474511802524,0.7752514992859421,blend_xgb_clf_grid,pre,2021,2021_8,0.5248455507398981
1,1,0.2733651463713144,0.08964231604496677,0.5700378671220162,blend_xgb_clf_grid,pre,2021,2021_9,0.5248455507398981
1,0,0.3414330561969462,0.11580714152748313,0.34202272027320973,blend_xgb_clf_grid,pre,2022,2022_1,0.5248455507398981
2,0,0.227682748279939,0.07823879253355938,0.5648674831936188,blend_xgb_clf_grid,pre,2022,2022_10,0.5248455507398981
1,0,0.26657105770398515,0.09712285405467684,0.20521363216392585,blend_xgb_clf_grid,pre,2022,2022_11,0.5248455507398981
1,0,0.2943701622323806,0.1086426037963564,0.2850189335610081,blend_xgb_clf_grid,pre,2022,2022_12,0.5248455507398981
1,0,0.2479065041853133,0.08779517038857589,0.2850189335610081,blend_xgb_clf_grid,pre,2022,2022_13,0.5248455507398981
3,1,0.19177973758906658,0.06022553866204394,1.0,blend_xgb_clf_grid,pre,2022,2022_14,0.5248455507398981
1,1,0.27820206930149005,0.09965322974424816,0.5700378671220162,blend_xgb_clf_grid,pre,2022,2022_15,0.5248455507398981
2,1,0.19230005063569724,0.06187060399152487,0.7752514992859421,blend_xgb_clf_grid,pre,2022,2022_16,0.5248455507398981
1,0,0.29605802864986897,0.10842739789529081,0.20521363216392585,blend_xgb_clf_grid,pre,2022,2022_17,0.5248455507398981
3,1,0.15812343248671262,0.04631235553180061,1.0,blend_xgb_clf_grid,pre,2022,2022_18,0.5248455507398981
1,1,0.257157741847131,0.0907572002897991,0.5700378671220162,blend_xgb_clf_grid,pre,2022,2022_19,0.5248455507398981
2,1,0.1874586072093605,0.06018452259959804,0.7410492272586211,blend_xgb_clf_grid,pre,2022,2022_2,0.5248455507398981
2,1,0.17455812633493192,0.05441275128472391,0.785830177739832,blend_xgb_clf_grid,pre,2022,2022_20,0.5248455507398981
0,0,0.35311653652822234,0.1343776884805679,0.0,blend_xgb_clf_grid,pre,2022,2022_21,0.5248455507398981
2,1,0.18314671720139591,0.05731027752109016,0.8289886398633951,blend_xgb_clf_grid,pre,2022,2022_22,0.5248455507398981
1,1,0.30098698839675864,0.10543025900376321,0.5700378671220162,blend_xgb_clf_grid,pre,2022,2022_3,0.5248455507398981
1,0,0.35735900643351026,0.11147004617821854,0.35965385102969294,blend_xgb_clf_grid,pre,2022,2022_4,0.5248455507398981
2,1,0.1852899239990134,0.060037214712937235,0.7752514992859421,blend_xgb_clf_grid,pre,2022,2022_5,0.5248455507398981
2,1,0.27961752996807027,0.09324326795111781,0.7752514992859421,blend_xgb_clf_grid,pre,2022,2022_6,0.5248455507398981
2,0,0.18029216143862853,0.056200198300743985,0.6270416538342178,blend_xgb_clf_grid,pre,2022,2022_7,0.5248455507398981
2,0,0.21536712701420976,0.07014942339928242,0.7700811153575446,blend_xgb_clf_grid,pre,2022,2022_8,0.5248455507398981
1,1,0.26271308429656043,0.09145513267677088,0.5700378671220162,blend_xgb_clf_grid,pre,2022,2022_9,0.5248455507398981
2,1,0.36558492245213137,0.09547440248512214,0.7752514992859421,blend_xgb_clf_grid,pre,2023,2023_1,0.5248455507398981
1,1,0.3142530152989178,0.09111641814070041,0.5700378671220162,blend_xgb_clf_grid,pre,2023,2023_10,0.5248455507398981
1,1,0.29816257972215254,0.09442996012284681,0.5700378671220162,blend_xgb_clf_grid,pre,2023,2023_11,0.5248455507398981
2,1,0.22042442820060545,0.06956145554838607,0.8289886398633951,blend_xgb_clf_grid,pre,2023,2023_12,0.5248455507398981
1,1,0.38098155155713037,0.10785850248478701,0.5700378671220162,blend_xgb_clf_grid,pre,2023,2023_13,0.5248455507398981
2,1,0.2219244150799508,0.06775416974748061,0.8289886398633951,blend_xgb_clf_grid,pre,2023,2023_14,0.5248455507398981
1,0,0.46798101435557904,0.1571158960424376,0.17101136013660487,blend_xgb_clf_grid,pre,2023,2023_15,0.5248455507398981
1,1,0.3451666208748746,0.10858328146436158,0.5700378671220162,blend_xgb_clf_grid,pre,2023,2023_16,0.5248455507398981
1,1,0.3135318087558692,0.1009936369784489,0.5700378671220162,blend_xgb_clf_grid,pre,2023,2023_17,0.5248455507398981
1,1,0.22683775651716745,0.07158352927138159,0.5700378671220162,blend_xgb_clf_grid,pre,2023,2023_18,0.5248455507398981
1,1,0.2411040364464792,0.07765583824804292,0.5700378671220162,blend_xgb_clf_grid,pre,2023,2023_19,0.5248455507398981
2,0,0.2746708360087628,0.07810259264996075,0.7700811153575446,blend_xgb_clf_grid,pre,2023,2023_2,0.5248455507398981
1,1,0.33345731036589965,0.10250424111992658,0.5700378671220162,blend_xgb_clf_grid,pre,2023,2023_20,0.5248455507398981
1,1,0.2326172958793152,0.07476163439668705,0.5700378671220162,blend_xgb_clf_grid,pre,2023,2023_21,0.5248455507398981
2,1,0.21128223439745714,0.06683575091206534,0.8289886398633951,blend_xgb_clf_grid,pre,2023,2023_22,0.5248455507398981
1,0,0.3218478149075863,0.11202594321546226,0.35965385102969294,blend_xgb_clf_grid,pre,2023,2023_3,0.5248455507398981
1,0,0.22708152707657508,0.07343949690004524,0.4104272643278517,blend_xgb_clf_grid,pre,2023,2023_4,0.5248455507398981
2,1,0.18065587849960849,0.053565893556441244,0.8289886398633951,blend_xgb_clf_grid,pre,2023,2023_5,0.5248455507398981
2,1,0.35591870897485095,0.10158585604703554,0.7752514992859421,blend_xgb_clf_grid,pre,2023,2023_6,0.5248455507398981
1,1,0.256337719515006,0.08691469056853772,0.5700378671220162,blend_xgb_clf_grid,pre,2023,2023_7,0.5248455507398981
2,1,0.1964631920139295,0.06044042757027257,0.785830177739832,blend_xgb_clf_grid,pre,2023,2023_8,0.5248455507398981
2,1,0.2247598145967141,0.07293715148420724,0.7410492272586211,blend_xgb_clf_grid,pre,2023,2023_9,0.5248455507398981
2,1,0.1952965216037497,0.05716649601464489,0.8289886398633951,blend_xgb_clf_grid,pre,2024,2024_1,0.5661988568127707
2,1,0.25190156177398715,0.07977386091181432,0.8289886398633951,blend_xgb_clf_grid,pre,2024,2024_10,0.5661988568127707
0,0,0.346533123737962,0.12614442128301315,0.0,blend_xgb_clf_grid,pre,2024,2024_11,0.5661988568127707
2,0,0.23761650707199705,0.07625854930616631,0.5814386244644566,blend_xgb_clf_grid,pre,2024,2024_12,0.5661988568127707
2,0,0.28821155958863515,0.10092024665178219,0.543969706302387,blend_xgb_clf_grid,pre,2024,2024_13,0.5661988568127707
1,0,0.2979636241472329,0.10614477099704267,0.20521363216392585,blend_xgb_clf_grid,pre,2024,2024_14,0.5661988568127707
2,0,0.19669330112006284,0.05934941616867738,0.7700811153575446,blend_xgb_clf_grid,pre,2024,2024_15,0.5661988568127707
2,0,0.21861507033578179,0.07003948077565422,0.42100594278174164,blend_xgb_clf_grid,pre,2024,2024_16,0.5661988568127707
1,0,0.2776670853407844,0.09423861128139763,0.35965385102969294,blend_xgb_clf_grid,pre,2024,2024_17,0.5661988568127707
3,0,0.17838120140741184,0.05062213710736273,0.9068902034668286,blend_xgb_clf_grid,pre,2024,2024_18,0.5661988568127707
1,0,0.32839652308112216,0.11929272477866168,0.2850189335610081,blend_xgb_clf_grid,pre,2024,2024_19,0.5661988568127707
3,1,0.14224469717765711,0.03536656124251923,1.0,blend_xgb_clf_grid,pre,2024,2024_2,0.5661988568127707
1,0,0.2341401238160362,0.07877368618868039,0.4104272643278517,blend_xgb_clf_grid,pre,2024,2024_20,0.5661988568127707
1,1,0.6539936665989524,0.15593196037781765,0.5700378671220162,blend_xgb_clf_grid,pre,2024,2024_21,0.5661988568127707
0,0,0.4705300509854829,0.17446504285568334,0.0,blend_xgb_clf_grid,pre,2024,2024_22,0.5661988568127707
2,0,0.24520561164869026,0.08213625812482946,0.6954461978888599,blend_xgb_clf_grid,pre,2024,2024_23,0.5661988568127707
2,0,0.2503110552220032,0.08586157031500503,0.5008112441788239,blend_xgb_clf_grid,pre,2024,2024_24,0.5661988568127707
1,0,0.38352806770991804,0.13757819952940167,0.20521363216392585,blend_xgb_clf_grid,pre,2024,2024_3,0.5661988568127707
2,1,0.18883866880770622,0.056708694497272616,0.7410492272586211,blend_xgb_clf_grid,pre,2024,2024_4,0.5661988568127707
2,1,0.2092444229706977,0.06501163772317936,0.785830177739832,blend_xgb_clf_grid,pre,2024,2024_5,0.5661988568127707
2,0,0.20830477612343276,0.0659876966538449,0.6954461978888599,blend_xgb_clf_grid,pre,2024,2024_6,0.5661988568127707
1,1,0.2174509013350109,0.07124942564843195,0.5700378671220162,blend_xgb_clf_grid,pre,2024,2024_7,0.5661988568127707
1,0,0.3200666797814234,0.1165319746180268,0.17101136013660487,blend_xgb_clf_grid,pre,2024,2024_8,0.5661988568127707
2,1,0.27394589210448606,0.08971122969442992,0.7752514992859421,blend_xgb_clf_grid,pre,2024,2024_9,0.5661988568127707
2,1,0.23174905153695796,0.07692302364224954,0.8289886398633951,blend_xgb_clf_grid,pre,2025,2025_1,0.5661988568127707
0,0,0.37006262041376975,0.13606117674091606,0.0,blend_xgb_clf_grid,pre,2025,2025_10,0.5661988568127707
2,0,0.17784535950183072,0.05326440833243536,0.7700811153575446,blend_xgb_clf_grid,pre,2025,2025_11,0.5661988568127707
2,1,0.33861466342664226,0.06897316185838957,0.8289886398633951,blend_xgb_clf_grid,pre,2025,2025_12,0.5661988568127707
2,0,0.1703328357479612,0.0498315421347092,0.7700811153575446,blend_xgb_clf_grid,pre,2025,2025_13,0.5661988568127707
2,0,0.14699729643278728,0.040619536426271204,0.7700811153575446,blend_xgb_clf_grid,pre,2025,2025_14,0.5661988568127707
1,0,0.43714328572719274,0.12722413160048812,0.35965385102969294,blend_xgb_clf_grid,pre,2025,2025_15,0.5661988568127707
2,0,0.13830439284342774,0.038865582975596995,0.6262195749456675,blend_xgb_clf_grid,pre,2025,2025_16,0.5661988568127707
1,0,0.5460125051970761,0.17078136603484975,0.2850189335610081,blend_xgb_clf_grid,pre,2025,2025_17,0.5661988568127707
2,0,0.22655204597652076,0.07568181948011406,0.42100594278174164,blend_xgb_clf_grid,pre,2025,2025_18,0.5661988568127707
2,0,0.25634693313137324,0.08861714775817064,0.543969706302387,blend_xgb_clf_grid,pre,2025,2025_19,0.5661988568127707
2,0,0.16844085653702984,0.04967896589483144,0.7700811153575446,blend_xgb_clf_grid,pre,2025,2025_2,0.5661988568127707
2,0,0.24170958652197191,0.0825904396078281,0.5306652111662978,blend_xgb_clf_grid,pre,2025,2025_20,0.5661988568127707
2,1,0.24725081758096498,0.07908839429910292,0.7410492272586211,blend_xgb_clf_grid,pre,2025,2025_21,0.5661988568127707
1,0,0.30500008746803803,0.11185248380551276,0.2850189335610081,blend_xgb_clf_grid,pre,2025,2025_22,0.5661988568127707
1,0,0.38765617321857676,0.11275283690752602,0.35965385102969294,blend_xgb_clf_grid,pre,2025,2025_23,0.5661988568127707
3,1,0.12430890785786768,0.02981254644789158,0.9910438099037578,blend_xgb_clf_grid,pre,2025,2025_24,0.5661988568127707
2,0,0.15896564227315796,0.04556723912014807,0.6262195749456675,blend_xgb_clf_grid,pre,2025,2025_3,0.5661988568127707
3,1,0.14533101633827428,0.038880640418240665,0.9910438099037578,blend_xgb_clf_grid,pre,2025,2025_4,0.5661988568127707
1,1,0.21014360642798127,0.06973583543974429,0.5700378671220162,blend_xgb_clf_grid,pre,2025,2025_5,0.5661988568127707
2,1,0.18010762470564984,0.05454600212375475,0.785830177739832,blend_xgb_clf_grid,pre,2025,2025_6,0.5661988568127707
2,0,0.20393581984407178,0.06601493857117252,0.6270416538342178,blend_xgb_clf_grid,pre,2025,2025_7,0.5661988568127707
2,0,0.21519964026686092,0.06793595341556238,0.7016765713029027,blend_xgb_clf_grid,pre,2025,2025_8,0.5661988568127707
2,1,0.18033635308828447,0.05304932948063845,0.8289886398633951,blend_xgb_clf_grid,pre,2025,2025_9,0.5661988568127707
0,0,0.381441515647528,0.1407266977571001,0.0,blend_xgb_clf_grid,pre,2026,2026_1,0.5661988568127707
2,1,0.2146577790466295,0.07002078463045247,0.7752514992859421,blend_xgb_clf_grid,pre,2026,2026_10,0.5661988568127707
1,0,0.23024541524512984,0.0771241190320708,0.34202272027320973,blend_xgb_clf_grid,pre,2026,2026_11,0.5661988568127707
1,0,0.22002670012379816,0.0733690921642717,0.4104272643278517,blend_xgb_clf_grid,pre,2026,2026_12,0.5661988568127707
2,1,0.2141712707057543,0.07035326016426006,0.7752514992859421,blend_xgb_clf_grid,pre,2026,2026_13,0.5661988568127707
1,1,0.21698335797576404,0.07196533862960687,0.5700378671220162,blend_xgb_clf_grid,pre,2026,2026_14,0.5661988568127707
2,0,0.31015677745573783,0.1069848939651351,0.5648674831936188,blend_xgb_clf_grid,pre,2026,2026_15,0.5661988568127707
2,0,0.23875286282928102,0.07277915033509107,0.7700811153575446,blend_xgb_clf_grid,pre,2026,2026_2,0.5661988568127707
2,0,0.23055251896931334,0.07881750452607174,0.5306652111662978,blend_xgb_clf_grid,pre,2026,2026_3,0.5661988568127707
1,1,0.2183549028017007,0.07407201263888942,0.5700378671220162,blend_xgb_clf_grid,pre,2026,2026_4,0.5661988568127707
1,1,0.2889013876701307,0.10063947517965072,0.5700378671220162,blend_xgb_clf_grid,pre,2026,2026_5,0.5661988568127707
1,1,0.31632961982621177,0.10142890156523059,0.5700378671220162,blend_xgb_clf_grid,pre,2026,2026_6,0.5661988568127707
2,0,0.2540774379215479,0.08932475651257867,0.543969706302387,blend_xgb_clf_grid,pre,2026,2026_7,0.5661988568127707
2,0,0.18915659910331814,0.057762473743147004,0.7016765713029027,blend_xgb_clf_grid,pre,2026,2026_8,0.5661988568127707
2,0,0.25159657085794057,0.08708435349029438,0.42996213287798374,blend_xgb_clf_grid,pre,2026,2026_9,0.5661988568127707
3,0,0.104900714925075,0.022513920639206726,0.9410924754941495,blend_xgb_grid,post,2021,2021_1,0.41804122835926455
2,0,0.2461500466974455,0.08334993760140236,0.5306652111662978,blend_xgb_grid,post,2021,2021_10,0.41804122835926455
1,0,0.4952445420785831,0.1396154521242814,0.4104272643278517,blend_xgb_grid,post,2021,2021_11,0.41804122835926455
3,1,0.1423698442302565,0.03739909956711998,0.9910438099037578,blend_xgb_grid,post,2021,2021_12,0.41804122835926455
3,1,0.10833432714806202,0.02473451254783897,1.0,blend_xgb_grid,post,2021,2021_13,0.41804122835926455
1,0,0.48415415810288137,0.1365222157961114,0.2850189335610081,blend_xgb_grid,post,2021,2021_14,0.41804122835926455
2,0,0.420950042919098,0.12007646333723429,0.5008112441788239,blend_xgb_grid,post,2021,2021_15,0.41804122835926455
2,0,0.21195038325096777,0.0651296858172829,0.7700811153575446,blend_xgb_grid,post,2021,2021_16,0.41804122835926455
2,1,0.13610269830345204,0.03666246066190239,0.8289886398633951,blend_xgb_grid,post,2021,2021_17,0.41804122835926455
2,0,0.17421882824516433,0.05519164461126018,0.7700811153575446,blend_xgb_grid,post,2021,2021_18,0.41804122835926455
2,0,0.22391856311324757,0.06810840647288356,0.6262195749456675,blend_xgb_grid,post,2021,2021_19,0.41804122835926455
2,0,0.23342699217874463,0.07175244514595003,0.7700811153575446,blend_xgb_grid,post,2021,2021_2,0.41804122835926455
2,1,0.21214812158161686,0.07037475114263,0.7410492272586211,blend_xgb_grid,post,2021,2021_20,0.41804122835926455
3,1,0.10354787424193264,0.02275665195313108,1.0,blend_xgb_grid,post,2021,2021_21,0.41804122835926455
2,1,0.1899752568412529,0.056752364699751603,0.8289886398633951,blend_xgb_grid,post,2021,2021_22,0.41804122835926455
3,1,0.10565331744819306,0.023433586604404078,0.9910438099037578,blend_xgb_grid,post,2021,2021_3,0.41804122835926455
3,1,0.1083354050865856,0.0243758319697784,1.0,blend_xgb_grid,post,2021,2021_4,0.41804122835926455
1,0,0.29462665776439195,0.10678051586861514,0.35965385102969294,blend_xgb_grid,post,2021,2021_5,0.41804122835926455
0,0,0.5651641191189578,0.18619129314789903,0.0,blend_xgb_grid,post,2021,2021_6,0.41804122835926455
2,1,0.15259933504784334,0.04398261669403016,0.8289886398633951,blend_xgb_grid,post,2021,2021_7,0.41804122835926455
2,1,0.17584581061667803,0.05288087701317441,0.8289886398633951,blend_xgb_grid,post,2021,2021_8,0.41804122835926455
1,1,0.2072484871789099,0.07102622336191405,0.5700378671220162,blend_xgb_grid,post,2021,2021_9,0.41804122835926455
2,0,0.2304349321401522,0.07888703313360143,0.5648674831936188,blend_xgb_grid,post,2022,2022_1,0.41804122835926455
1,0,0.2717828121241128,0.09896857302072369,0.35965385102969294,blend_xgb_grid,post,2022,2022_10,0.41804122835926455
2,0,0.24901866794271316,0.07907268679746686,0.7700811153575446,blend_xgb_grid,post,2022,2022_11,0.41804122835926455
1,0,0.3102896110722229,0.11446052744416695,0.2850189335610081,blend_xgb_grid,post,2022,2022_12,0.41804122835926455
1,0,0.36928269541117775,0.12627569280488105,0.34202272027320973,blend_xgb_grid,post,2022,2022_13,0.41804122835926455
2,0,0.20125201595427958,0.06027306551836237,0.6009734930145886,blend_xgb_grid,post,2022,2022_14,0.41804122835926455
2,1,0.22093429314407484,0.07290588543923227,0.785830177739832,blend_xgb_grid,post,2022,2022_15,0.41804122835926455
3,0,0.12706936821687814,0.03284491163898627,0.9112385085066755,blend_xgb_grid,post,2022,2022_16,0.41804122835926455
2,0,0.16769649504211037,0.05191398031579747,0.7700811153575446,blend_xgb_grid,post,2022,2022_17,0.41804122835926455
2,1,0.15841890592722602,0.049150746839265166,0.785830177739832,blend_xgb_grid,post,2022,2022_18,0.41804122835926455
2,1,0.3020701196139194,0.09727443475878014,0.7752514992859421,blend_xgb_grid,post,2022,2022_19,0.41804122835926455
2,0,0.1829367514110803,0.05875706699839002,0.543969706302387,blend_xgb_grid,post,2022,2022_2,0.41804122835926455
2,1,0.17276142967844493,0.05454690566296784,0.7752514992859421,blend_xgb_grid,post,2022,2022_20,0.41804122835926455
2,0,0.25609573168195005,0.08890461219799571,0.5648674831936188,blend_xgb_grid,post,2022,2022_21,0.41804122835926455
3,1,0.12932269918010147,0.03349150740377614,0.9910438099037578,blend_xgb_grid,post,2022,2022_22,0.41804122835926455
2,1,0.2699792424443245,0.08987507317959055,0.7752514992859421,blend_xgb_grid,post,2022,2022_3,0.41804122835926455
2,1,0.24363717439057214,0.08516223492551961,0.7752514992859421,blend_xgb_grid,post,2022,2022_4,0.41804122835926455
3,0,0.1168665577704698,0.028239509018467057,0.9410924754941495,blend_xgb_grid,post,2022,2022_5,0.41804122835926455
1,0,0.2934726806315765,0.1068043738109502,0.35965385102969294,blend_xgb_grid,post,2022,2022_6,0.41804122835926455
2,0,0.18688027114381828,0.060650080108084356,0.42996213287798374,blend_xgb_grid,post,2022,2022_7,0.41804122835926455
2,0,0.26047284428937595,0.08865500634600153,0.543969706302387,blend_xgb_grid,post,2022,2022_8,0.41804122835926455
2,1,0.1474293249293308,0.04610849693881802,0.8289886398633951,blend_xgb_grid,post,2022,2022_9,0.41804122835926455
2,1,0.21381881540592773,0.06735272910824713,0.8289886398633951,blend_xgb_grid,post,2023,2023_1,0.41804122835926455
2,1,0.21381965825319743,0.06761692540922636,0.8289886398633951,blend_xgb_grid,post,2023,2023_10,0.41804122835926455
2,1,0.2934429683602251,0.09673474661307313,0.7752514992859421,blend_xgb_grid,post,2023,2023_11,0.41804122835926455
2,0,0.17361864247249276,0.05210625907739051,0.6009734930145886,blend_xgb_grid,post,2023,2023_12,0.41804122835926455
1,1,0.4178676580851137,0.11388298387040181,0.5700378671220162,blend_xgb_grid,post,2023,2023_13,0.41804122835926455
2,1,0.16660415759012934,0.050209373703630523,0.785830177739832,blend_xgb_grid,post,2023,2023_14,0.41804122835926455
1,1,0.2518229340539829,0.08811789944249346,0.5700378671220162,blend_xgb_grid,post,2023,2023_15,0.41804122835926455
3,1,0.15407849836881587,0.04557680459207342,1.0,blend_xgb_grid,post,2023,2023_16,0.41804122835926455
1,1,0.37614761051217727,0.12040935710785663,0.5700378671220162,blend_xgb_grid,post,2023,2023_17,0.41804122835926455
1,0,0.2444710077838451,0.08625837204418528,0.20521363216392585,blend_xgb_grid,post,2023,2023_18,0.41804122835926455
2,1,0.2007964529187028,0.06424568878708764,0.785830177739832,blend_xgb_grid,post,2023,2023_19,0.41804122835926455
2,1,0.3010989316280983,0.086570701006078,0.7410492272586211,blend_xgb_grid,post,2023,2023_2,0.41804122835926455
1,1,0.2563032457142419,0.08856614479298834,0.5700378671220162,blend_xgb_grid,post,2023,2023_20,0.41804122835926455
2,1,0.23946291430648298,0.06965831355184379,0.8289886398633951,blend_xgb_grid,post,2023,2023_21,0.41804122835926455
2,1,0.15406869498355757,0.046003396823326055,0.8289886398633951,blend_xgb_grid,post,2023,2023_22,0.41804122835926455
2,1,0.1923535114621338,0.06310630802754905,0.7752514992859421,blend_xgb_grid,post,2023,2023_3,0.41804122835926455
3,0,0.11470562381500435,0.026636341424515868,0.9112385085066755,blend_xgb_grid,post,2023,2023_4,0.41804122835926455
2,0,0.2003810868175599,0.06130725900604669,0.6262195749456675,blend_xgb_grid,post,2023,2023_5,0.41804122835926455
2,1,0.14934769270656137,0.043297004159229824,0.8289886398633951,blend_xgb_grid,post,2023,2023_6,0.41804122835926455
2,1,0.32001631958622023,0.09557423684043834,0.7752514992859421,blend_xgb_grid,post,2023,2023_7,0.41804122835926455
3,1,0.10477956690913644,0.0243095182759031,1.0,blend_xgb_grid,post,2023,2023_8,0.41804122835926455
2,1,0.29753993319547656,0.076610576343741,0.8289886398633951,blend_xgb_grid,post,2023,2023_9,0.41804122835926455
1,1,0.22939797456267938,0.08103650455268366,0.5700378671220162,blend_xgb_grid,post,2024,2024_1,0.41804122835926455
3,0,0.1372699485263124,0.036130879720013956,0.9410924754941495,blend_xgb_grid,post,2024,2024_10,0.41804122835926455
1,0,0.35566394550448466,0.1307738078665686,0.2850189335610081,blend_xgb_grid,post,2024,2024_11,0.41804122835926455
2,0,0.1956571845983779,0.06411827768029693,0.5648674831936188,blend_xgb_grid,post,2024,2024_12,0.41804122835926455
2,0,0.22364813852271442,0.07613195750635013,0.6954461978888599,blend_xgb_grid,post,2024,2024_13,0.41804122835926455
2,0,0.2137966579472518,0.06899974121838542,0.7016765713029027,blend_xgb_grid,post,2024,2024_14,0.41804122835926455
2,1,0.1960548508243592,0.061759764116935165,0.8289886398633951,blend_xgb_grid,post,2024,2024_15,0.41804122835926455
2,0,0.16947617631319326,0.04977451191878364,0.6009734930145886,blend_xgb_grid,post,2024,2024_16,0.41804122835926455
2,0,0.18943193451565116,0.059569703360352624,0.7700811153575446,blend_xgb_grid,post,2024,2024_17,0.41804122835926455
2,1,0.14495874743772705,0.04065514174783558,0.8289886398633951,blend_xgb_grid,post,2024,2024_18,0.41804122835926455
2,0,0.25432037511742606,0.08484227230350538,0.42100594278174164,blend_xgb_grid,post,2024,2024_19,0.41804122835926455
3,1,0.12992773993264412,0.03392096637744738,0.9910438099037578,blend_xgb_grid,post,2024,2024_2,0.41804122835926455
2,1,0.16848063862687196,0.05408364895867658,0.7752514992859421,blend_xgb_grid,post,2024,2024_20,0.41804122835926455
0,0,0.7730007220387815,0.20808572473036602,0.0,blend_xgb_grid,post,2024,2024_21,0.41804122835926455
2,1,0.28546410638356945,0.0849578309170814,0.785830177739832,blend_xgb_grid,post,2024,2024_22,0.41804122835926455
1,1,0.25013937017086263,0.08924401666466235,0.5700378671220162,blend_xgb_grid,post,2024,2024_23,0.41804122835926455
2,1,0.37608954795901606,0.1009628389944103,0.7752514992859421,blend_xgb_grid,post,2024,2024_24,0.41804122835926455
2,0,0.30500103675245516,0.09993640561308458,0.5306652111662978,blend_xgb_grid,post,2024,2024_3,0.41804122835926455
2,1,0.14571224050430615,0.04117640254063743,0.8289886398633951,blend_xgb_grid,post,2024,2024_4,0.41804122835926455
2,1,0.15468786765937487,0.04464203163931262,0.785830177739832,blend_xgb_grid,post,2024,2024_5,0.41804122835926455
2,0,0.1919423654944234,0.061826616744849384,0.6262195749456675,blend_xgb_grid,post,2024,2024_6,0.41804122835926455
3,1,0.12992566464347496,0.03448262552919722,1.0,blend_xgb_grid,post,2024,2024_7,0.41804122835926455
3,1,0.15335606896346185,0.0438274359388469,1.0,blend_xgb_grid,post,2024,2024_8,0.41804122835926455
3,1,0.11875684994217357,0.027517053169947642,0.9910438099037578,blend_xgb_grid,post,2024,2024_9,0.41804122835926455
2,1,0.16738787265142607,0.053229406565153625,0.8289886398633951,blend_xgb_grid,post,2025,2025_1,0.41804122835926455
2,1,0.1782181098122923,0.05623162171950911,0.8289886398633951,blend_xgb_grid,post,2025,2025_10,0.41804122835926455
3,1,0.108307298323844,0.02524304546627194,0.9910438099037578,blend_xgb_grid,post,2025,2025_11,0.41804122835926455
2,0,0.48648343838667485,0.09687702397998474,0.543969706302387,blend_xgb_grid,post,2025,2025_12,0.41804122835926455
3,0,0.11577879677098712,0.03123484888935965,0.9410924754941495,blend_xgb_grid,post,2025,2025_13,0.41804122835926455
2,0,0.17685648368997264,0.059124597557088744,0.6954461978888599,blend_xgb_grid,post,2025,2025_14,0.41804122835926455
2,1,0.23137514282629126,0.07989645662497229,0.7752514992859421,blend_xgb_grid,post,2025,2025_15,0.41804122835926455
3,0,0.09995083408042504,0.022173936747550936,0.9410924754941495,blend_xgb_grid,post,2025,2025_16,0.41804122835926455
2,1,0.2174697188988893,0.0692680149342238,0.7410492272586211,blend_xgb_grid,post,2025,2025_17,0.41804122835926455
2,1,0.17002333779729942,0.053694208446057656,0.8289886398633951,blend_xgb_grid,post,2025,2025_18,0.41804122835926455
3,1,0.13391689199142162,0.03624255083787585,1.0,blend_xgb_grid,post,2025,2025_19,0.41804122835926455
3,1,0.12578208099300392,0.032330067577898206,1.0,blend_xgb_grid,post,2025,2025_2,0.41804122835926455
2,1,0.16766933166036913,0.05209486939309441,0.8289886398633951,blend_xgb_grid,post,2025,2025_20,0.41804122835926455
2,1,0.3567302881292374,0.09025110446964059,0.7752514992859421,blend_xgb_grid,post,2025,2025_21,0.41804122835926455
2,0,0.48126638666050453,0.12631620576819608,0.5648674831936188,blend_xgb_grid,post,2025,2025_22,0.41804122835926455
2,0,0.29626180672608904,0.09288711565260696,0.6954461978888599,blend_xgb_grid,post,2025,2025_23,0.41804122835926455
3,1,0.10100212008812989,0.024632030158426594,0.9910438099037578,blend_xgb_grid,post,2025,2025_24,0.41804122835926455
3,0,0.11285510886165026,0.027184700075322706,0.9410924754941495,blend_xgb_grid,post,2025,2025_3,0.41804122835926455
2,1,0.19036180603999914,0.061151314186507585,0.7752514992859421,blend_xgb_grid,post,2025,2025_4,0.41804122835926455
2,0,0.15323350454438456,0.04518384242499822,0.7700811153575446,blend_xgb_grid,post,2025,2025_5,0.41804122835926455
2,0,0.24987243156394362,0.08768832095720344,0.543969706302387,blend_xgb_grid,post,2025,2025_6,0.41804122835926455
2,0,0.14549906058904533,0.04538990654008854,0.7016765713029027,blend_xgb_grid,post,2025,2025_7,0.41804122835926455
3,1,0.10008217156424415,0.022874746014579204,0.9910438099037578,blend_xgb_grid,post,2025,2025_8,0.41804122835926455
2,1,0.22174583024848524,0.07093435229185781,0.8289886398633951,blend_xgb_grid,post,2025,2025_9,0.41804122835926455
2,1,0.14909076822115006,0.04618308567385799,0.8289886398633951,blend_xgb_grid,post,2026,2026_1,0.3875088691723635
2,1,0.14485687994993054,0.04399797258866096,0.785830177739832,blend_xgb_grid,post,2026,2026_10,0.3875088691723635
1,1,0.22867683441329326,0.0800842389739927,0.5700378671220162,blend_xgb_grid,post,2026,2026_11,0.3875088691723635
3,1,0.13245588800476923,0.036227905212683736,0.9910438099037578,blend_xgb_grid,post,2026,2026_12,0.3875088691723635
1,0,0.36989109925835445,0.10847595373666795,0.4104272643278517,blend_xgb_grid,post,2026,2026_13,0.3875088691723635
3,1,0.11936357691404025,0.030395578410905663,0.9910438099037578,blend_xgb_grid,post,2026,2026_14,0.3875088691723635
1,1,0.2688728535367445,0.09275385550414077,0.5700378671220162,blend_xgb_grid,post,2026,2026_15,0.3875088691723635
3,1,0.1262088248885269,0.03427976771400228,1.0,blend_xgb_grid,post,2026,2026_2,0.3875088691723635
2,1,0.1739340430611229,0.05857288126049287,0.7752514992859421,blend_xgb_grid,post,2026,2026_3,0.3875088691723635
1,1,0.24689247066051942,0.08588691720113185,0.5700378671220162,blend_xgb_grid,post,2026,2026_4,0.3875088691723635
1,0,0.3085200077052384,0.11224995262050876,0.35965385102969294,blend_xgb_grid,post,2026,2026_5,0.3875088691723635
2,1,0.22168353759867737,0.07346005083959824,0.7752514992859421,blend_xgb_grid,post,2026,2026_6,0.3875088691723635
2,0,0.15785493633593262,0.050162042847211034,0.6954461978888599,blend_xgb_grid,post,2026,2026_7,0.3875088691723635
2,1,0.1980079268136871,0.06678953396511454,0.7410492272586211,blend_xgb_grid,post,2026,2026_8,0.3875088691723635
2,0,0.2171493479345776,0.07307853356944198,0.5306652111662978,blend_xgb_grid,post,2026,2026_9,0.3875088691723635
3,1,0.10795576654348724,0.024998800846253465,0.9910438099037578,blend_xgb_grid,pre,2021,2021_1,0.4865125544090533
1,1,0.2834691180806549,0.09672467122208252,0.5700378671220162,blend_xgb_grid,pre,2021,2021_10,0.4865125544090533
1,0,0.4298522021460366,0.12925704707151067,0.4104272643278517,blend_xgb_grid,pre,2021,2021_11,0.4865125544090533
2,0,0.36085751207864825,0.06869693069583763,0.7016765713029027,blend_xgb_grid,pre,2021,2021_12,0.4865125544090533
3,0,0.12450737033800674,0.028057301907433635,0.9410924754941495,blend_xgb_grid,pre,2021,2021_13,0.4865125544090533
1,0,0.4049622022392384,0.13867926364684346,0.21579231061781579,blend_xgb_grid,pre,2021,2021_14,0.4865125544090533
2,1,0.2131241157020003,0.06145774186294044,0.8289886398633951,blend_xgb_grid,pre,2021,2021_15,0.4865125544090533
2,0,0.3053443669367609,0.10159211484408355,0.543969706302387,blend_xgb_grid,pre,2021,2021_16,0.4865125544090533
2,0,0.1668185356412601,0.04792015117746455,0.7700811153575446,blend_xgb_grid,pre,2021,2021_17,0.4865125544090533
2,1,0.151495123233815,0.041915746426709366,0.8289886398633951,blend_xgb_grid,pre,2021,2021_18,0.4865125544090533
3,0,0.14902522158686107,0.03979281768665334,0.9410924754941495,blend_xgb_grid,pre,2021,2021_19,0.4865125544090533
2,0,0.24231096825473747,0.07296058951265216,0.6954461978888599,blend_xgb_grid,pre,2021,2021_2,0.4865125544090533
2,1,0.2912863720763949,0.07340481731221371,0.8289886398633951,blend_xgb_grid,pre,2021,2021_20,0.4865125544090533
3,1,0.14353999835772938,0.03581940465719693,1.0,blend_xgb_grid,pre,2021,2021_21,0.4865125544090533
2,0,0.21930342066496084,0.0647622680509897,0.7700811153575446,blend_xgb_grid,pre,2021,2021_22,0.4865125544090533
3,1,0.1173659441654477,0.026677290346258077,1.0,blend_xgb_grid,pre,2021,2021_3,0.4865125544090533
3,1,0.10788423996791911,0.023020366332420876,1.0,blend_xgb_grid,pre,2021,2021_4,0.4865125544090533
1,0,0.4227616101530967,0.1434989143157322,0.35965385102969294,blend_xgb_grid,pre,2021,2021_5,0.4865125544090533
0,0,0.6402190275848197,0.20161359685891403,0.0,blend_xgb_grid,pre,2021,2021_6,0.4865125544090533
3,1,0.17359895188950533,0.04841776807266258,1.0,blend_xgb_grid,pre,2021,2021_7,0.4865125544090533
2,1,0.17308766117990843,0.05047611998276286,0.8289886398633951,blend_xgb_grid,pre,2021,2021_8,0.4865125544090533
1,1,0.2780310464660335,0.09573378646986061,0.5700378671220162,blend_xgb_grid,pre,2021,2021_9,0.4865125544090533
1,0,0.3429044495544612,0.11778906646850433,0.34202272027320973,blend_xgb_grid,pre,2022,2022_1,0.4865125544090533
2,1,0.22974539049239812,0.07748739756127149,0.7752514992859421,blend_xgb_grid,pre,2022,2022_10,0.4865125544090533
1,0,0.2442765670319532,0.08684576973624204,0.4104272643278517,blend_xgb_grid,pre,2022,2022_11,0.4865125544090533
0,0,0.32933176779411644,0.12453027837261496,0.0,blend_xgb_grid,pre,2022,2022_12,0.4865125544090533
0,0,0.330252022999248,0.12619244964391702,0.0,blend_xgb_grid,pre,2022,2022_13,0.4865125544090533
3,1,0.1810659144621309,0.05558094029186751,1.0,blend_xgb_grid,pre,2022,2022_14,0.4865125544090533
1,0,0.2631895005051957,0.09389631911541144,0.35965385102969294,blend_xgb_grid,pre,2022,2022_15,0.4865125544090533
2,1,0.2005680411697815,0.06504344473305765,0.7752514992859421,blend_xgb_grid,pre,2022,2022_16,0.4865125544090533
1,0,0.2807658731010915,0.10183368975845206,0.2589507727413789,blend_xgb_grid,pre,2022,2022_17,0.4865125544090533
3,1,0.153736227223927,0.04575328188488269,0.9910438099037578,blend_xgb_grid,pre,2022,2022_18,0.4865125544090533
1,1,0.23669185294744582,0.08297035555103212,0.5700378671220162,blend_xgb_grid,pre,2022,2022_19,0.4865125544090533
2,1,0.19841197758489343,0.06533669718722214,0.7410492272586211,blend_xgb_grid,pre,2022,2022_2,0.4865125544090533
2,1,0.18469609494370917,0.05848374505534173,0.785830177739832,blend_xgb_grid,pre,2022,2022_20,0.4865125544090533
0,0,0.350131397796298,0.13261408728495094,0.0,blend_xgb_grid,pre,2022,2022_21,0.4865125544090533
2,1,0.18441949665322796,0.058345933107656324,0.7752514992859421,blend_xgb_grid,pre,2022,2022_22,0.4865125544090533
1,0,0.32505447055097464,0.11738346860608026,0.2850189335610081,blend_xgb_grid,pre,2022,2022_3,0.4865125544090533
1,1,0.3464379250722389,0.10895503470475554,0.5700378671220162,blend_xgb_grid,pre,2022,2022_4,0.4865125544090533
2,1,0.1514180653414308,0.04694089133694333,0.8289886398633951,blend_xgb_grid,pre,2022,2022_5,0.4865125544090533
2,1,0.28877187763499157,0.09930284783520163,0.7752514992859421,blend_xgb_grid,pre,2022,2022_6,0.4865125544090533
2,0,0.17374001425750818,0.05429167162702262,0.6270416538342178,blend_xgb_grid,pre,2022,2022_7,0.4865125544090533
2,0,0.2325378821439919,0.07833472058776446,0.6954461978888599,blend_xgb_grid,pre,2022,2022_8,0.4865125544090533
1,1,0.255850076410267,0.08891691600864098,0.5700378671220162,blend_xgb_grid,pre,2022,2022_9,0.4865125544090533
1,1,0.3492899151845371,0.09279618675756893,0.5700378671220162,blend_xgb_grid,pre,2023,2023_1,0.4865125544090533
2,1,0.31338845102966484,0.09154362379608803,0.7410492272586211,blend_xgb_grid,pre,2023,2023_10,0.4865125544090533
2,1,0.28716142635205516,0.08921440065146287,0.7410492272586211,blend_xgb_grid,pre,2023,2023_11,0.4865125544090533
2,1,0.21354980648778582,0.06830699279924987,0.7752514992859421,blend_xgb_grid,pre,2023,2023_12,0.4865125544090533
1,1,0.36345227275684905,0.09970469645493499,0.5700378671220162,blend_xgb_grid,pre,2023,2023_13,0.4865125544090533
2,1,0.19822291271985826,0.06029128131951665,0.8289886398633951,blend_xgb_grid,pre,2023,2023_14,0.4865125544090533
1,0,0.4648665297592836,0.15483564737318706,0.17101136013660487,blend_xgb_grid,pre,2023,2023_15,0.4865125544090533
1,1,0.3734543808671258,0.11283952488562857,0.5700378671220162,blend_xgb_grid,pre,2023,2023_16,0.4865125544090533
1,1,0.3302086916301778,0.10386345910628622,0.5700378671220162,blend_xgb_grid,pre,2023,2023_17,0.4865125544090533
2,1,0.23749588512267214,0.0759473553815522,0.785830177739832,blend_xgb_grid,pre,2023,2023_18,0.4865125544090533
1,1,0.2283610489833711,0.07450979320710317,0.5700378671220162,blend_xgb_grid,pre,2023,2023_19,0.4865125544090533
2,0,0.24466777469227258,0.07254016324617046,0.7700811153575446,blend_xgb_grid,pre,2023,2023_2,0.4865125544090533
1,1,0.3426527332131938,0.10547198772103657,0.5700378671220162,blend_xgb_grid,pre,2023,2023_20,0.4865125544090533
1,1,0.21808107603589694,0.07019312182484808,0.5700378671220162,blend_xgb_grid,pre,2023,2023_21,0.4865125544090533
2,1,0.19563396600104116,0.06236255022842593,0.8289886398633951,blend_xgb_grid,pre,2023,2023_22,0.4865125544090533
1,0,0.3308991554590329,0.1180168584085293,0.35965385102969294,blend_xgb_grid,pre,2023,2023_3,0.4865125544090533
2,0,0.22957563565671024,0.07470025808260997,0.6954461978888599,blend_xgb_grid,pre,2023,2023_4,0.4865125544090533
2,1,0.1761217929227149,0.05137230107622058,0.8289886398633951,blend_xgb_grid,pre,2023,2023_5,0.4865125544090533
2,1,0.35138408520621,0.1022150075338957,0.7752514992859421,blend_xgb_grid,pre,2023,2023_6,0.4865125544090533
1,1,0.2446918005419084,0.08186934751997135,0.5700378671220162,blend_xgb_grid,pre,2023,2023_7,0.4865125544090533
2,1,0.21384817455103788,0.06856746866778686,0.7410492272586211,blend_xgb_grid,pre,2023,2023_8,0.4865125544090533
2,1,0.22461749039126383,0.07301603206893591,0.7410492272586211,blend_xgb_grid,pre,2023,2023_9,0.4865125544090533
2,1,0.17780838424502263,0.05263115507863244,0.8289886398633951,blend_xgb_grid,pre,2024,2024_1,0.5248455507398981
2,1,0.2552580398875895,0.08082861572033967,0.8289886398633951,blend_xgb_grid,pre,2024,2024_10,0.5248455507398981
0,0,0.3506678611940164,0.1291432557150115,0.0,blend_xgb_grid,pre,2024,2024_11,0.5248455507398981
2,0,0.23548536880992654,0.07543415690796061,0.5814386244644566,blend_xgb_grid,pre,2024,2024_12,0.5248455507398981
2,0,0.2869243399806451,0.10084400746043935,0.543969706302387,blend_xgb_grid,pre,2024,2024_13,0.5248455507398981
1,0,0.31129398855447216,0.11262940846911543,0.20521363216392585,blend_xgb_grid,pre,2024,2024_14,0.5248455507398981
2,0,0.19336045180338365,0.05815571241445271,0.7700811153575446,blend_xgb_grid,pre,2024,2024_15,0.5248455507398981
2,0,0.23884508645150176,0.08062979371143078,0.42996213287798374,blend_xgb_grid,pre,2024,2024_16,0.5248455507398981
1,0,0.27090964263668316,0.09429324133309257,0.35965385102969294,blend_xgb_grid,pre,2024,2024_17,0.5248455507398981
3,0,0.17141341229262969,0.048092192838524485,0.9068902034668286,blend_xgb_grid,pre,2024,2024_18,0.5248455507398981
1,0,0.337878258291562,0.12376800663435898,0.2850189335610081,blend_xgb_grid,pre,2024,2024_19,0.5248455507398981
3,1,0.15182421384173603,0.039788863331947706,1.0,blend_xgb_grid,pre,2024,2024_2,0.5248455507398981
2,0,0.2309479180658581,0.0768695095673738,0.5814386244644566,blend_xgb_grid,pre,2024,2024_20,0.5248455507398981
1,1,0.6832229350427116,0.15539434777643665,0.5700378671220162,blend_xgb_grid,pre,2024,2024_21,0.5248455507398981
0,0,0.4490094579719284,0.16889031162765455,0.0,blend_xgb_grid,pre,2024,2024_22,0.5248455507398981
2,0,0.23247311462897452,0.07760886815137061,0.6954461978888599,blend_xgb_grid,pre,2024,2024_23,0.5248455507398981
2,0,0.24338546201836184,0.08380210826942815,0.5008112441788239,blend_xgb_grid,pre,2024,2024_24,0.5248455507398981
1,0,0.38260408844920357,0.13607978259056697,0.20521363216392585,blend_xgb_grid,pre,2024,2024_3,0.5248455507398981
2,1,0.18045225727697053,0.05421937340333556,0.7410492272586211,blend_xgb_grid,pre,2024,2024_4,0.5248455507398981
2,1,0.1910880972787953,0.05742088967129135,0.785830177739832,blend_xgb_grid,pre,2024,2024_5,0.5248455507398981
2,0,0.20970243298042468,0.06622680434143963,0.6954461978888599,blend_xgb_grid,pre,2024,2024_6,0.5248455507398981
1,1,0.21930136658325367,0.07252838027387148,0.5700378671220162,blend_xgb_grid,pre,2024,2024_7,0.5248455507398981
1,0,0.31415926232439,0.1144470634280017,0.2850189335610081,blend_xgb_grid,pre,2024,2024_8,0.5248455507398981
2,1,0.2591599480257233,0.0844577808106378,0.8289886398633951,blend_xgb_grid,pre,2024,2024_9,0.5248455507398981
2,0,0.217886427033617,0.07065206317151763,0.7700811153575446,blend_xgb_grid,pre,2025,2025_1,0.5248455507398981
1,0,0.3874241159480912,0.13911756104435072,0.20521363216392585,blend_xgb_grid,pre,2025,2025_10,0.5248455507398981
2,0,0.17378045556876204,0.052744212097990274,0.7700811153575446,blend_xgb_grid,pre,2025,2025_11,0.5248455507398981
2,0,0.3443662586579601,0.06845564792159914,0.7700811153575446,blend_xgb_grid,pre,2025,2025_12,0.5248455507398981
2,0,0.17110211753826388,0.051630220468935215,0.7700811153575446,blend_xgb_grid,pre,2025,2025_13,0.5248455507398981
2,0,0.14920908935502958,0.04302114121137816,0.7700811153575446,blend_xgb_grid,pre,2025,2025_14,0.5248455507398981
1,0,0.4513472832306478,0.13119341578550836,0.35965385102969294,blend_xgb_grid,pre,2025,2025_15,0.5248455507398981
2,0,0.13774352970522014,0.040286314643912045,0.6262195749456675,blend_xgb_grid,pre,2025,2025_16,0.5248455507398981
1,0,0.5929498134417364,0.1835905772208496,0.2850189335610081,blend_xgb_grid,pre,2025,2025_17,0.5248455507398981
2,0,0.22755809426351653,0.0773209010135615,0.42100594278174164,blend_xgb_grid,pre,2025,2025_18,0.5248455507398981
2,0,0.26084929086772485,0.09006984580121019,0.543969706302387,blend_xgb_grid,pre,2025,2025_19,0.5248455507398981
3,0,0.15909497738984651,0.046675417903131164,0.9410924754941495,blend_xgb_grid,pre,2025,2025_2,0.5248455507398981
2,0,0.22890998660929643,0.07724024092002059,0.5008112441788239,blend_xgb_grid,pre,2025,2025_20,0.5248455507398981
2,1,0.23681527488865922,0.0740944148281819,0.785830177739832,blend_xgb_grid,pre,2025,2025_21,0.5248455507398981
1,0,0.33267181755958963,0.12325537220678254,0.2850189335610081,blend_xgb_grid,pre,2025,2025_22,0.5248455507398981
2,0,0.4119775381800362,0.12138283731991965,0.5648674831936188,blend_xgb_grid,pre,2025,2025_23,0.5248455507398981
3,1,0.10690015301370392,0.024020648506600628,0.9910438099037578,blend_xgb_grid,pre,2025,2025_24,0.5248455507398981
2,0,0.15422079582993148,0.04471384977707181,0.6262195749456675,blend_xgb_grid,pre,2025,2025_3,0.5248455507398981
3,1,0.14785025087755327,0.04011415157616015,0.9910438099037578,blend_xgb_grid,pre,2025,2025_4,0.5248455507398981
1,1,0.2066338647323808,0.06918982251695742,0.5700378671220162,blend_xgb_grid,pre,2025,2025_5,0.5248455507398981
3,1,0.16888747313320845,0.0504130992940572,1.0,blend_xgb_grid,pre,2025,2025_6,0.5248455507398981
2,0,0.19477850659419269,0.06214849529752618,0.6270416538342178,blend_xgb_grid,pre,2025,2025_7,0.5248455507398981
2,0,0.21487012356858298,0.06941488465423944,0.6270416538342178,blend_xgb_grid,pre,2025,2025_8,0.5248455507398981
2,1,0.1823700548018025,0.05501789865983314,0.8289886398633951,blend_xgb_grid,pre,2025,2025_9,0.5248455507398981
0,0,0.3885890892144305,0.14569073627029927,0.0,blend_xgb_grid,pre,2026,2026_1,0.5248455507398981
2,1,0.2260438531753307,0.07556087322675935,0.7752514992859421,blend_xgb_grid,pre,2026,2026_10,0.5248455507398981
1,0,0.22285755913390712,0.07397059045172034,0.34202272027320973,blend_xgb_grid,pre,2026,2026_11,0.5248455507398981
2,0,0.20389835057110958,0.06641266470807038,0.5814386244644566,blend_xgb_grid,pre,2026,2026_12,0.5248455507398981
2,1,0.22171097274758828,0.07427192636190166,0.7752514992859421,blend_xgb_grid,pre,2026,2026_13,0.5248455507398981
1,1,0.21629778523585516,0.07226731368640894,0.5700378671220162,blend_xgb_grid,pre,2026,2026_14,0.5248455507398981
1,0,0.3210290761308602,0.11280063041557732,0.35965385102969294,blend_xgb_grid,pre,2026,2026_15,0.5248455507398981
2,0,0.23780752771789035,0.0746732663629406,0.7700811153575446,blend_xgb_grid,pre,2026,2026_2,0.5248455507398981
2,1,0.22723530351534824,0.07798427641692025,0.7410492272586211,blend_xgb_grid,pre,2026,2026_3,0.5248455507398981
2,1,0.2003316082680226,0.06776664110217635,0.7410492272586211,blend_xgb_grid,pre,2026,2026_4,0.5248455507398981
1,1,0.27898473614054425,0.09765740354855536,0.5700378671220162,blend_xgb_grid,pre,2026,2026_5,0.5248455507398981
1,1,0.31280735020711975,0.09788200777336752,0.5700378671220162,blend_xgb_grid,pre,2026,2026_6,0.5248455507398981
2,0,0.2744244793532675,0.09822574888241525,0.543969706302387,blend_xgb_grid,pre,2026,2026_7,0.5248455507398981
2,0,0.1827822236224711,0.05568785920484696,0.7016765713029027,blend_xgb_grid,pre,2026,2026_8,0.5248455507398981
2,0,0.2524673668932553,0.0885207547616035,0.42996213287798374,blend_xgb_grid,pre,2026,2026_9,0.5248455507398981
3,1,0.07579170718077152,0.011669457993691418,0.9910438099037578,blend_xgb_points,post,2021,2021_1,0.3875088691723635
1,0,0.31431468117108924,0.11060100329094982,0.35965385102969294,blend_xgb_points,post,2021,2021_10,0.3875088691723635
1,0,0.5138992805035612,0.14310061362321344,0.2589507727413789,blend_xgb_points,post,2021,2021_11,0.3875088691723635
2,0,0.3068882008339963,0.0638263560562521,0.7016765713029027,blend_xgb_points,post,2021,2021_12,0.3875088691723635
3,1,0.09983710285735184,0.021442420950248557,1.0,blend_xgb_points,post,2021,2021_13,0.3875088691723635
1,0,0.4425226532752635,0.15525274557747287,0.20521363216392585,blend_xgb_points,post,2021,2021_14,0.3875088691723635
2,0,0.21652303325631905,0.0690118367981788,0.6954461978888599,blend_xgb_points,post,2021,2021_15,0.3875088691723635
2,0,0.2354569579161107,0.07885344339883751,0.6954461978888599,blend_xgb_points,post,2021,2021_16,0.3875088691723635
2,1,0.15323367441898256,0.04383020977154724,0.8289886398633951,blend_xgb_points,post,2021,2021_17,0.3875088691723635
2,1,0.1396342130323188,0.040805684337730436,0.8289886398633951,blend_xgb_points,post,2021,2021_18,0.3875088691723635
3,0,0.13695495625591225,0.03668644990334328,0.9410924754941495,blend_xgb_points,post,2021,2021_19,0.3875088691723635
2,0,0.17337694900399653,0.05200549605517234,0.7700811153575446,blend_xgb_points,post,2021,2021_2,0.3875088691723635
2,1,0.22654180120281175,0.062110919062756606,0.8289886398633951,blend_xgb_points,post,2021,2021_20,0.3875088691723635
3,0,0.09817304624673134,0.022022652879236618,0.9410924754941495,blend_xgb_points,post,2021,2021_21,0.3875088691723635
2,1,0.20625951195490097,0.05930686024209758,0.8289886398633951,blend_xgb_points,post,2021,2021_22,0.3875088691723635
3,1,0.11054794096417278,0.026593353148092004,1.0,blend_xgb_points,post,2021,2021_3,0.3875088691723635
3,1,0.10534466368920492,0.02405762290589062,1.0,blend_xgb_points,post,2021,2021_4,0.3875088691723635
1,0,0.3346024522683487,0.12256289541993823,0.35965385102969294,blend_xgb_points,post,2021,2021_5,0.3875088691723635
0,0,0.6309572280757056,0.20011165309085924,0.0,blend_xgb_points,post,2021,2021_6,0.3875088691723635
3,1,0.12132784529813252,0.030091190155142833,1.0,blend_xgb_points,post,2021,2021_7,0.3875088691723635
2,1,0.1702563855834301,0.05211276668333727,0.8289886398633951,blend_xgb_points,post,2021,2021_8,0.3875088691723635
1,1,0.2478702348239726,0.0906581683986061,0.5700378671220162,blend_xgb_points,post,2021,2021_9,0.3875088691723635
1,0,0.2463098351841489,0.08768571775950837,0.21579231061781579,blend_xgb_points,post,2022,2022_1,0.3875088691723635
1,0,0.3184998883802943,0.11431605425354148,0.2589507727413789,blend_xgb_points,post,2022,2022_10,0.3875088691723635
2,0,0.23479465638125516,0.07872567544409678,0.7700811153575446,blend_xgb_points,post,2022,2022_11,0.3875088691723635
1,0,0.30372337783048425,0.11340119437913884,0.35965385102969294,blend_xgb_points,post,2022,2022_12,0.3875088691723635
2,0,0.2713166872186484,0.09350274053468764,0.5008112441788239,blend_xgb_points,post,2022,2022_13,0.3875088691723635
2,1,0.14326213463738735,0.04155195476542349,0.8289886398633951,blend_xgb_points,post,2022,2022_14,0.3875088691723635
2,1,0.19601982201502238,0.06537709294119373,0.785830177739832,blend_xgb_points,post,2022,2022_15,0.3875088691723635
3,1,0.13499865038282538,0.03668632253979326,1.0,blend_xgb_points,post,2022,2022_16,0.3875088691723635
2,0,0.2278826455024142,0.07914062386686212,0.543969706302387,blend_xgb_points,post,2022,2022_17,0.3875088691723635
3,1,0.12895023190330795,0.03578159816211328,0.9910438099037578,blend_xgb_points,post,2022,2022_18,0.3875088691723635
1,1,0.2108901351195612,0.0729718931491931,0.5700378671220162,blend_xgb_points,post,2022,2022_19,0.3875088691723635
2,0,0.1800694496297596,0.05356616441963713,0.6262195749456675,blend_xgb_points,post,2022,2022_2,0.3875088691723635
2,1,0.16866332380125365,0.053459160682754414,0.785830177739832,blend_xgb_points,post,2022,2022_20,0.3875088691723635
1,0,0.352308072401315,0.1282584851367974,0.2850189335610081,blend_xgb_points,post,2022,2022_21,0.3875088691723635
3,1,0.11778400909989654,0.02921599785954005,0.9910438099037578,blend_xgb_points,post,2022,2022_22,0.3875088691723635
1,1,0.282511191964718,0.10154719880750837,0.5700378671220162,blend_xgb_points,post,2022,2022_3,0.3875088691723635
1,0,0.34130339231059137,0.11506140506857228,0.35965385102969294,blend_xgb_points,post,2022,2022_4,0.3875088691723635
2,0,0.1262093600691405,0.03468061656530481,0.7700811153575446,blend_xgb_points,post,2022,2022_5,0.3875088691723635
1,0,0.26644545744218406,0.09395691481654606,0.35965385102969294,blend_xgb_points,post,2022,2022_6,0.3875088691723635
2,0,0.174746144018879,0.057666525199259557,0.6270416538342178,blend_xgb_points,post,2022,2022_7,0.3875088691723635
2,1,0.22690804269036255,0.07781288252021655,0.7752514992859421,blend_xgb_points,post,2022,2022_8,0.3875088691723635
2,1,0.18691867431220133,0.06006934741570221,0.8289886398633951,blend_xgb_points,post,2022,2022_9,0.3875088691723635
2,1,0.27418527807041626,0.07013209667505105,0.8289886398633951,blend_xgb_points,post,2023,2023_1,0.3875088691723635
2,1,0.25900432846515675,0.08243912305497147,0.785830177739832,blend_xgb_points,post,2023,2023_10,0.3875088691723635
2,1,0.23379799364090242,0.07957893990549553,0.7410492272586211,blend_xgb_points,post,2023,2023_11,0.3875088691723635
2,1,0.1811659384398132,0.05619821347868437,0.8289886398633951,blend_xgb_points,post,2023,2023_12,0.3875088691723635
1,1,0.39537448614973614,0.09879062357901158,0.5700378671220162,blend_xgb_points,post,2023,2023_13,0.3875088691723635
2,1,0.17285167037807492,0.052460346712632736,0.8289886398633951,blend_xgb_points,post,2023,2023_14,0.3875088691723635
1,0,0.36043299629253617,0.13070997315567875,0.2850189335610081,blend_xgb_points,post,2023,2023_15,0.3875088691723635
1,1,0.3214667043505311,0.10490337348172932,0.5700378671220162,blend_xgb_points,post,2023,2023_16,0.3875088691723635
1,1,0.37437389120791165,0.11763205159899433,0.5700378671220162,blend_xgb_points,post,2023,2023_17,0.3875088691723635
1,1,0.24497891254567977,0.08440346670406965,0.5700378671220162,blend_xgb_points,post,2023,2023_18,0.3875088691723635
1,1,0.1927211314383331,0.06553749848714116,0.5700378671220162,blend_xgb_points,post,2023,2023_19,0.3875088691723635
3,1,0.14730572860037444,0.04180800090281369,1.0,blend_xgb_points,post,2023,2023_2,0.3875088691723635
1,1,0.23595060561133324,0.07883014670968935,0.5700378671220162,blend_xgb_points,post,2023,2023_20,0.3875088691723635
2,1,0.17807759021330233,0.055197868993646856,0.785830177739832,blend_xgb_points,post,2023,2023_21,0.3875088691723635
1,1,0.2570090487585028,0.08617752815779774,0.5700378671220162,blend_xgb_points,post,2023,2023_22,0.3875088691723635
2,1,0.1839451203171279,0.0576828217013375,0.8289886398633951,blend_xgb_points,post,2023,2023_3,0.3875088691723635
2,0,0.17579982559429003,0.05235308083178074,0.7700811153575446,blend_xgb_points,post,2023,2023_4,0.3875088691723635
3,0,0.10937767487038477,0.025445865413781014,0.9410924754941495,blend_xgb_points,post,2023,2023_5,0.3875088691723635
2,1,0.24819310860181396,0.07052880263142537,0.8289886398633951,blend_xgb_points,post,2023,2023_6,0.3875088691723635
2,1,0.2202105125465891,0.07064791144938708,0.8289886398633951,blend_xgb_points,post,2023,2023_7,0.3875088691723635
3,1,0.12302409691182328,0.03234072206305429,1.0,blend_xgb_points,post,2023,2023_8,0.3875088691723635
2,1,0.2006673430217206,0.06579115115316553,0.7410492272586211,blend_xgb_points,post,2023,2023_9,0.3875088691723635
2,1,0.18657829844813162,0.059976421353338194,0.8289886398633951,blend_xgb_points,post,2024,2024_1,0.3875088691723635
2,1,0.1953118267932527,0.059211506983933605,0.8289886398633951,blend_xgb_points,post,2024,2024_10,0.3875088691723635
0,0,0.4069719018224764,0.1529539701968327,0.0,blend_xgb_points,post,2024,2024_11,0.3875088691723635
2,0,0.18378502277693218,0.05563671664698429,0.6262195749456675,blend_xgb_points,post,2024,2024_12,0.3875088691723635
2,0,0.3296451888106345,0.1132072456127535,0.543969706302387,blend_xgb_points,post,2024,2024_13,0.3875088691723635
1,0,0.29920938729903873,0.10998899594443408,0.17101136013660487,blend_xgb_points,post,2024,2024_14,0.3875088691723635
2,0,0.14649997617417343,0.041572782847295715,0.7700811153575446,blend_xgb_points,post,2024,2024_15,0.3875088691723635
2,0,0.19725056313505201,0.06479235684652246,0.5472363524371356,blend_xgb_points,post,2024,2024_16,0.3875088691723635
2,0,0.28368965217797176,0.09413923078797386,0.543969706302387,blend_xgb_points,post,2024,2024_17,0.3875088691723635
3,0,0.12269568383800164,0.030266577895671894,0.9410924754941495,blend_xgb_points,post,2024,2024_18,0.3875088691723635
2,0,0.25369846817735026,0.0876625895902253,0.5008112441788239,blend_xgb_points,post,2024,2024_19,0.3875088691723635
3,1,0.11420111008659946,0.027178877370999804,1.0,blend_xgb_points,post,2024,2024_2,0.3875088691723635
2,0,0.20001682793667502,0.06737206930555531,0.42996213287798374,blend_xgb_points,post,2024,2024_20,0.3875088691723635
1,0,0.7473193463887516,0.16798673411085563,0.35965385102969294,blend_xgb_points,post,2024,2024_21,0.3875088691723635
0,0,0.37521027426978576,0.13901802430824622,0.0,blend_xgb_points,post,2024,2024_22,0.3875088691723635
2,1,0.20445536193252342,0.06849962994667222,0.7752514992859421,blend_xgb_points,post,2024,2024_23,0.3875088691723635
1,0,0.24873118431738667,0.0903021534200832,0.35965385102969294,blend_xgb_points,post,2024,2024_24,0.3875088691723635
1,0,0.41890669890144894,0.1434265967797736,0.20521363216392585,blend_xgb_points,post,2024,2024_3,0.3875088691723635
3,1,0.13357259169690675,0.036265217548883656,1.0,blend_xgb_points,post,2024,2024_4,0.3875088691723635
2,1,0.15965827803416444,0.04733210929623726,0.785830177739832,blend_xgb_points,post,2024,2024_5,0.3875088691723635
2,0,0.20536358323707643,0.06949643864577724,0.5814386244644566,blend_xgb_points,post,2024,2024_6,0.3875088691723635
3,1,0.14653376946902594,0.04281027783472577,0.9910438099037578,blend_xgb_points,post,2024,2024_7,0.3875088691723635
1,1,0.2543050244343826,0.09154791906354376,0.5700378671220162,blend_xgb_points,post,2024,2024_8,0.3875088691723635
2,1,0.17164030727234805,0.05068315916845423,0.8289886398633951,blend_xgb_points,post,2024,2024_9,0.3875088691723635
1,1,0.24184867266143267,0.08643364850585486,0.5700378671220162,blend_xgb_points,post,2025,2025_1,0.41804122835926455
2,0,0.2746882961323596,0.0969663879252577,0.543969706302387,blend_xgb_points,post,2025,2025_10,0.41804122835926455
3,1,0.12780947036028903,0.03454955069664968,1.0,blend_xgb_points,post,2025,2025_11,0.41804122835926455
2,0,0.3633801986530244,0.08297049051845613,0.7700811153575446,blend_xgb_points,post,2025,2025_12,0.41804122835926455
2,0,0.14318319995668694,0.044015906315297025,0.7700811153575446,blend_xgb_points,post,2025,2025_13,0.41804122835926455
2,0,0.13316042645209009,0.039717891838025376,0.7700811153575446,blend_xgb_points,post,2025,2025_14,0.41804122835926455
2,1,0.3278539470530576,0.09821571699167347,0.7752514992859421,blend_xgb_points,post,2025,2025_15,0.41804122835926455
3,0,0.09665906088888686,0.021100267905848846,0.9112385085066755,blend_xgb_points,post,2025,2025_16,0.41804122835926455
1,0,0.4508305833421661,0.1359467627749115,0.2850189335610081,blend_xgb_points,post,2025,2025_17,0.41804122835926455
2,0,0.1847768017330093,0.05975756616587965,0.543969706302387,blend_xgb_points,post,2025,2025_18,0.41804122835926455
2,1,0.19180587946390737,0.06393480187133511,0.8289886398633951,blend_xgb_points,post,2025,2025_19,0.41804122835926455
2,0,0.18762955009118906,0.06156379074605136,0.5814386244644566,blend_xgb_points,post,2025,2025_2,0.41804122835926455
2,1,0.178656489972513,0.05676924965791406,0.785830177739832,blend_xgb_points,post,2025,2025_20,0.41804122835926455
1,1,0.2500444069592739,0.08974383749663002,0.5700378671220162,blend_xgb_points,post,2025,2025_21,0.41804122835926455
1,0,0.39012408562136214,0.12709827635270624,0.35965385102969294,blend_xgb_points,post,2025,2025_22,0.41804122835926455
2,0,0.3655968144200728,0.10292274450374632,0.543969706302387,blend_xgb_points,post,2025,2025_23,0.41804122835926455
3,1,0.09850657797789483,0.02357770760336039,0.9910438099037578,blend_xgb_points,post,2025,2025_24,0.41804122835926455
3,0,0.12236872482245369,0.033552107387992594,0.9410924754941495,blend_xgb_points,post,2025,2025_3,0.41804122835926455
2,1,0.15388770379807576,0.046066355879698456,0.785830177739832,blend_xgb_points,post,2025,2025_4,0.41804122835926455
2,1,0.20392843498901442,0.06790260865718652,0.8289886398633951,blend_xgb_points,post,2025,2025_5,0.41804122835926455
2,1,0.18569394016853824,0.060164152687640624,0.8289886398633951,blend_xgb_points,post,2025,2025_6,0.41804122835926455
2,0,0.1283416398691617,0.03646579191515011,0.7016765713029027,blend_xgb_points,post,2025,2025_7,0.41804122835926455
2,0,0.12715453543083702,0.03583882461362121,0.7016765713029027,blend_xgb_points,post,2025,2025_8,0.41804122835926455
2,1,0.19420672359685756,0.06264699637730016,0.8289886398633951,blend_xgb_points,post,2025,2025_9,0.41804122835926455
1,1,0.23234291625576217,0.07952183996097398,0.5700378671220162,blend_xgb_points,post,2026,2026_1,0.41804122835926455
1,1,0.2008738676734647,0.06720537743014401,0.5700378671220162,blend_xgb_points,post,2026,2026_10,0.41804122835926455
1,0,0.22522266102868785,0.0777824110977067,0.34202272027320973,blend_xgb_points,post,2026,2026_11,0.41804122835926455
2,0,0.16316591024712113,0.049133468474354576,0.6262195749456675,blend_xgb_points,post,2026,2026_12,0.41804122835926455
2,0,0.2155088934889485,0.07056715508837964,0.7700811153575446,blend_xgb_points,post,2026,2026_13,0.41804122835926455
2,1,0.1793004281303994,0.057570685894682685,0.785830177739832,blend_xgb_points,post,2026,2026_14,0.41804122835926455
1,1,0.2868569988635957,0.09675804717987152,0.5700378671220162,blend_xgb_points,post,2026,2026_15,0.41804122835926455
2,0,0.13978308417565585,0.040366114166923775,0.7700811153575446,blend_xgb_points,post,2026,2026_2,0.41804122835926455
2,1,0.27697451200856266,0.08823023865490033,0.7410492272586211,blend_xgb_points,post,2026,2026_3,0.41804122835926455
1,1,0.2236835765142124,0.0763678971701732,0.5700378671220162,blend_xgb_points,post,2026,2026_4,0.41804122835926455
1,1,0.2725312921830661,0.09728403886065773,0.5700378671220162,blend_xgb_points,post,2026,2026_5,0.41804122835926455
2,1,0.2687808602494433,0.07880286269443139,0.8289886398633951,blend_xgb_points,post,2026,2026_6,0.41804122835926455
2,0,0.2059416050856682,0.06903945071295911,0.543969706302387,blend_xgb_points,post,2026,2026_7,0.41804122835926455
2,0,0.20464140003826595,0.06574344770304129,0.7016765713029027,blend_xgb_points,post,2026,2026_8,0.41804122835926455
2,0,0.23156088025051672,0.07919203354886996,0.42100594278174164,blend_xgb_points,post,2026,2026_9,0.41804122835926455
3,1,0.11830372830023964,0.028730997453385414,0.9910438099037578,blend_xgb_points,pre,2021,2021_1,0.4509792743102106
1,0,0.3028205854500356,0.10655704582135772,0.35965385102969294,blend_xgb_points,pre,2021,2021_10,0.4509792743102106
1,0,0.4695697670837908,0.13592338039857987,0.2589507727413789,blend_xgb_points,pre,2021,2021_11,0.4509792743102106
2,0,0.38447595958024855,0.07294828034153844,0.7016765713029027,blend_xgb_points,pre,2021,2021_12,0.4509792743102106
3,1,0.13457486742565183,0.03310534734740886,1.0,blend_xgb_points,pre,2021,2021_13,0.4509792743102106
1,0,0.39777254302082343,0.13610908148579337,0.17101136013660487,blend_xgb_points,pre,2021,2021_14,0.4509792743102106
2,1,0.21850603885491102,0.06397701883762782,0.8289886398633951,blend_xgb_points,pre,2021,2021_15,0.4509792743102106
2,0,0.2598153208202959,0.08835205127083726,0.543969706302387,blend_xgb_points,pre,2021,2021_16,0.4509792743102106
2,1,0.1721579228313616,0.050556030347289296,0.8289886398633951,blend_xgb_points,pre,2021,2021_17,0.4509792743102106
2,1,0.15426114763449314,0.04369014671259712,0.8289886398633951,blend_xgb_points,pre,2021,2021_18,0.4509792743102106
3,0,0.13950539551614238,0.03621923482683307,0.9410924754941495,blend_xgb_points,pre,2021,2021_19,0.4509792743102106
2,0,0.20132473123338804,0.0625261430606516,0.7700811153575446,blend_xgb_points,pre,2021,2021_2,0.4509792743102106
2,1,0.2903297948026404,0.07360400280290545,0.8289886398633951,blend_xgb_points,pre,2021,2021_20,0.4509792743102106
3,0,0.13727555727342097,0.034305928499497956,0.9410924754941495,blend_xgb_points,pre,2021,2021_21,0.4509792743102106
2,0,0.22353756171398334,0.06672841131625809,0.7700811153575446,blend_xgb_points,pre,2021,2021_22,0.4509792743102106
3,1,0.13965139209804026,0.036170311938729514,1.0,blend_xgb_points,pre,2021,2021_3,0.4509792743102106
3,1,0.1238054503449062,0.029484058771489564,1.0,blend_xgb_points,pre,2021,2021_4,0.4509792743102106
1,0,0.38752911953663216,0.13459852577186732,0.35965385102969294,blend_xgb_points,pre,2021,2021_5,0.4509792743102106
0,0,0.6186914240278397,0.19568410740708828,0.0,blend_xgb_points,pre,2021,2021_6,0.4509792743102106
3,1,0.14898148132821037,0.03853500968892791,1.0,blend_xgb_points,pre,2021,2021_7,0.4509792743102106
2,1,0.1755495020009399,0.052102936149147946,0.8289886398633951,blend_xgb_points,pre,2021,2021_8,0.4509792743102106
1,1,0.26243108857290803,0.09304606214071207,0.5700378671220162,blend_xgb_points,pre,2021,2021_9,0.4509792743102106
1,0,0.2991504239595327,0.10588524865403603,0.34202272027320973,blend_xgb_points,pre,2022,2022_1,0.4509792743102106
2,0,0.2710860055826297,0.09588882191178363,0.543969706302387,blend_xgb_points,pre,2022,2022_10,0.4509792743102106
2,0,0.2406913187871961,0.08330970729528533,0.6954461978888599,blend_xgb_points,pre,2022,2022_11,0.4509792743102106
1,0,0.29474575552111454,0.1071419813494999,0.35965385102969294,blend_xgb_points,pre,2022,2022_12,0.4509792743102106
1,0,0.293640931646609,0.10743664361411634,0.35965385102969294,blend_xgb_points,pre,2022,2022_13,0.4509792743102106
2,1,0.19074400738803518,0.05988246209541637,0.8289886398633951,blend_xgb_points,pre,2022,2022_14,0.4509792743102106
2,1,0.22284309614175282,0.07545282148842787,0.7410492272586211,blend_xgb_points,pre,2022,2022_15,0.4509792743102106
2,1,0.19202839527551302,0.06174137468601054,0.7752514992859421,blend_xgb_points,pre,2022,2022_16,0.4509792743102106
1,0,0.27678016026316954,0.09960455416928007,0.2589507727413789,blend_xgb_points,pre,2022,2022_17,0.4509792743102106
3,1,0.13994017869026562,0.037954679424769586,1.0,blend_xgb_points,pre,2022,2022_18,0.4509792743102106
2,1,0.23616590919222022,0.08086670205633631,0.7410492272586211,blend_xgb_points,pre,2022,2022_19,0.4509792743102106
2,0,0.22756867575917883,0.07414089547104932,0.42996213287798374,blend_xgb_points,pre,2022,2022_2,0.4509792743102106
2,1,0.1821434910759067,0.05641104631248868,0.785830177739832,blend_xgb_points,pre,2022,2022_20,0.4509792743102106
0,0,0.36752973788999777,0.140718674681654,0.0,blend_xgb_points,pre,2022,2022_21,0.4509792743102106
3,1,0.15525168335378375,0.04389787897150292,0.9910438099037578,blend_xgb_points,pre,2022,2022_22,0.4509792743102106
1,1,0.29754649670312755,0.10774544806562651,0.5700378671220162,blend_xgb_points,pre,2022,2022_3,0.4509792743102106
1,0,0.37942993322804197,0.12793065522290564,0.35965385102969294,blend_xgb_points,pre,2022,2022_4,0.4509792743102106
2,1,0.15680084417848497,0.04638171999570441,0.8289886398633951,blend_xgb_points,pre,2022,2022_5,0.4509792743102106
2,0,0.2556897341574303,0.08848575458509064,0.5648674831936188,blend_xgb_points,pre,2022,2022_6,0.4509792743102106
2,0,0.19181689570609214,0.06233727166917276,0.6270416538342178,blend_xgb_points,pre,2022,2022_7,0.4509792743102106
2,1,0.20952885035599816,0.06920779352511365,0.7752514992859421,blend_xgb_points,pre,2022,2022_8,0.4509792743102106
1,1,0.27269973552545546,0.09647503977238528,0.5700378671220162,blend_xgb_points,pre,2022,2022_9,0.4509792743102106
2,1,0.3310602279211767,0.08249075588146434,0.8289886398633951,blend_xgb_points,pre,2023,2023_1,0.4509792743102106
1,1,0.3269145075245,0.09602022501274224,0.5700378671220162,blend_xgb_points,pre,2023,2023_10,0.4509792743102106
2,1,0.26763521312213207,0.08049470914165147,0.785830177739832,blend_xgb_points,pre,2023,2023_11,0.4509792743102106
2,1,0.2180319900560434,0.06782822797019618,0.8289886398633951,blend_xgb_points,pre,2023,2023_12,0.4509792743102106
1,1,0.3741693003723262,0.10226840226616937,0.5700378671220162,blend_xgb_points,pre,2023,2023_13,0.4509792743102106
2,1,0.20985459997779513,0.06360308480653887,0.8289886398633951,blend_xgb_points,pre,2023,2023_14,0.4509792743102106
0,0,0.44418348525106827,0.15602071023615713,0.0,blend_xgb_points,pre,2023,2023_15,0.4509792743102106
1,1,0.4141591844235763,0.12209176491694415,0.5700378671220162,blend_xgb_points,pre,2023,2023_16,0.4509792743102106
1,1,0.35914401827510706,0.11337167105544887,0.5700378671220162,blend_xgb_points,pre,2023,2023_17,0.4509792743102106
1,1,0.26241622483915883,0.08638021103596161,0.5700378671220162,blend_xgb_points,pre,2023,2023_18,0.4509792743102106
2,1,0.23381511624208176,0.07634357074538989,0.7752514992859421,blend_xgb_points,pre,2023,2023_19,0.4509792743102106
2,0,0.17642005066288247,0.05194617399976591,0.7700811153575446,blend_xgb_points,pre,2023,2023_2,0.4509792743102106
1,1,0.2957580359514082,0.09922416352342076,0.5700378671220162,blend_xgb_points,pre,2023,2023_20,0.4509792743102106
2,1,0.2141504001675711,0.0668277494823613,0.785830177739832,blend_xgb_points,pre,2023,2023_21,0.4509792743102106
1,1,0.2744007992237434,0.0927228544152291,0.5700378671220162,blend_xgb_points,pre,2023,2023_22,0.4509792743102106
1,0,0.2681023009933689,0.09405894983386269,0.35965385102969294,blend_xgb_points,pre,2023,2023_3,0.4509792743102106
2,0,0.24367133534436877,0.07506582922098584,0.7700811153575446,blend_xgb_points,pre,2023,2023_4,0.4509792743102106
3,1,0.15136215533790545,0.04116809900708302,1.0,blend_xgb_points,pre,2023,2023_5,0.4509792743102106
2,1,0.347499908773542,0.0980046738112548,0.7752514992859421,blend_xgb_points,pre,2023,2023_6,0.4509792743102106
1,1,0.24077650109405302,0.08187151401567422,0.5700378671220162,blend_xgb_points,pre,2023,2023_7,0.4509792743102106
2,1,0.1997711640182061,0.0641784210155796,0.7410492272586211,blend_xgb_points,pre,2023,2023_8,0.4509792743102106
2,1,0.2252969676725888,0.07123525267502875,0.785830177739832,blend_xgb_points,pre,2023,2023_9,0.4509792743102106
2,1,0.18212599909220434,0.05346167890834541,0.8289886398633951,blend_xgb_points,pre,2024,2024_1,0.4865125544090533
2,1,0.2527671498576571,0.07733249637086013,0.8289886398633951,blend_xgb_points,pre,2024,2024_10,0.4865125544090533
0,0,0.38069687380822337,0.14133429606949083,0.0,blend_xgb_points,pre,2024,2024_11,0.4865125544090533
2,0,0.24154682484319653,0.0752364376441505,0.6262195749456675,blend_xgb_points,pre,2024,2024_12,0.4865125544090533
1,0,0.3184711842208274,0.11178858674639033,0.2589507727413789,blend_xgb_points,pre,2024,2024_13,0.4865125544090533
1,0,0.32613535695466384,0.11971829371094875,0.17101136013660487,blend_xgb_points,pre,2024,2024_14,0.4865125544090533
3,0,0.16664978474384257,0.04663087479440327,0.9410924754941495,blend_xgb_points,pre,2024,2024_15,0.4865125544090533
2,0,0.23100884685007667,0.07769989593381407,0.42100594278174164,blend_xgb_points,pre,2024,2024_16,0.4865125544090533
1,0,0.31196696142647573,0.11069571522104409,0.2850189335610081,blend_xgb_points,pre,2024,2024_17,0.4865125544090533
3,0,0.16296516830842706,0.04471399150830493,0.9410924754941495,blend_xgb_points,pre,2024,2024_18,0.4865125544090533
1,0,0.2766288694940819,0.09767302262249686,0.21579231061781579,blend_xgb_points,pre,2024,2024_19,0.4865125544090533
3,1,0.14329264403951048,0.03654644097805336,1.0,blend_xgb_points,pre,2024,2024_2,0.4865125544090533
2,0,0.23402705397558413,0.07900317245256777,0.5814386244644566,blend_xgb_points,pre,2024,2024_20,0.4865125544090533
1,1,0.673281362451881,0.1490740415195938,0.5700378671220162,blend_xgb_points,pre,2024,2024_21,0.4865125544090533
0,0,0.4399094349749319,0.1654121312485362,0.0,blend_xgb_points,pre,2024,2024_22,0.4865125544090533
2,0,0.210289949083114,0.06792858668215776,0.7700811153575446,blend_xgb_points,pre,2024,2024_23,0.4865125544090533
2,0,0.24561831688460795,0.08452715292601462,0.5306652111662978,blend_xgb_points,pre,2024,2024_24,0.4865125544090533
1,0,0.398713020044096,0.14385776964700145,0.20521363216392585,blend_xgb_points,pre,2024,2024_3,0.4865125544090533
2,1,0.1726527200720281,0.05101997299605432,0.8289886398633951,blend_xgb_points,pre,2024,2024_4,0.4865125544090533
2,1,0.19010688593173547,0.05759459613946829,0.785830177739832,blend_xgb_points,pre,2024,2024_5,0.4865125544090533
2,0,0.21251919317707654,0.06885757422313676,0.5814386244644566,blend_xgb_points,pre,2024,2024_6,0.4865125544090533
2,1,0.20718287132137309,0.06759994133298466,0.7410492272586211,blend_xgb_points,pre,2024,2024_7,0.4865125544090533
1,0,0.3160466645657302,0.11447111590974812,0.35965385102969294,blend_xgb_points,pre,2024,2024_8,0.4865125544090533
2,1,0.2588528399972168,0.08400232447873364,0.7752514992859421,blend_xgb_points,pre,2024,2024_9,0.4865125544090533
1,0,0.289822162214944,0.10475077503756484,0.35965385102969294,blend_xgb_points,pre,2025,2025_1,0.4865125544090533
1,0,0.3670231654129606,0.13277150589476844,0.20521363216392585,blend_xgb_points,pre,2025,2025_10,0.4865125544090533
2,0,0.1789032565601692,0.054852242302340946,0.7700811153575446,blend_xgb_points,pre,2025,2025_11,0.4865125544090533
2,0,0.3171275749087871,0.07276290911895586,0.7700811153575446,blend_xgb_points,pre,2025,2025_12,0.4865125544090533
2,0,0.1752107380332094,0.052633798435000545,0.7700811153575446,blend_xgb_points,pre,2025,2025_13,0.4865125544090533
2,0,0.1533305517632457,0.044258714178060585,0.7700811153575446,blend_xgb_points,pre,2025,2025_14,0.4865125544090533
1,1,0.41341900164494805,0.11533572062698136,0.5700378671220162,blend_xgb_points,pre,2025,2025_15,0.4865125544090533
3,0,0.1319444592021345,0.03585740611525882,0.9112385085066755,blend_xgb_points,pre,2025,2025_16,0.4865125544090533
1,0,0.5704948529326317,0.16458719236702657,0.2850189335610081,blend_xgb_points,pre,2025,2025_17,0.4865125544090533
2,0,0.2231509234133397,0.07540604965421423,0.42100594278174164,blend_xgb_points,pre,2025,2025_18,0.4865125544090533
2,0,0.2540060052128891,0.08787862779715841,0.543969706302387,blend_xgb_points,pre,2025,2025_19,0.4865125544090533
2,0,0.1995170605488959,0.06389486789467844,0.5814386244644566,blend_xgb_points,pre,2025,2025_2,0.4865125544090533
2,0,0.23605953072944316,0.08066518254960617,0.5306652111662978,blend_xgb_points,pre,2025,2025_20,0.4865125544090533
2,1,0.24579149659936142,0.07885401926650207,0.7410492272586211,blend_xgb_points,pre,2025,2025_21,0.4865125544090533
1,0,0.3385161393272164,0.12448951345575436,0.2850189335610081,blend_xgb_points,pre,2025,2025_22,0.4865125544090533
2,0,0.399396939595333,0.11494948947603248,0.5648674831936188,blend_xgb_points,pre,2025,2025_23,0.4865125544090533
3,0,0.11976419765657124,0.028470209263714925,0.9068902034668286,blend_xgb_points,pre,2025,2025_24,0.4865125544090533
2,0,0.15808091718585363,0.047834592862621775,0.5814386244644566,blend_xgb_points,pre,2025,2025_3,0.4865125544090533
2,0,0.1583345493322085,0.045964017467641914,0.7016765713029027,blend_xgb_points,pre,2025,2025_4,0.4865125544090533
2,1,0.23061032633226905,0.0790797662271552,0.7752514992859421,blend_xgb_points,pre,2025,2025_5,0.4865125544090533
2,1,0.16345893861751631,0.048300013152669616,0.8289886398633951,blend_xgb_points,pre,2025,2025_6,0.4865125544090533
2,0,0.1631970291878729,0.04796362900537338,0.7016765713029027,blend_xgb_points,pre,2025,2025_7,0.4865125544090533
2,0,0.1995592882060616,0.06314912947555153,0.7016765713029027,blend_xgb_points,pre,2025,2025_8,0.4865125544090533
2,1,0.1850577109222145,0.0559222366019292,0.8289886398633951,blend_xgb_points,pre,2025,2025_9,0.4865125544090533
0,0,0.3403772600753811,0.12717818772365627,0.0,blend_xgb_points,pre,2026,2026_1,0.4865125544090533
1,1,0.2395821621740641,0.08055849711668751,0.5700378671220162,blend_xgb_points,pre,2026,2026_10,0.4865125544090533
1,0,0.24328744638077504,0.08267055234522963,0.34202272027320973,blend_xgb_points,pre,2026,2026_11,0.4865125544090533
2,0,0.20063675735608835,0.06521402546936156,0.5814386244644566,blend_xgb_points,pre,2026,2026_12,0.4865125544090533
2,1,0.21576291628663855,0.07082347910962242,0.7752514992859421,blend_xgb_points,pre,2026,2026_13,0.4865125544090533
1,1,0.22487288025328966,0.07571964302613764,0.5700378671220162,blend_xgb_points,pre,2026,2026_14,0.4865125544090533
1,0,0.32749134497869725,0.11396107316245695,0.35965385102969294,blend_xgb_points,pre,2026,2026_15,0.4865125544090533
2,0,0.18811464518506868,0.05752179347762669,0.7700811153575446,blend_xgb_points,pre,2026,2026_2,0.4865125544090533
2,1,0.29337049549284877,0.09185743159008374,0.7410492272586211,blend_xgb_points,pre,2026,2026_3,0.4865125544090533
1,1,0.2239976353757069,0.07752283780455115,0.5700378671220162,blend_xgb_points,pre,2026,2026_4,0.4865125544090533
1,1,0.2665357994194222,0.09259126436957436,0.5700378671220162,blend_xgb_points,pre,2026,2026_5,0.4865125544090533
1,1,0.3039751500643913,0.09105294799498954,0.5700378671220162,blend_xgb_points,pre,2026,2026_6,0.4865125544090533
2,0,0.25937320167548417,0.09144656273209387,0.5648674831936188,blend_xgb_points,pre,2026,2026_7,0.4865125544090533
2,0,0.20547831961838245,0.06469011923625637,0.7016765713029027,blend_xgb_points,pre,2026,2026_8,0.4865125544090533
2,0,0.2471819903789803,0.08547242251202067,0.42996213287798374,blend_xgb_points,pre,2026,2026_9,0.4865125544090533
3,0,0.06993390791692136,0.010087876843872504,0.9112385085066755,lgb_podium_clf,post,2021,2021_1,1.5175956580880485
2,0,0.22101000245085492,0.07263404872354572,0.5008112441788239,lgb_podium_clf,post,2021,2021_10,1.5175956580880485
1,0,0.5064725683381647,0.15581040602284327,0.20521363216392585,lgb_podium_clf,post,2021,2021_11,1.5175956580880485
2,1,0.23530561292358895,0.05667406477054745,0.785830177739832,lgb_podium_clf,post,2021,2021_12,1.5175956580880485
3,0,0.10874805680017419,0.021182699776123564,0.9410924754941495,lgb_podium_clf,post,2021,2021_13,1.5175956580880485
1,0,0.3709553519591811,0.1300146589351023,0.2850189335610081,lgb_podium_clf,post,2021,2021_14,1.5175956580880485
2,0,0.29672296781906515,0.09835504777037794,0.5008112441788239,lgb_podium_clf,post,2021,2021_15,1.5175956580880485
2,1,0.32741661277374134,0.08809022899773668,0.8289886398633951,lgb_podium_clf,post,2021,2021_16,1.5175956580880485
3,1,0.12859957129351746,0.030051678385571427,1.0,lgb_podium_clf,post,2021,2021_17,1.5175956580880485
2,0,0.14228077340279688,0.04134182399524098,0.7700811153575446,lgb_podium_clf,post,2021,2021_18,1.5175956580880485
2,0,0.1772375628310445,0.0559710215268403,0.6262195749456675,lgb_podium_clf,post,2021,2021_19,1.5175956580880485
2,0,0.24414439572636368,0.06700992343620579,0.7700811153575446,lgb_podium_clf,post,2021,2021_2,1.5175956580880485
2,1,0.20205007737218428,0.06135985514451118,0.8289886398633951,lgb_podium_clf,post,2021,2021_20,1.5175956580880485
3,1,0.07593603704780134,0.013814520129758895,1.0,lgb_podium_clf,post,2021,2021_21,1.5175956580880485
2,1,0.21788693543359217,0.05910693873357935,0.8289886398633951,lgb_podium_clf,post,2021,2021_22,1.5175956580880485
3,1,0.10584453006606956,0.025948548033037512,0.9910438099037578,lgb_podium_clf,post,2021,2021_3,1.5175956580880485
3,1,0.06321439295568435,0.00905611194359868,0.9910438099037578,lgb_podium_clf,post,2021,2021_4,1.5175956580880485
1,1,0.34236159511072317,0.11750711432549563,0.5700378671220162,lgb_podium_clf,post,2021,2021_5,1.5175956580880485
0,0,0.6826280638850417,0.21154201388542204,0.0,lgb_podium_clf,post,2021,2021_6,1.5175956580880485
3,1,0.12567243903900832,0.032115750940882475,0.9910438099037578,lgb_podium_clf,post,2021,2021_7,1.5175956580880485
2,1,0.21424951415890217,0.07122134994157613,0.7752514992859421,lgb_podium_clf,post,2021,2021_8,1.5175956580880485
1,1,0.2938777969176881,0.1070391174485699,0.5700378671220162,lgb_podium_clf,post,2021,2021_9,1.5175956580880485
2,0,0.24689708337633726,0.08099946110918535,0.5648674831936188,lgb_podium_clf,post,2022,2022_1,1.5175956580880485
1,1,0.227199486177368,0.08278111200142409,0.5700378671220162,lgb_podium_clf,post,2022,2022_10,1.5175956580880485
2,0,0.2806530566732067,0.09451765029777759,0.5648674831936188,lgb_podium_clf,post,2022,2022_11,1.5175956580880485
1,0,0.31773062494410026,0.11541501415470748,0.20521363216392585,lgb_podium_clf,post,2022,2022_12,1.5175956580880485
1,0,0.25384496637696496,0.08949908025568054,0.34202272027320973,lgb_podium_clf,post,2022,2022_13,1.5175956580880485
3,0,0.1558685988464779,0.045572320243684475,0.9410924754941495,lgb_podium_clf,post,2022,2022_14,1.5175956580880485
1,1,0.25851678116924426,0.09377721456964443,0.5700378671220162,lgb_podium_clf,post,2022,2022_15,1.5175956580880485
3,0,0.09482696915526215,0.019223001858478028,0.9410924754941495,lgb_podium_clf,post,2022,2022_16,1.5175956580880485
2,1,0.2164306317791768,0.07604470350044232,0.7752514992859421,lgb_podium_clf,post,2022,2022_17,1.5175956580880485
2,1,0.13029326542772585,0.03917664849746069,0.785830177739832,lgb_podium_clf,post,2022,2022_18,1.5175956580880485
1,1,0.23477624531752692,0.08450479715808465,0.5700378671220162,lgb_podium_clf,post,2022,2022_19,1.5175956580880485
2,0,0.14097635094778332,0.04152755174437624,0.5814386244644566,lgb_podium_clf,post,2022,2022_2,1.5175956580880485
2,1,0.1619849048614187,0.0538624057793214,0.7410492272586211,lgb_podium_clf,post,2022,2022_20,1.5175956580880485
1,0,0.358919807781489,0.12546177786061602,0.20521363216392585,lgb_podium_clf,post,2022,2022_21,1.5175956580880485
3,1,0.10144338851902399,0.022183170759342914,1.0,lgb_podium_clf,post,2022,2022_22,1.5175956580880485
2,1,0.31640032564744897,0.09258101109187936,0.7752514992859421,lgb_podium_clf,post,2022,2022_3,1.5175956580880485
2,0,0.28416355999393766,0.09403323262569663,0.5648674831936188,lgb_podium_clf,post,2022,2022_4,1.5175956580880485
2,0,0.16194674048549543,0.050219779654398854,0.7700811153575446,lgb_podium_clf,post,2022,2022_5,1.5175956580880485
1,0,0.3516053524958522,0.12185132344441303,0.35965385102969294,lgb_podium_clf,post,2022,2022_6,1.5175956580880485
2,1,0.16722294674144467,0.05294816085038986,0.7752514992859421,lgb_podium_clf,post,2022,2022_7,1.5175956580880485
2,0,0.2169716412972203,0.0727740943215688,0.7700811153575446,lgb_podium_clf,post,2022,2022_8,1.5175956580880485
2,1,0.16109431160922197,0.05016496399156929,0.8289886398633951,lgb_podium_clf,post,2022,2022_9,1.5175956580880485
2,1,0.33611741656619193,0.08232661927029525,0.8289886398633951,lgb_podium_clf,post,2023,2023_1,1.5175956580880485
2,1,0.20399070774670963,0.0666311870063437,0.7752514992859421,lgb_podium_clf,post,2023,2023_10,1.5175956580880485
2,0,0.24309527773633716,0.08352544479107135,0.5648674831936188,lgb_podium_clf,post,2023,2023_11,1.5175956580880485
2,0,0.13129964541847233,0.03874610237901412,0.7700811153575446,lgb_podium_clf,post,2023,2023_12,1.5175956580880485
1,1,0.4125623748024861,0.10917569008040928,0.5700378671220162,lgb_podium_clf,post,2023,2023_13,1.5175956580880485
2,1,0.15298386565989647,0.04844919818326365,0.7752514992859421,lgb_podium_clf,post,2023,2023_14,1.5175956580880485
1,0,0.29905117336077647,0.10666399178705885,0.35965385102969294,lgb_podium_clf,post,2023,2023_15,1.5175956580880485
2,1,0.20284102421414577,0.0692949514864654,0.7752514992859421,lgb_podium_clf,post,2023,2023_16,1.5175956580880485
1,1,0.39383434129630945,0.12996011072686836,0.5700378671220162,lgb_podium_clf,post,2023,2023_17,1.5175956580880485
2,1,0.21553988061009596,0.0657037175741641,0.8289886398633951,lgb_podium_clf,post,2023,2023_18,1.5175956580880485
2,1,0.24241127568652496,0.07990419593893466,0.7410492272586211,lgb_podium_clf,post,2023,2023_19,1.5175956580880485
2,1,0.23737946182794892,0.08207474157847557,0.7752514992859421,lgb_podium_clf,post,2023,2023_2,1.5175956580880485
1,1,0.2405844045610423,0.08027242012083315,0.5700378671220162,lgb_podium_clf,post,2023,2023_20,1.5175956580880485
2,1,0.2190204545433084,0.06224651502790216,0.8289886398633951,lgb_podium_clf,post,2023,2023_21,1.5175956580880485
2,1,0.20674324878239303,0.06620898401259269,0.8289886398633951,lgb_podium_clf,post,2023,2023_22,1.5175956580880485
2,1,0.21725170040288405,0.06885387908800542,0.8289886398633951,lgb_podium_clf,post,2023,2023_3,1.5175956580880485
3,0,0.12002005549955272,0.030235501794043877,0.9112385085066755,lgb_podium_clf,post,2023,2023_4,1.5175956580880485
3,0,0.13538011723384732,0.03479374406829067,0.9068902034668286,lgb_podium_clf,post,2023,2023_5,1.5175956580880485
2,1,0.15667359432662725,0.044847253200309786,0.8289886398633951,lgb_podium_clf,post,2023,2023_6,1.5175956580880485
2,1,0.29667391610403043,0.08873683933673313,0.7752514992859421,lgb_podium_clf,post,2023,2023_7,1.5175956580880485
3,1,0.08377714159620878,0.01633950084502412,1.0,lgb_podium_clf,post,2023,2023_8,1.5175956580880485
2,1,0.22282794496964428,0.06723896528074097,0.8289886398633951,lgb_podium_clf,post,2023,2023_9,1.5175956580880485
2,1,0.23745282912051802,0.08401473981187327,0.7752514992859421,lgb_podium_clf,post,2024,2024_1,1.5175956580880485
3,0,0.11502184786485843,0.025002875631356936,0.9410924754941495,lgb_podium_clf,post,2024,2024_10,1.5175956580880485
1,0,0.3780125043478023,0.13891024880307884,0.17101136013660487,lgb_podium_clf,post,2024,2024_11,1.5175956580880485
2,1,0.14673246212383756,0.0443874306655662,0.785830177739832,lgb_podium_clf,post,2024,2024_12,1.5175956580880485
2,0,0.20280858659101994,0.06905145811751,0.6954461978888599,lgb_podium_clf,post,2024,2024_13,1.5175956580880485
2,0,0.2437713872358191,0.08479945489346122,0.5008112441788239,lgb_podium_clf,post,2024,2024_14,1.5175956580880485
2,1,0.22454353111245276,0.07503809988091924,0.7752514992859421,lgb_podium_clf,post,2024,2024_15,1.5175956580880485
3,0,0.14107078789600663,0.03936425414757371,0.8859924265755967,lgb_podium_clf,post,2024,2024_16,1.5175956580880485
2,0,0.21671531140507616,0.06019013760358767,0.7700811153575446,lgb_podium_clf,post,2024,2024_17,1.5175956580880485
2,1,0.13683352029588688,0.03976018451074452,0.8289886398633951,lgb_podium_clf,post,2024,2024_18,1.5175956580880485
1,0,0.2656545443435082,0.0926454824071448,0.21579231061781579,lgb_podium_clf,post,2024,2024_19,1.5175956580880485
3,1,0.07873393555145994,0.014340062036446699,1.0,lgb_podium_clf,post,2024,2024_2,1.5175956580880485
2,0,0.19200017096668912,0.06527105544230855,0.6954461978888599,lgb_podium_clf,post,2024,2024_20,1.5175956580880485
0,0,0.7256107280508417,0.20051088781766713,0.0,lgb_podium_clf,post,2024,2024_21,1.5175956580880485
1,0,0.33296137586857816,0.10747710759728386,0.17101136013660487,lgb_podium_clf,post,2024,2024_22,1.5175956580880485
1,1,0.2397473704072019,0.08383640284286528,0.5700378671220162,lgb_podium_clf,post,2024,2024_23,1.5175956580880485
2,0,0.1835172393821245,0.05907708800356794,0.6954461978888599,lgb_podium_clf,post,2024,2024_24,1.5175956580880485
1,0,0.44726251965693203,0.13889322890138564,0.2850189335610081,lgb_podium_clf,post,2024,2024_3,1.5175956580880485
3,1,0.13482767639684295,0.03591326388150713,1.0,lgb_podium_clf,post,2024,2024_4,1.5175956580880485
2,1,0.16077485817180487,0.04584182205417056,0.785830177739832,lgb_podium_clf,post,2024,2024_5,1.5175956580880485
2,0,0.20344754524248496,0.064721767178161,0.6262195749456675,lgb_podium_clf,post,2024,2024_6,1.5175956580880485
3,1,0.14185425073657518,0.03937047955547268,1.0,lgb_podium_clf,post,2024,2024_7,1.5175956580880485
2,1,0.15894527060605143,0.04531916469704048,0.8289886398633951,lgb_podium_clf,post,2024,2024_8,1.5175956580880485
3,1,0.14375898395471767,0.03650911109265759,0.9910438099037578,lgb_podium_clf,post,2024,2024_9,1.5175956580880485
2,0,0.24395148024630972,0.0839261360788878,0.5648674831936188,lgb_podium_clf,post,2025,2025_1,1.5175956580880485
2,1,0.19822499294290472,0.06405092683425204,0.8289886398633951,lgb_podium_clf,post,2025,2025_10,1.5175956580880485
3,1,0.10276086533240658,0.024165202295162624,1.0,lgb_podium_clf,post,2025,2025_11,1.5175956580880485
2,0,0.4066674661272086,0.09844611762183572,0.6954461978888599,lgb_podium_clf,post,2025,2025_12,1.5175956580880485
3,0,0.11442278113088293,0.029489147086178863,0.9410924754941495,lgb_podium_clf,post,2025,2025_13,1.5175956580880485
2,0,0.15632032854865147,0.04744718055756176,0.7700811153575446,lgb_podium_clf,post,2025,2025_14,1.5175956580880485
2,1,0.3037479316938101,0.10069163332738826,0.7752514992859421,lgb_podium_clf,post,2025,2025_15,1.5175956580880485
3,0,0.09268375330600025,0.018691507020020558,0.9410924754941495,lgb_podium_clf,post,2025,2025_16,1.5175956580880485
1,0,0.3373708685125849,0.11645683883715355,0.35965385102969294,lgb_podium_clf,post,2025,2025_17,1.5175956580880485
2,0,0.2280336620286752,0.07828218251456756,0.5648674831936188,lgb_podium_clf,post,2025,2025_18,1.5175956580880485
2,1,0.15365473568541305,0.04613163945936626,0.8289886398633951,lgb_podium_clf,post,2025,2025_19,1.5175956580880485
2,1,0.15373681498738181,0.04376184946639387,0.8289886398633951,lgb_podium_clf,post,2025,2025_2,1.5175956580880485
2,1,0.2079652006911558,0.06788510191117794,0.7752514992859421,lgb_podium_clf,post,2025,2025_20,1.5175956580880485
1,1,0.22752083779500892,0.07867175033733712,0.5700378671220162,lgb_podium_clf,post,2025,2025_21,1.5175956580880485
2,0,0.32812989190995645,0.10113784378535211,0.5648674831936188,lgb_podium_clf,post,2025,2025_22,1.5175956580880485
2,0,0.3376915714552535,0.09598450799829773,0.7700811153575446,lgb_podium_clf,post,2025,2025_23,1.5175956580880485
3,1,0.10520893647251472,0.023481656009611517,1.0,lgb_podium_clf,post,2025,2025_24,1.5175956580880485
3,0,0.1225521867768667,0.03178869423617616,0.9112385085066755,lgb_podium_clf,post,2025,2025_3,1.5175956580880485
2,1,0.14163406446133756,0.0413419449271139,0.785830177739832,lgb_podium_clf,post,2025,2025_4,1.5175956580880485
2,1,0.17315808869574284,0.055265669428244624,0.8289886398633951,lgb_podium_clf,post,2025,2025_5,1.5175956580880485
2,0,0.24147101951133337,0.08246695564885395,0.543969706302387,lgb_podium_clf,post,2025,2025_6,1.5175956580880485
2,0,0.1712615415252189,0.05638948176796824,0.6270416538342178,lgb_podium_clf,post,2025,2025_7,1.5175956580880485
3,1,0.06931114964761502,0.01088360772611946,1.0,lgb_podium_clf,post,2025,2025_8,1.5175956580880485
2,1,0.20446425821710648,0.06178329711516229,0.8289886398633951,lgb_podium_clf,post,2025,2025_9,1.5175956580880485
1,1,0.236735992488445,0.08054385468552908,0.5700378671220162,lgb_podium_clf,post,2026,2026_1,1.5175956580880485
2,1,0.15037480340564932,0.04606224221307511,0.7410492272586211,lgb_podium_clf,post,2026,2026_10,1.5175956580880485
2,0,0.22637906055823384,0.07908204871030992,0.5306652111662978,lgb_podium_clf,post,2026,2026_11,1.5175956580880485
3,0,0.1462598678282888,0.041007973872859906,0.8859924265755967,lgb_podium_clf,post,2026,2026_12,1.5175956580880485
2,0,0.21578243104610262,0.06997801280070261,0.7700811153575446,lgb_podium_clf,post,2026,2026_13,1.5175956580880485
3,1,0.12048037039376838,0.03334883929214592,0.9910438099037578,lgb_podium_clf,post,2026,2026_14,1.5175956580880485
1,1,0.23989970995669585,0.08303654796146503,0.5700378671220162,lgb_podium_clf,post,2026,2026_15,1.5175956580880485
3,0,0.1183678615544843,0.03285126666442418,0.9410924754941495,lgb_podium_clf,post,2026,2026_2,1.5175956580880485
2,1,0.21753984090175535,0.07506031855918706,0.7752514992859421,lgb_podium_clf,post,2026,2026_3,1.5175956580880485
1,1,0.2208876002458142,0.07831182472804059,0.5700378671220162,lgb_podium_clf,post,2026,2026_4,1.5175956580880485
1,0,0.3873635689842217,0.1354951506734323,0.35965385102969294,lgb_podium_clf,post,2026,2026_5,1.5175956580880485
2,1,0.24953146024875392,0.077418405523167,0.8289886398633951,lgb_podium_clf,post,2026,2026_6,1.5175956580880485
2,0,0.12180300134157472,0.034813119267011944,0.7700811153575446,lgb_podium_clf,post,2026,2026_7,1.5175956580880485
1,1,0.22104856100242595,0.07610946698113229,0.5700378671220162,lgb_podium_clf,post,2026,2026_8,1.5175956580880485
2,0,0.22999065555613327,0.07754599261021057,0.5648674831936188,lgb_podium_clf,post,2026,2026_9,1.5175956580880485
3,1,0.12730763459284317,0.031173972865844835,0.9910438099037578,lgb_podium_clf,pre,2021,2021_1,1.6371691167089817
2,0,0.3172701083636741,0.10601014455247684,0.5306652111662978,lgb_podium_clf,pre,2021,2021_10,1.6371691167089817
1,0,0.44645848269216215,0.1397559329402144,0.2589507727413789,lgb_podium_clf,pre,2021,2021_11,1.6371691167089817
2,0,0.3345184169143027,0.0726416965274898,0.7016765713029027,lgb_podium_clf,pre,2021,2021_12,1.6371691167089817
3,1,0.14359163437960806,0.034167622125630674,1.0,lgb_podium_clf,pre,2021,2021_13,1.6371691167089817
1,0,0.41711227423537356,0.14140095389799384,0.17101136013660487,lgb_podium_clf,pre,2021,2021_14,1.6371691167089817
2,1,0.23409415875402587,0.06866384911437909,0.8289886398633951,lgb_podium_clf,pre,2021,2021_15,1.6371691167089817
2,0,0.3420442070340295,0.10927010423419159,0.543969706302387,lgb_podium_clf,pre,2021,2021_16,1.6371691167089817
2,1,0.21912138667337935,0.06176657168322543,0.8289886398633951,lgb_podium_clf,pre,2021,2021_17,1.6371691167089817
3,1,0.1478573226841209,0.036472792974169284,1.0,lgb_podium_clf,pre,2021,2021_18,1.6371691167089817
2,0,0.15826387295815597,0.04425681556691481,0.7700811153575446,lgb_podium_clf,pre,2021,2021_19,1.6371691167089817
2,0,0.2996218853626287,0.09251749189798829,0.6954461978888599,lgb_podium_clf,pre,2021,2021_2,1.6371691167089817
2,1,0.299915661905957,0.08322475689372393,0.8289886398633951,lgb_podium_clf,pre,2021,2021_20,1.6371691167089817
3,0,0.12460865718369438,0.028593687638743814,0.9410924754941495,lgb_podium_clf,pre,2021,2021_21,1.6371691167089817
2,0,0.22000621319389904,0.06286086323981313,0.7700811153575446,lgb_podium_clf,pre,2021,2021_22,1.6371691167089817
3,1,0.10337154416136138,0.020479304856813242,1.0,lgb_podium_clf,pre,2021,2021_3,1.6371691167089817
3,1,0.10052823064167382,0.020524859624776168,1.0,lgb_podium_clf,pre,2021,2021_4,1.6371691167089817
1,0,0.41715617232732843,0.13873714068250215,0.35965385102969294,lgb_podium_clf,pre,2021,2021_5,1.6371691167089817
0,0,0.60523584287872,0.18851181730619976,0.0,lgb_podium_clf,pre,2021,2021_6,1.6371691167089817
3,1,0.16716561517007544,0.04305101042246283,0.9910438099037578,lgb_podium_clf,pre,2021,2021_7,1.6371691167089817
2,1,0.22717523943606088,0.07575905113229049,0.7752514992859421,lgb_podium_clf,pre,2021,2021_8,1.6371691167089817
2,0,0.2752484736165838,0.08678440701669024,0.7700811153575446,lgb_podium_clf,pre,2021,2021_9,1.6371691167089817
1,0,0.3240136464450557,0.10890344468158346,0.21579231061781579,lgb_podium_clf,pre,2022,2022_1,1.6371691167089817
2,0,0.23055921833116236,0.07936063965732731,0.5648674831936188,lgb_podium_clf,pre,2022,2022_10,1.6371691167089817
1,0,0.2910497215563197,0.10590690659902072,0.17101136013660487,lgb_podium_clf,pre,2022,2022_11,1.6371691167089817
1,0,0.26998978142704255,0.09329212023283324,0.35965385102969294,lgb_podium_clf,pre,2022,2022_12,1.6371691167089817
2,1,0.1907921638890317,0.060345909731121895,0.8289886398633951,lgb_podium_clf,pre,2022,2022_13,1.6371691167089817
1,1,0.20515797096936686,0.06739789139964389,0.5700378671220162,lgb_podium_clf,pre,2022,2022_14,1.6371691167089817
1,1,0.29661809767765074,0.10440315220124471,0.5700378671220162,lgb_podium_clf,pre,2022,2022_15,1.6371691167089817
2,1,0.18331116893907928,0.05917759637415256,0.8289886398633951,lgb_podium_clf,pre,2022,2022_16,1.6371691167089817
0,0,0.3164500028470377,0.11643551687377673,0.0,lgb_podium_clf,pre,2022,2022_17,1.6371691167089817
2,1,0.16312721752209366,0.047691621462161514,0.8289886398633951,lgb_podium_clf,pre,2022,2022_18,1.6371691167089817
1,1,0.2773476653309736,0.09739918252068222,0.5700378671220162,lgb_podium_clf,pre,2022,2022_19,1.6371691167089817
2,1,0.1913933440177937,0.05886120937415155,0.7410492272586211,lgb_podium_clf,pre,2022,2022_2,1.6371691167089817
2,1,0.17284625297101902,0.053477337258923466,0.7410492272586211,lgb_podium_clf,pre,2022,2022_20,1.6371691167089817
1,0,0.36704355787741966,0.13976425632468775,0.20521363216392585,lgb_podium_clf,pre,2022,2022_21,1.6371691167089817
2,0,0.1862279210268794,0.05871160612273067,0.7700811153575446,lgb_podium_clf,pre,2022,2022_22,1.6371691167089817
1,1,0.2943118892902875,0.10020681559460524,0.5700378671220162,lgb_podium_clf,pre,2022,2022_3,1.6371691167089817
1,0,0.37355200459068677,0.11544414654971366,0.35965385102969294,lgb_podium_clf,pre,2022,2022_4,1.6371691167089817
2,0,0.22626503471828635,0.07329191247721202,0.5648674831936188,lgb_podium_clf,pre,2022,2022_5,1.6371691167089817
2,1,0.2737345811735294,0.08783510549950371,0.7752514992859421,lgb_podium_clf,pre,2022,2022_6,1.6371691167089817
2,0,0.19344133183389106,0.06125808421904814,0.7016765713029027,lgb_podium_clf,pre,2022,2022_7,1.6371691167089817
2,1,0.20726511825407753,0.06553350733095871,0.8289886398633951,lgb_podium_clf,pre,2022,2022_8,1.6371691167089817
1,1,0.27224397673075096,0.09509988306328275,0.5700378671220162,lgb_podium_clf,pre,2022,2022_9,1.6371691167089817
2,1,0.38731536612922385,0.10162166334488823,0.8289886398633951,lgb_podium_clf,pre,2023,2023_1,1.6371691167089817
1,1,0.3199767239237505,0.0920094901692133,0.5700378671220162,lgb_podium_clf,pre,2023,2023_10,1.6371691167089817
1,1,0.30857204197703847,0.09899631627539748,0.5700378671220162,lgb_podium_clf,pre,2023,2023_11,1.6371691167089817
2,1,0.2274102796395329,0.07196698555696192,0.8289886398633951,lgb_podium_clf,pre,2023,2023_12,1.6371691167089817
1,1,0.4043226127720711,0.11635374425389852,0.5700378671220162,lgb_podium_clf,pre,2023,2023_13,1.6371691167089817
2,1,0.24485755265183987,0.0748541307633193,0.8289886398633951,lgb_podium_clf,pre,2023,2023_14,1.6371691167089817
1,0,0.4694804830406064,0.15905546622513977,0.17101136013660487,lgb_podium_clf,pre,2023,2023_15,1.6371691167089817
1,1,0.32216621677370777,0.10404449571603167,0.5700378671220162,lgb_podium_clf,pre,2023,2023_16,1.6371691167089817
1,1,0.30120732871420725,0.09866912175348272,0.5700378671220162,lgb_podium_clf,pre,2023,2023_17,1.6371691167089817
2,1,0.22579222830098017,0.069629493639567,0.8289886398633951,lgb_podium_clf,pre,2023,2023_18,1.6371691167089817
1,1,0.2598472245754899,0.08258186969722117,0.5700378671220162,lgb_podium_clf,pre,2023,2023_19,1.6371691167089817
2,1,0.3051465191066482,0.08235560565990382,0.8289886398633951,lgb_podium_clf,pre,2023,2023_2,1.6371691167089817
1,1,0.32680884189959236,0.10008937918111545,0.5700378671220162,lgb_podium_clf,pre,2023,2023_20,1.6371691167089817
1,1,0.24746293403006683,0.07918144233197551,0.5700378671220162,lgb_podium_clf,pre,2023,2023_21,1.6371691167089817
2,1,0.22798428983694538,0.07190005094094504,0.8289886398633951,lgb_podium_clf,pre,2023,2023_22,1.6371691167089817
1,1,0.3286113478882176,0.11194057117598899,0.5700378671220162,lgb_podium_clf,pre,2023,2023_3,1.6371691167089817
2,0,0.2302012453635963,0.07385615919436309,0.6954461978888599,lgb_podium_clf,pre,2023,2023_4,1.6371691167089817
2,1,0.18756202848749437,0.05679030524482305,0.8289886398633951,lgb_podium_clf,pre,2023,2023_5,1.6371691167089817
2,1,0.3680947093562145,0.10212924951638958,0.7752514992859421,lgb_podium_clf,pre,2023,2023_6,1.6371691167089817
1,1,0.27097616111288486,0.09325151868110551,0.5700378671220162,lgb_podium_clf,pre,2023,2023_7,1.6371691167089817
2,1,0.1852555393099572,0.05497284325160077,0.785830177739832,lgb_podium_clf,pre,2023,2023_8,1.6371691167089817
2,1,0.2283926977776809,0.07347780068259702,0.7410492272586211,lgb_podium_clf,pre,2023,2023_9,1.6371691167089817
2,1,0.21308418199881768,0.06259339144334339,0.8289886398633951,lgb_podium_clf,pre,2024,2024_1,1.6371691167089817
2,1,0.2501891602137543,0.0794082070253293,0.8289886398633951,lgb_podium_clf,pre,2024,2024_10,1.6371691167089817
0,0,0.34706467085382336,0.12529565434158801,0.0,lgb_podium_clf,pre,2024,2024_11,1.6371691167089817
2,0,0.23602212832208974,0.07631386540037022,0.5814386244644566,lgb_podium_clf,pre,2024,2024_12,1.6371691167089817
1,0,0.2915340635321507,0.10273969542406565,0.2589507727413789,lgb_podium_clf,pre,2024,2024_13,1.6371691167089817
1,0,0.290169088555596,0.10275019428055598,0.20521363216392585,lgb_podium_clf,pre,2024,2024_14,1.6371691167089817
2,1,0.1965680965161168,0.060356706739965495,0.7410492272586211,lgb_podium_clf,pre,2024,2024_15,1.6371691167089817
2,0,0.19691936875120278,0.059770508373828454,0.6009734930145886,lgb_podium_clf,pre,2024,2024_16,1.6371691167089817
2,0,0.28519427864746244,0.09442831241163908,0.5648674831936188,lgb_podium_clf,pre,2024,2024_17,1.6371691167089817
2,0,0.1747720119550488,0.049978039209289726,0.7016765713029027,lgb_podium_clf,pre,2024,2024_18,1.6371691167089817
1,0,0.32773388790894736,0.11788063974415822,0.17101136013660487,lgb_podium_clf,pre,2024,2024_19,1.6371691167089817
3,1,0.12811632000200301,0.029813071405321512,1.0,lgb_podium_clf,pre,2024,2024_2,1.6371691167089817
1,0,0.23606743081614284,0.08146017099244035,0.4104272643278517,lgb_podium_clf,pre,2024,2024_20,1.6371691167089817
1,0,0.652477977727888,0.15920608294761518,0.2850189335610081,lgb_podium_clf,pre,2024,2024_21,1.6371691167089817
0,0,0.4767961470226987,0.17236608017361904,0.0,lgb_podium_clf,pre,2024,2024_22,1.6371691167089817
2,0,0.26259840995497047,0.08869421257476473,0.543969706302387,lgb_podium_clf,pre,2024,2024_23,1.6371691167089817
2,0,0.25870770221578127,0.08861208868691059,0.5008112441788239,lgb_podium_clf,pre,2024,2024_24,1.6371691167089817
1,0,0.4161683602958339,0.1486303564678044,0.20521363216392585,lgb_podium_clf,pre,2024,2024_3,1.6371691167089817
2,0,0.1935923323790701,0.0596345277882699,0.5008112441788239,lgb_podium_clf,pre,2024,2024_4,1.6371691167089817
2,1,0.22170715936460605,0.07179982964149212,0.785830177739832,lgb_podium_clf,pre,2024,2024_5,1.6371691167089817
2,0,0.20748216347953147,0.06617441861127728,0.6954461978888599,lgb_podium_clf,pre,2024,2024_6,1.6371691167089817
1,1,0.21225398656538746,0.07049144645763425,0.5700378671220162,lgb_podium_clf,pre,2024,2024_7,1.6371691167089817
0,0,0.33154297947940026,0.12132582139524298,0.0,lgb_podium_clf,pre,2024,2024_8,1.6371691167089817
1,1,0.28850139287294246,0.09476317812836925,0.5700378671220162,lgb_podium_clf,pre,2024,2024_9,1.6371691167089817
2,1,0.25924001605428115,0.08489851772650867,0.7752514992859421,lgb_podium_clf,pre,2025,2025_1,1.6371691167089817
0,0,0.3605983163538885,0.13335359247584852,0.0,lgb_podium_clf,pre,2025,2025_10,1.6371691167089817
2,0,0.18483159740172253,0.05490427518426656,0.7700811153575446,lgb_podium_clf,pre,2025,2025_11,1.6371691167089817
2,1,0.33252989687857437,0.07136945070204187,0.8289886398633951,lgb_podium_clf,pre,2025,2025_12,1.6371691167089817
2,1,0.19632071827010997,0.05453201728457039,0.8289886398633951,lgb_podium_clf,pre,2025,2025_13,1.6371691167089817
2,1,0.16364256524889922,0.0443189947903501,0.8289886398633951,lgb_podium_clf,pre,2025,2025_14,1.6371691167089817
1,1,0.42366105235772,0.12285925544015319,0.5700378671220162,lgb_podium_clf,pre,2025,2025_15,1.6371691167089817
2,0,0.14651893011502545,0.039833659327887676,0.6009734930145886,lgb_podium_clf,pre,2025,2025_16,1.6371691167089817
1,0,0.5003297369469204,0.15757804541693202,0.2850189335610081,lgb_podium_clf,pre,2025,2025_17,1.6371691167089817
2,0,0.23160565768039718,0.07640426478742485,0.42100594278174164,lgb_podium_clf,pre,2025,2025_18,1.6371691167089817
1,0,0.2569996551864611,0.08678075637598667,0.4104272643278517,lgb_podium_clf,pre,2025,2025_19,1.6371691167089817
2,0,0.19176342461047002,0.05810532285796553,0.7700811153575446,lgb_podium_clf,pre,2025,2025_2,1.6371691167089817
2,0,0.2569922600843616,0.08784021021741635,0.5306652111662978,lgb_podium_clf,pre,2025,2025_20,1.6371691167089817
2,1,0.2596765501840631,0.08458131337329716,0.7410492272586211,lgb_podium_clf,pre,2025,2025_21,1.6371691167089817
1,0,0.28366418397969123,0.10108572184763787,0.2850189335610081,lgb_podium_clf,pre,2025,2025_22,1.6371691167089817
1,1,0.37272535267416307,0.10609815675864498,0.5700378671220162,lgb_podium_clf,pre,2025,2025_23,1.6371691167089817
3,1,0.15310443542557264,0.04003409665925426,0.9910438099037578,lgb_podium_clf,pre,2025,2025_24,1.6371691167089817
2,0,0.16616559885325238,0.04738291914101832,0.6262195749456675,lgb_podium_clf,pre,2025,2025_3,1.6371691167089817
2,1,0.1417671727622055,0.03824714929977563,0.785830177739832,lgb_podium_clf,pre,2025,2025_4,1.6371691167089817
1,1,0.21483760511369593,0.07225471542038531,0.5700378671220162,lgb_podium_clf,pre,2025,2025_5,1.6371691167089817
2,0,0.19711877476567494,0.0617945365602347,0.7016765713029027,lgb_podium_clf,pre,2025,2025_6,1.6371691167089817
2,0,0.21640971208008924,0.07093372711527657,0.6270416538342178,lgb_podium_clf,pre,2025,2025_7,1.6371691167089817
2,0,0.22136286160330815,0.0689679900422798,0.7016765713029027,lgb_podium_clf,pre,2025,2025_8,1.6371691167089817
2,1,0.18943062395040283,0.055663873614742176,0.8289886398633951,lgb_podium_clf,pre,2025,2025_9,1.6371691167089817
0,0,0.36466399340434974,0.12920493619324766,0.0,lgb_podium_clf,pre,2026,2026_1,1.6371691167089817
2,1,0.20175733672691623,0.0646914719404409,0.7752514992859421,lgb_podium_clf,pre,2026,2026_10,1.6371691167089817
1,0,0.23686730164673886,0.08046526650688501,0.34202272027320973,lgb_podium_clf,pre,2026,2026_11,1.6371691167089817
1,0,0.23591791709372287,0.0811418202170246,0.4104272643278517,lgb_podium_clf,pre,2026,2026_12,1.6371691167089817
1,1,0.20701969227536507,0.06725217225530396,0.5700378671220162,lgb_podium_clf,pre,2026,2026_13,1.6371691167089817
1,1,0.21729238607336734,0.07213176967594442,0.5700378671220162,lgb_podium_clf,pre,2026,2026_14,1.6371691167089817
2,0,0.30448629008889383,0.10325875605797127,0.5648674831936188,lgb_podium_clf,pre,2026,2026_15,1.6371691167089817
2,0,0.2399066806582142,0.07078727298351896,0.7700811153575446,lgb_podium_clf,pre,2026,2026_2,1.6371691167089817
2,0,0.23453718550320135,0.08072484407105841,0.5306652111662978,lgb_podium_clf,pre,2026,2026_3,1.6371691167089817
1,1,0.23555972981916778,0.07983974674624089,0.5700378671220162,lgb_podium_clf,pre,2026,2026_4,1.6371691167089817
1,1,0.2998257616717504,0.10399629948971607,0.5700378671220162,lgb_podium_clf,pre,2026,2026_5,1.6371691167089817
1,0,0.3312248798214209,0.10930259338587277,0.35965385102969294,lgb_podium_clf,pre,2026,2026_6,1.6371691167089817
2,0,0.24005453800508866,0.08251489053428719,0.543969706302387,lgb_podium_clf,pre,2026,2026_7,1.6371691167089817
2,1,0.19768335383722443,0.06129170330720028,0.785830177739832,lgb_podium_clf,pre,2026,2026_8,1.6371691167089817
2,0,0.2518082360161801,0.08680388184072377,0.42996213287798374,lgb_podium_clf,pre,2026,2026_9,1.6371691167089817
3,0,0.13070725136829905,0.027520796379290717,0.8859924265755967,lgb_rank_points,post,2021,2021_1,1.3040106515450876
1,0,0.42572518723271396,0.1309402903521509,0.35965385102969294,lgb_rank_points,post,2021,2021_10,1.3040106515450876
1,0,0.5147613986809867,0.13989029372186762,0.4104272643278517,lgb_rank_points,post,2021,2021_11,1.3040106515450876
2,0,0.23642141228052424,0.06187685672761549,0.7016765713029027,lgb_rank_points,post,2021,2021_12,1.3040106515450876
3,1,0.13076201430791387,0.03372253927086133,1.0,lgb_rank_points,post,2021,2021_13,1.3040106515450876
0,0,0.5982362707032416,0.1847678594161874,0.0,lgb_rank_points,post,2021,2021_14,1.3040106515450876
1,0,0.3027480912818716,0.10067880455787762,0.21579231061781579,lgb_rank_points,post,2021,2021_15,1.3040106515450876
2,0,0.22108848246291563,0.06676083600649894,0.6954461978888599,lgb_rank_points,post,2021,2021_16,1.3040106515450876
3,0,0.13998451804394588,0.0344683879703648,0.9410924754941495,lgb_rank_points,post,2021,2021_17,1.3040106515450876
2,1,0.21712730528257335,0.06722332614558116,0.8289886398633951,lgb_rank_points,post,2021,2021_18,1.3040106515450876
3,0,0.16913359418326018,0.0471069128957746,0.9410924754941495,lgb_rank_points,post,2021,2021_19,1.3040106515450876
2,0,0.23601520044763347,0.06364239558622999,0.7700811153575446,lgb_rank_points,post,2021,2021_2,1.3040106515450876
2,1,0.1858958366108391,0.049384602995248064,0.8289886398633951,lgb_rank_points,post,2021,2021_20,1.3040106515450876
3,1,0.10913067291532533,0.027786191735408854,1.0,lgb_rank_points,post,2021,2021_21,1.3040106515450876
2,0,0.18854374421426418,0.04859852711272046,0.7700811153575446,lgb_rank_points,post,2021,2021_22,1.3040106515450876
3,1,0.1290153488123893,0.030276781241826468,1.0,lgb_rank_points,post,2021,2021_3,1.3040106515450876
3,1,0.1411940704010047,0.036622895409646944,1.0,lgb_rank_points,post,2021,2021_4,1.3040106515450876
1,1,0.3418319887405906,0.11790117095423933,0.5700378671220162,lgb_rank_points,post,2021,2021_5,1.3040106515450876
0,0,0.6449686675492705,0.20320573928273458,0.0,lgb_rank_points,post,2021,2021_6,1.3040106515450876
3,1,0.0961708298651909,0.020035820332388696,1.0,lgb_rank_points,post,2021,2021_7,1.3040106515450876
2,1,0.20436079520522657,0.058171488660360884,0.8289886398633951,lgb_rank_points,post,2021,2021_8,1.3040106515450876
1,1,0.3471791649091572,0.11800726603759978,0.5700378671220162,lgb_rank_points,post,2021,2021_9,1.3040106515450876
2,0,0.29184404357715427,0.09707426521554498,0.42100594278174164,lgb_rank_points,post,2022,2022_1,1.3040106515450876
1,0,0.44935124073668364,0.13938861299496041,0.35965385102969294,lgb_rank_points,post,2022,2022_10,1.3040106515450876
2,0,0.22308220962333086,0.07051253996898846,0.6954461978888599,lgb_rank_points,post,2022,2022_11,1.3040106515450876
1,0,0.37642419950073885,0.1272966099272913,0.35965385102969294,lgb_rank_points,post,2022,2022_12,1.3040106515450876
1,0,0.35492348152353953,0.121448847972683,0.34202272027320973,lgb_rank_points,post,2022,2022_13,1.3040106515450876
3,0,0.12966635569329854,0.03246785665508953,0.9068902034668286,lgb_rank_points,post,2022,2022_14,1.3040106515450876
2,1,0.2770291706785976,0.08594031455609046,0.7410492272586211,lgb_rank_points,post,2022,2022_15,1.3040106515450876
2,1,0.13006406413096022,0.035858073736469584,0.8289886398633951,lgb_rank_points,post,2022,2022_16,1.3040106515450876
1,0,0.2829470372835207,0.1043906655338965,0.4104272643278517,lgb_rank_points,post,2022,2022_17,1.3040106515450876
2,1,0.21148222346861098,0.07104921853849488,0.785830177739832,lgb_rank_points,post,2022,2022_18,1.3040106515450876
2,1,0.23970791135153044,0.08317132812481322,0.7410492272586211,lgb_rank_points,post,2022,2022_19,1.3040106515450876
3,1,0.1196519117496512,0.030480460731922305,0.9910438099037578,lgb_rank_points,post,2022,2022_2,1.3040106515450876
1,1,0.219842888349539,0.0755970251645682,0.5700378671220162,lgb_rank_points,post,2022,2022_20,1.3040106515450876
1,0,0.39850238255958603,0.12486567982549675,0.2850189335610081,lgb_rank_points,post,2022,2022_21,1.3040106515450876
3,1,0.10077513567167537,0.025298147894830047,1.0,lgb_rank_points,post,2022,2022_22,1.3040106515450876
2,0,0.3994684247552307,0.11698216267846354,0.5648674831936188,lgb_rank_points,post,2022,2022_3,1.3040106515450876
1,1,0.3205715090795451,0.09836648778444258,0.5700378671220162,lgb_rank_points,post,2022,2022_4,1.3040106515450876
2,1,0.1128913771672698,0.03316620708277428,0.8289886398633951,lgb_rank_points,post,2022,2022_5,1.3040106515450876
2,1,0.3144199013793296,0.10726038012455534,0.7752514992859421,lgb_rank_points,post,2022,2022_6,1.3040106515450876
2,0,0.15789995848033633,0.05179776027993001,0.6270416538342178,lgb_rank_points,post,2022,2022_7,1.3040106515450876
2,0,0.2684985725172257,0.07237458249322286,0.7700811153575446,lgb_rank_points,post,2022,2022_8,1.3040106515450876
2,1,0.22387017239684268,0.0663481425078637,0.8289886398633951,lgb_rank_points,post,2022,2022_9,1.3040106515450876
2,0,0.29912236751712257,0.09228575382710588,0.5648674831936188,lgb_rank_points,post,2023,2023_1,1.5175956580880485
2,1,0.2316853188168418,0.07100492992460802,0.7752514992859421,lgb_rank_points,post,2023,2023_10,1.5175956580880485
2,0,0.31669973765375187,0.10681703497429178,0.5648674831936188,lgb_rank_points,post,2023,2023_11,1.5175956580880485
3,1,0.137017195555792,0.03674014099977096,1.0,lgb_rank_points,post,2023,2023_12,1.5175956580880485
2,1,0.3319730272156659,0.08699936469594968,0.7752514992859421,lgb_rank_points,post,2023,2023_13,1.5175956580880485
2,1,0.15821956609401322,0.04377196749309147,0.785830177739832,lgb_rank_points,post,2023,2023_14,1.5175956580880485
1,0,0.34901609922944876,0.11842120914924337,0.35965385102969294,lgb_rank_points,post,2023,2023_15,1.5175956580880485
3,1,0.19137223615100224,0.05726008997741942,0.9910438099037578,lgb_rank_points,post,2023,2023_16,1.5175956580880485
1,1,0.32304234790991476,0.10323961281545699,0.5700378671220162,lgb_rank_points,post,2023,2023_17,1.5175956580880485
2,1,0.25699995810270526,0.07690646822685841,0.7752514992859421,lgb_rank_points,post,2023,2023_18,1.5175956580880485
2,1,0.21758262574503084,0.06345926342721704,0.785830177739832,lgb_rank_points,post,2023,2023_19,1.5175956580880485
3,1,0.18047741405575282,0.052532473065860466,1.0,lgb_rank_points,post,2023,2023_2,1.5175956580880485
2,1,0.21996328610282512,0.06747970786906657,0.8289886398633951,lgb_rank_points,post,2023,2023_20,1.5175956580880485
2,1,0.2006602774232913,0.055057483881113124,0.8289886398633951,lgb_rank_points,post,2023,2023_21,1.5175956580880485
2,1,0.22353321548070046,0.064469287214847,0.8289886398633951,lgb_rank_points,post,2023,2023_22,1.5175956580880485
2,1,0.22651787871556817,0.0688934853223235,0.8289886398633951,lgb_rank_points,post,2023,2023_3,1.5175956580880485
3,0,0.11303456973991777,0.02789359042522732,0.9112385085066755,lgb_rank_points,post,2023,2023_4,1.5175956580880485
3,0,0.13129872614689994,0.03004996529157323,0.9410924754941495,lgb_rank_points,post,2023,2023_5,1.5175956580880485
2,1,0.21041007858821997,0.056977032241788836,0.8289886398633951,lgb_rank_points,post,2023,2023_6,1.5175956580880485
1,1,0.2988903528246589,0.0906651994249669,0.5700378671220162,lgb_rank_points,post,2023,2023_7,1.5175956580880485
3,1,0.13787209698887354,0.03391017092237267,1.0,lgb_rank_points,post,2023,2023_8,1.5175956580880485
2,1,0.1971190378612546,0.05652990814059936,0.8289886398633951,lgb_rank_points,post,2023,2023_9,1.5175956580880485
2,1,0.25297635967168286,0.08446650063709535,0.7752514992859421,lgb_rank_points,post,2024,2024_1,1.4067554524100456
2,0,0.17441462923893894,0.04967686054040783,0.7700811153575446,lgb_rank_points,post,2024,2024_10,1.4067554524100456
1,0,0.5561299681929304,0.17629768797258066,0.17101136013660487,lgb_rank_points,post,2024,2024_11,1.4067554524100456
2,0,0.2185983967074842,0.07224659700603579,0.42996213287798374,lgb_rank_points,post,2024,2024_12,1.4067554524100456
2,0,0.25967326288232123,0.08622633186470671,0.543969706302387,lgb_rank_points,post,2024,2024_13,1.4067554524100456
1,0,0.2899393318580909,0.10011295427200351,0.21579231061781579,lgb_rank_points,post,2024,2024_14,1.4067554524100456
2,1,0.19888982790927812,0.05612656174942323,0.8289886398633951,lgb_rank_points,post,2024,2024_15,1.4067554524100456
2,0,0.1945200883209566,0.058155109296396834,0.6009734930145886,lgb_rank_points,post,2024,2024_16,1.4067554524100456
2,0,0.2991441833454456,0.09132057315879913,0.6954461978888599,lgb_rank_points,post,2024,2024_17,1.4067554524100456
3,1,0.12487115787756191,0.03396219124065696,1.0,lgb_rank_points,post,2024,2024_18,1.4067554524100456
1,0,0.36609311796603883,0.11430382014076981,0.21579231061781579,lgb_rank_points,post,2024,2024_19,1.4067554524100456
3,1,0.08553813498524984,0.015172713296645535,1.0,lgb_rank_points,post,2024,2024_2,1.4067554524100456
2,0,0.12245245114331424,0.035986189145399895,0.7700811153575446,lgb_rank_points,post,2024,2024_20,1.4067554524100456
1,0,0.5483608721260976,0.16868820647524468,0.2850189335610081,lgb_rank_points,post,2024,2024_21,1.4067554524100456
1,1,0.32342930644939566,0.11056319669647037,0.5700378671220162,lgb_rank_points,post,2024,2024_22,1.4067554524100456
1,0,0.2685149544828421,0.09549276116356668,0.35965385102969294,lgb_rank_points,post,2024,2024_23,1.4067554524100456
1,1,0.2636184553366263,0.09107458582410882,0.5700378671220162,lgb_rank_points,post,2024,2024_24,1.4067554524100456
1,0,0.47836931163885626,0.14031351400088155,0.35965385102969294,lgb_rank_points,post,2024,2024_3,1.4067554524100456
3,1,0.11604705157989795,0.03129817960352056,1.0,lgb_rank_points,post,2024,2024_4,1.4067554524100456
2,1,0.15630619842522425,0.04642023285869617,0.785830177739832,lgb_rank_points,post,2024,2024_5,1.4067554524100456
2,0,0.18444450883140484,0.058550500489612446,0.6262195749456675,lgb_rank_points,post,2024,2024_6,1.4067554524100456
3,1,0.09908811440321122,0.021117201926268116,1.0,lgb_rank_points,post,2024,2024_7,1.4067554524100456
1,1,0.2137550372046416,0.07579246851778756,0.5700378671220162,lgb_rank_points,post,2024,2024_8,1.4067554524100456
3,1,0.12143704530158014,0.02892325336056978,1.0,lgb_rank_points,post,2024,2024_9,1.4067554524100456
2,0,0.2533906965965947,0.08426713347260557,0.543969706302387,lgb_rank_points,post,2025,2025_1,1.4067554524100456
2,1,0.28739424890755144,0.09068750402885525,0.7752514992859421,lgb_rank_points,post,2025,2025_10,1.4067554524100456
3,1,0.10691698208024265,0.023534932441969254,0.9910438099037578,lgb_rank_points,post,2025,2025_11,1.4067554524100456
2,0,0.408087552220716,0.11007093630027828,0.543969706302387,lgb_rank_points,post,2025,2025_12,1.4067554524100456
3,0,0.09792538108419512,0.02345788090240355,0.9410924754941495,lgb_rank_points,post,2025,2025_13,1.4067554524100456
2,1,0.18534079909438705,0.05945388027107178,0.8289886398633951,lgb_rank_points,post,2025,2025_14,1.4067554524100456
2,1,0.38027290200193165,0.11382807515817779,0.7752514992859421,lgb_rank_points,post,2025,2025_15,1.4067554524100456
3,0,0.09622933952391613,0.01629829844538829,0.8859924265755967,lgb_rank_points,post,2025,2025_16,1.4067554524100456
1,1,0.3285680347549209,0.11507670935678296,0.5700378671220162,lgb_rank_points,post,2025,2025_17,1.4067554524100456
2,1,0.13830741046782474,0.04003685738830491,0.8289886398633951,lgb_rank_points,post,2025,2025_18,1.4067554524100456
2,1,0.17875171549423377,0.05607964221393774,0.8289886398633951,lgb_rank_points,post,2025,2025_19,1.4067554524100456
3,1,0.15239972214460934,0.04136478655825732,0.9910438099037578,lgb_rank_points,post,2025,2025_2,1.4067554524100456
2,1,0.13258785709843363,0.03624452592318537,0.8289886398633951,lgb_rank_points,post,2025,2025_20,1.4067554524100456
1,1,0.29477167319629854,0.10058489513014117,0.5700378671220162,lgb_rank_points,post,2025,2025_21,1.4067554524100456
2,0,0.43658926855023167,0.11696535366710617,0.5648674831936188,lgb_rank_points,post,2025,2025_22,1.4067554524100456
2,1,0.27860253353421915,0.08821964277481367,0.7752514992859421,lgb_rank_points,post,2025,2025_23,1.4067554524100456
3,1,0.07708426448846202,0.014623761123668944,0.9910438099037578,lgb_rank_points,post,2025,2025_24,1.4067554524100456
2,0,0.1587573749147131,0.04810070567855592,0.6954461978888599,lgb_rank_points,post,2025,2025_3,1.4067554524100456
2,1,0.1980694521928718,0.06581532746529883,0.7410492272586211,lgb_rank_points,post,2025,2025_4,1.4067554524100456
2,0,0.16592355697900021,0.05004499659264736,0.7700811153575446,lgb_rank_points,post,2025,2025_5,1.4067554524100456
2,0,0.22368846580182397,0.07306159627848142,0.6954461978888599,lgb_rank_points,post,2025,2025_6,1.4067554524100456
2,0,0.11818629880840822,0.03302840042531872,0.7016765713029027,lgb_rank_points,post,2025,2025_7,1.4067554524100456
3,1,0.07906007584542633,0.013573692512926028,1.0,lgb_rank_points,post,2025,2025_8,1.4067554524100456
2,1,0.18912995695153154,0.060198357418536574,0.8289886398633951,lgb_rank_points,post,2025,2025_9,1.4067554524100456
1,1,0.26154992961150386,0.08789931168600518,0.5700378671220162,lgb_rank_points,post,2026,2026_1,1.4067554524100456
2,1,0.20054688758264722,0.06152321596586459,0.785830177739832,lgb_rank_points,post,2026,2026_10,1.4067554524100456
1,1,0.18457177130430164,0.06103739756331224,0.5700378671220162,lgb_rank_points,post,2026,2026_11,1.4067554524100456
3,1,0.1299522648423134,0.03236874548593659,1.0,lgb_rank_points,post,2026,2026_12,1.4067554524100456
1,0,0.28197189120034233,0.09610665035069775,0.4104272643278517,lgb_rank_points,post,2026,2026_13,1.4067554524100456
3,1,0.1003234172748137,0.026579417059270617,0.9910438099037578,lgb_rank_points,post,2026,2026_14,1.4067554524100456
2,1,0.2273714316038664,0.07022685630257675,0.7752514992859421,lgb_rank_points,post,2026,2026_15,1.4067554524100456
1,0,0.26069259790348503,0.08841974354764569,0.35965385102969294,lgb_rank_points,post,2026,2026_2,1.4067554524100456
1,1,0.2242854765715287,0.07586500247615605,0.5700378671220162,lgb_rank_points,post,2026,2026_3,1.4067554524100456
1,1,0.20987848337036227,0.07283716663215942,0.5700378671220162,lgb_rank_points,post,2026,2026_4,1.4067554524100456
1,0,0.4078568351509358,0.14652202773638068,0.2850189335610081,lgb_rank_points,post,2026,2026_5,1.4067554524100456
2,1,0.2573791302036328,0.07610205483014294,0.7752514992859421,lgb_rank_points,post,2026,2026_6,1.4067554524100456
2,0,0.2416104074015142,0.07697259362233665,0.543969706302387,lgb_rank_points,post,2026,2026_7,1.4067554524100456
2,1,0.2118690972875312,0.06870601466186639,0.7410492272586211,lgb_rank_points,post,2026,2026_8,1.4067554524100456
1,0,0.3601795238142175,0.10656940558691907,0.21579231061781579,lgb_rank_points,post,2026,2026_9,1.4067554524100456
3,0,0.20653943905849464,0.05493575892950823,0.9068902034668286,lgb_rank_points,pre,2021,2021_1,1.5175956580880485
1,0,0.4368956311717267,0.14833116013335018,0.2850189335610081,lgb_rank_points,pre,2021,2021_10,1.5175956580880485
1,0,0.4417045861375386,0.1299669113819488,0.4104272643278517,lgb_rank_points,pre,2021,2021_11,1.5175956580880485
2,0,0.30937216619932284,0.0792587178650794,0.7016765713029027,lgb_rank_points,pre,2021,2021_12,1.5175956580880485
3,0,0.15004331142355826,0.03763152664948883,0.9410924754941495,lgb_rank_points,pre,2021,2021_13,1.5175956580880485
1,0,0.49020934014161516,0.16345371851548296,0.17101136013660487,lgb_rank_points,pre,2021,2021_14,1.5175956580880485
2,0,0.30152233244136034,0.08792379173860503,0.7700811153575446,lgb_rank_points,pre,2021,2021_15,1.5175956580880485
2,0,0.31817606266516535,0.10600424391647142,0.543969706302387,lgb_rank_points,pre,2021,2021_16,1.5175956580880485
2,0,0.24584657553811481,0.07476020453093275,0.6954461978888599,lgb_rank_points,pre,2021,2021_17,1.5175956580880485
2,1,0.2007091154203367,0.0554451365355184,0.8289886398633951,lgb_rank_points,pre,2021,2021_18,1.5175956580880485
2,0,0.17812439221602977,0.04848367451093182,0.7700811153575446,lgb_rank_points,pre,2021,2021_19,1.5175956580880485
2,0,0.27544272499124584,0.07955863436368008,0.6954461978888599,lgb_rank_points,pre,2021,2021_2,1.5175956580880485
2,1,0.24353766440812447,0.05890783017957911,0.8289886398633951,lgb_rank_points,pre,2021,2021_20,1.5175956580880485
3,1,0.14246934345969844,0.03534900975054448,1.0,lgb_rank_points,pre,2021,2021_21,1.5175956580880485
2,0,0.21635002941731982,0.05928865225088228,0.7700811153575446,lgb_rank_points,pre,2021,2021_22,1.5175956580880485
3,1,0.1529035771211386,0.03728702794730299,1.0,lgb_rank_points,pre,2021,2021_3,1.5175956580880485
3,1,0.14549776566905334,0.035249180717026804,1.0,lgb_rank_points,pre,2021,2021_4,1.5175956580880485
1,0,0.4217676696776544,0.13466942232598103,0.35965385102969294,lgb_rank_points,pre,2021,2021_5,1.5175956580880485
0,0,0.5894277521424717,0.1928642096773407,0.0,lgb_rank_points,pre,2021,2021_6,1.5175956580880485
3,0,0.15721579315562162,0.037355341425675724,0.9112385085066755,lgb_rank_points,pre,2021,2021_7,1.5175956580880485
2,1,0.23623360438285462,0.06945592681683022,0.8289886398633951,lgb_rank_points,pre,2021,2021_8,1.5175956580880485
1,1,0.3408807623450641,0.11014156111403015,0.5700378671220162,lgb_rank_points,pre,2021,2021_9,1.5175956580880485
1,0,0.3504558952131753,0.11121795765645337,0.21579231061781579,lgb_rank_points,pre,2022,2022_1,1.5175956580880485
2,0,0.2863201573477097,0.09855872193918122,0.5648674831936188,lgb_rank_points,pre,2022,2022_10,1.5175956580880485
1,0,0.2845927419289134,0.09631380423311645,0.4104272643278517,lgb_rank_points,pre,2022,2022_11,1.5175956580880485
1,1,0.25692244653519564,0.08558387531484377,0.5700378671220162,lgb_rank_points,pre,2022,2022_12,1.5175956580880485
1,0,0.26552340146568143,0.09236799806103967,0.35965385102969294,lgb_rank_points,pre,2022,2022_13,1.5175956580880485
2,1,0.22127573109110515,0.07010151073408458,0.7410492272586211,lgb_rank_points,pre,2022,2022_14,1.5175956580880485
2,0,0.2852626478998362,0.09911980759573823,0.5306652111662978,lgb_rank_points,pre,2022,2022_15,1.5175956580880485
2,1,0.22362404881975523,0.07168294454023984,0.7752514992859421,lgb_rank_points,pre,2022,2022_16,1.5175956580880485
2,0,0.26486268579716005,0.09148295648393048,0.42996213287798374,lgb_rank_points,pre,2022,2022_17,1.5175956580880485
2,1,0.17147143530982123,0.05131242790296847,0.785830177739832,lgb_rank_points,pre,2022,2022_18,1.5175956580880485
2,1,0.23475405178953873,0.07420654487065109,0.7410492272586211,lgb_rank_points,pre,2022,2022_19,1.5175956580880485
2,1,0.18925203359168066,0.05717891102496968,0.785830177739832,lgb_rank_points,pre,2022,2022_2,1.5175956580880485
2,1,0.23979737586214225,0.07801944238224115,0.7410492272586211,lgb_rank_points,pre,2022,2022_20,1.5175956580880485
0,0,0.4241803285588963,0.15043376762439267,0.0,lgb_rank_points,pre,2022,2022_21,1.5175956580880485
2,1,0.22142466138570444,0.06907749465779016,0.8289886398633951,lgb_rank_points,pre,2022,2022_22,1.5175956580880485
1,0,0.37904865206069455,0.1297154317941711,0.35965385102969294,lgb_rank_points,pre,2022,2022_3,1.5175956580880485
2,1,0.3470484717259041,0.09910351987245633,0.7752514992859421,lgb_rank_points,pre,2022,2022_4,1.5175956580880485
2,1,0.22044045556007275,0.06940754904041076,0.7752514992859421,lgb_rank_points,pre,2022,2022_5,1.5175956580880485
2,1,0.2494082080081809,0.07446634217731657,0.7752514992859421,lgb_rank_points,pre,2022,2022_6,1.5175956580880485
2,0,0.17259850137911642,0.04932588411939466,0.7016765713029027,lgb_rank_points,pre,2022,2022_7,1.5175956580880485
2,1,0.25723110184809783,0.07358331800001522,0.8289886398633951,lgb_rank_points,pre,2022,2022_8,1.5175956580880485
1,1,0.280047485058028,0.09661640341600428,0.5700378671220162,lgb_rank_points,pre,2022,2022_9,1.5175956580880485
1,1,0.38016191619373185,0.1120146991388401,0.5700378671220162,lgb_rank_points,pre,2023,2023_1,1.5175956580880485
1,1,0.33160113755338083,0.09498428031580354,0.5700378671220162,lgb_rank_points,pre,2023,2023_10,1.5175956580880485
2,1,0.26995957931189535,0.08120548115983994,0.7410492272586211,lgb_rank_points,pre,2023,2023_11,1.5175956580880485
1,1,0.2509319294681178,0.07965375095989471,0.5700378671220162,lgb_rank_points,pre,2023,2023_12,1.5175956580880485
1,1,0.3629763406826992,0.09886286940592082,0.5700378671220162,lgb_rank_points,pre,2023,2023_13,1.5175956580880485
2,1,0.19142149855203278,0.056378689503500154,0.8289886398633951,lgb_rank_points,pre,2023,2023_14,1.5175956580880485
1,0,0.43740034854396714,0.14871304851932737,0.17101136013660487,lgb_rank_points,pre,2023,2023_15,1.5175956580880485
1,1,0.36116681151210595,0.10664156573072389,0.5700378671220162,lgb_rank_points,pre,2023,2023_16,1.5175956580880485
1,1,0.354413162519085,0.10777730252125925,0.5700378671220162,lgb_rank_points,pre,2023,2023_17,1.5175956580880485
1,1,0.27305318922171734,0.08571239774895087,0.5700378671220162,lgb_rank_points,pre,2023,2023_18,1.5175956580880485
1,1,0.24049108705380964,0.0764586275022732,0.5700378671220162,lgb_rank_points,pre,2023,2023_19,1.5175956580880485
2,0,0.2755989450907559,0.08064464253489195,0.7700811153575446,lgb_rank_points,pre,2023,2023_2,1.5175956580880485
1,1,0.32952364798566264,0.10151392722745889,0.5700378671220162,lgb_rank_points,pre,2023,2023_20,1.5175956580880485
2,1,0.2155847795652776,0.06235769399710293,0.785830177739832,lgb_rank_points,pre,2023,2023_21,1.5175956580880485
2,1,0.25353483213767747,0.077700185088001,0.7752514992859421,lgb_rank_points,pre,2023,2023_22,1.5175956580880485
1,0,0.31573213367667285,0.10701512512035391,0.35965385102969294,lgb_rank_points,pre,2023,2023_3,1.5175956580880485
2,0,0.22076300642308272,0.07082710245686018,0.6954461978888599,lgb_rank_points,pre,2023,2023_4,1.5175956580880485
3,1,0.16949734426579127,0.04708863743896077,1.0,lgb_rank_points,pre,2023,2023_5,1.5175956580880485
2,1,0.30364781141067587,0.08389175337176555,0.7752514992859421,lgb_rank_points,pre,2023,2023_6,1.5175956580880485
1,1,0.23894397739936934,0.07554708588658861,0.5700378671220162,lgb_rank_points,pre,2023,2023_7,1.5175956580880485
2,1,0.23865417330540972,0.07751204969826501,0.7752514992859421,lgb_rank_points,pre,2023,2023_8,1.5175956580880485
2,1,0.21655229705737153,0.06675591816548195,0.7410492272586211,lgb_rank_points,pre,2023,2023_9,1.5175956580880485
2,1,0.18505877751319627,0.05087230392019434,0.8289886398633951,lgb_rank_points,pre,2024,2024_1,1.5175956580880485
2,1,0.28726415247397136,0.08754471496181972,0.7752514992859421,lgb_rank_points,pre,2024,2024_10,1.5175956580880485
1,0,0.4674010883250519,0.1634621524850992,0.17101136013660487,lgb_rank_points,pre,2024,2024_11,1.5175956580880485
2,0,0.24705471045243965,0.07831574843117148,0.6262195749456675,lgb_rank_points,pre,2024,2024_12,1.5175956580880485
1,0,0.3153737966758663,0.1104652594295771,0.20521363216392585,lgb_rank_points,pre,2024,2024_13,1.5175956580880485
1,0,0.2960404389790971,0.10054110095463575,0.4104272643278517,lgb_rank_points,pre,2024,2024_14,1.5175956580880485
2,0,0.24579096986895027,0.08070567172230553,0.543969706302387,lgb_rank_points,pre,2024,2024_15,1.5175956580880485
2,1,0.2263619493885564,0.06976199797433631,0.785830177739832,lgb_rank_points,pre,2024,2024_16,1.5175956580880485
0,0,0.38177730112954666,0.1341627289064335,0.0,lgb_rank_points,pre,2024,2024_17,1.5175956580880485
3,0,0.1439004974090748,0.03476065876694359,0.9068902034668286,lgb_rank_points,pre,2024,2024_18,1.5175956580880485
1,0,0.40570566118648976,0.14098673922224175,0.17101136013660487,lgb_rank_points,pre,2024,2024_19,1.5175956580880485
3,1,0.1373232979903463,0.03331317733468743,1.0,lgb_rank_points,pre,2024,2024_2,1.5175956580880485
1,0,0.26580696574604695,0.09065704672072364,0.4104272643278517,lgb_rank_points,pre,2024,2024_20,1.5175956580880485
0,0,0.5913585422754886,0.16567927864028453,0.0,lgb_rank_points,pre,2024,2024_21,1.5175956580880485
0,0,0.48000753190793777,0.1731227569525195,0.0,lgb_rank_points,pre,2024,2024_22,1.5175956580880485
2,0,0.24214144850618693,0.08154465479297619,0.5008112441788239,lgb_rank_points,pre,2024,2024_23,1.5175956580880485
1,0,0.25094717008535716,0.08680318270042882,0.17101136013660487,lgb_rank_points,pre,2024,2024_24,1.5175956580880485
1,0,0.4495619053452973,0.15329971898119593,0.20521363216392585,lgb_rank_points,pre,2024,2024_3,1.5175956580880485
3,1,0.12265224367408589,0.029569089785096342,0.9910438099037578,lgb_rank_points,pre,2024,2024_4,1.5175956580880485
2,1,0.2243454216140278,0.07532044603307418,0.7410492272586211,lgb_rank_points,pre,2024,2024_5,1.5175956580880485
1,0,0.2485455418471365,0.08502626582975165,0.4104272643278517,lgb_rank_points,pre,2024,2024_6,1.5175956580880485
1,1,0.23694815878964634,0.08339513397161391,0.5700378671220162,lgb_rank_points,pre,2024,2024_7,1.5175956580880485
1,0,0.3526152207301906,0.12051903140230591,0.17101136013660487,lgb_rank_points,pre,2024,2024_8,1.5175956580880485
2,1,0.27716864921311724,0.0807936742402961,0.8289886398633951,lgb_rank_points,pre,2024,2024_9,1.5175956580880485
2,0,0.266498187467481,0.08804227837724382,0.543969706302387,lgb_rank_points,pre,2025,2025_1,1.5175956580880485
1,0,0.430387244996392,0.1494635485554644,0.2850189335610081,lgb_rank_points,pre,2025,2025_10,1.5175956580880485
2,0,0.19646930703048388,0.05966622790326859,0.6954461978888599,lgb_rank_points,pre,2025,2025_11,1.5175956580880485
2,1,0.34093671659594005,0.08189054671209592,0.8289886398633951,lgb_rank_points,pre,2025,2025_12,1.5175956580880485
2,0,0.20459611100908695,0.06288957422000296,0.7700811153575446,lgb_rank_points,pre,2025,2025_13,1.5175956580880485
2,1,0.16495854747007974,0.046198868609686604,0.8289886398633951,lgb_rank_points,pre,2025,2025_14,1.5175956580880485
1,0,0.44310731970186285,0.13161640381745715,0.35965385102969294,lgb_rank_points,pre,2025,2025_15,1.5175956580880485
2,0,0.16794501407267964,0.04601830431903411,0.6262195749456675,lgb_rank_points,pre,2025,2025_16,1.5175956580880485
1,0,0.41544486771517325,0.14211265368260867,0.20521363216392585,lgb_rank_points,pre,2025,2025_17,1.5175956580880485
2,0,0.14407326705298734,0.04168564630849656,0.6009734930145886,lgb_rank_points,pre,2025,2025_18,1.5175956580880485
2,1,0.23088544420908058,0.07367486861222612,0.8289886398633951,lgb_rank_points,pre,2025,2025_19,1.5175956580880485
1,0,0.2327101952738712,0.07386304595344566,0.4104272643278517,lgb_rank_points,pre,2025,2025_2,1.5175956580880485
3,0,0.16507271632386808,0.04706181871154399,0.8859924265755967,lgb_rank_points,pre,2025,2025_20,1.5175956580880485
2,1,0.3197150021450177,0.09121862611383207,0.7410492272586211,lgb_rank_points,pre,2025,2025_21,1.5175956580880485
1,0,0.39932407426843897,0.1319994904112247,0.2850189335610081,lgb_rank_points,pre,2025,2025_22,1.5175956580880485
1,1,0.3522391994865385,0.11804255110506226,0.5700378671220162,lgb_rank_points,pre,2025,2025_23,1.5175956580880485
3,1,0.11912906672950715,0.028329981640868102,0.9910438099037578,lgb_rank_points,pre,2025,2025_24,1.5175956580880485
2,0,0.18956715396627408,0.055908135973603466,0.6262195749456675,lgb_rank_points,pre,2025,2025_3,1.5175956580880485
2,1,0.21667180845376066,0.06681356338983911,0.785830177739832,lgb_rank_points,pre,2025,2025_4,1.5175956580880485
2,0,0.17147299019945622,0.05210220421757452,0.7700811153575446,lgb_rank_points,pre,2025,2025_5,1.5175956580880485
2,1,0.161871380554892,0.04462092579777381,0.8289886398633951,lgb_rank_points,pre,2025,2025_6,1.5175956580880485
2,0,0.17577064057703887,0.052722300287483315,0.7016765713029027,lgb_rank_points,pre,2025,2025_7,1.5175956580880485
2,0,0.16850254465027328,0.04782221488283818,0.7016765713029027,lgb_rank_points,pre,2025,2025_8,1.5175956580880485
2,0,0.17052882308614492,0.04797558957467038,0.7700811153575446,lgb_rank_points,pre,2025,2025_9,1.5175956580880485
0,0,0.41148498873627287,0.14396748943036608,0.0,lgb_rank_points,pre,2026,2026_1,1.5175956580880485
1,0,0.2566542276377259,0.0885668258230295,0.2850189335610081,lgb_rank_points,pre,2026,2026_10,1.5175956580880485
1,0,0.2042417535477128,0.06466319592604274,0.34202272027320973,lgb_rank_points,pre,2026,2026_11,1.5175956580880485
1,0,0.2467316823105916,0.08360865558414146,0.2589507727413789,lgb_rank_points,pre,2026,2026_12,1.5175956580880485
1,0,0.2543789512670982,0.08881281245459552,0.2850189335610081,lgb_rank_points,pre,2026,2026_13,1.5175956580880485
2,1,0.1930306562430631,0.06221437973975927,0.7410492272586211,lgb_rank_points,pre,2026,2026_14,1.5175956580880485
2,0,0.35926666345826974,0.11931077663933452,0.5648674831936188,lgb_rank_points,pre,2026,2026_15,1.5175956580880485
0,0,0.3138123792822131,0.10696594722003948,0.0,lgb_rank_points,pre,2026,2026_2,1.5175956580880485
2,0,0.23645376164114768,0.07571004898343518,0.5306652111662978,lgb_rank_points,pre,2026,2026_3,1.5175956580880485
2,1,0.23375338126407383,0.07812444818895886,0.7410492272586211,lgb_rank_points,pre,2026,2026_4,1.5175956580880485
1,1,0.28948344304842455,0.0989787087584331,0.5700378671220162,lgb_rank_points,pre,2026,2026_5,1.5175956580880485
2,1,0.2735294129536973,0.08569781096821548,0.7752514992859421,lgb_rank_points,pre,2026,2026_6,1.5175956580880485
1,0,0.3502610311440242,0.11573807125944628,0.35965385102969294,lgb_rank_points,pre,2026,2026_7,1.5175956580880485
2,0,0.19833186621839272,0.06178132937461187,0.7016765713029027,lgb_rank_points,pre,2026,2026_8,1.5175956580880485
2,0,0.3000890395634918,0.09750979409869981,0.42996213287798374,lgb_rank_points,pre,2026,2026_9,1.5175956580880485
3,1,0.10981529433449358,0.0241420198266031,0.9910438099037578,lgb_rank_top10,post,2021,2021_1,0.8272872467171695
2,0,0.24555572500420716,0.08237531064684604,0.5306652111662978,lgb_rank_top10,post,2021,2021_10,0.8272872467171695
1,0,0.4252682899119625,0.12793997910450505,0.4104272643278517,lgb_rank_top10,post,2021,2021_11,0.8272872467171695
2,0,0.26273995885116647,0.07099306883464158,0.7016765713029027,lgb_rank_top10,post,2021,2021_12,0.8272872467171695
3,0,0.16263323514822908,0.044571119217924206,0.9410924754941495,lgb_rank_top10,post,2021,2021_13,0.8272872467171695
2,0,0.38447403776370037,0.12522722452594964,0.5648674831936188,lgb_rank_top10,post,2021,2021_14,0.8272872467171695
2,0,0.24661633123351584,0.07783198983395322,0.6270416538342178,lgb_rank_top10,post,2021,2021_15,0.8272872467171695
2,0,0.3326960930352235,0.10984990595665992,0.543969706302387,lgb_rank_top10,post,2021,2021_16,0.8272872467171695
2,1,0.1465752445670889,0.039705978028267086,0.8289886398633951,lgb_rank_top10,post,2021,2021_17,0.8272872467171695
2,0,0.1323560192107875,0.03491289327305291,0.7700811153575446,lgb_rank_top10,post,2021,2021_18,0.8272872467171695
2,0,0.21638993653914254,0.06782883870882424,0.7700811153575446,lgb_rank_top10,post,2021,2021_19,0.8272872467171695
2,0,0.24999824847049085,0.07087843102779498,0.7700811153575446,lgb_rank_top10,post,2021,2021_2,0.8272872467171695
2,1,0.17911132875036678,0.05370990210451225,0.8289886398633951,lgb_rank_top10,post,2021,2021_20,0.8272872467171695
3,1,0.12278398811832787,0.03165176667925607,1.0,lgb_rank_top10,post,2021,2021_21,0.8272872467171695
2,1,0.2086386290242178,0.05924914714448872,0.8289886398633951,lgb_rank_top10,post,2021,2021_22,0.8272872467171695
3,1,0.10730813190401403,0.02641709220810472,0.9910438099037578,lgb_rank_top10,post,2021,2021_3,0.8272872467171695
3,1,0.06957648627572842,0.013696323595194054,1.0,lgb_rank_top10,post,2021,2021_4,0.8272872467171695
1,1,0.30234099845573514,0.10950501959108072,0.5700378671220162,lgb_rank_top10,post,2021,2021_5,0.8272872467171695
0,0,0.646919108936949,0.18841716299459405,0.0,lgb_rank_top10,post,2021,2021_6,0.8272872467171695
3,1,0.13856330344028717,0.038246101129337275,1.0,lgb_rank_top10,post,2021,2021_7,0.8272872467171695
2,1,0.19037894728891674,0.05924148702165462,0.8289886398633951,lgb_rank_top10,post,2021,2021_8,0.8272872467171695
1,1,0.300513348518373,0.10656099551767892,0.5700378671220162,lgb_rank_top10,post,2021,2021_9,0.8272872467171695
2,0,0.26515054351849854,0.08626459648347086,0.5008112441788239,lgb_rank_top10,post,2022,2022_1,0.8272872467171695
1,1,0.2936552432900227,0.10886990289810636,0.5700378671220162,lgb_rank_top10,post,2022,2022_10,0.8272872467171695
2,0,0.2774695527436791,0.0907210877272315,0.6954461978888599,lgb_rank_top10,post,2022,2022_11,0.8272872467171695
1,0,0.3249668526010183,0.12336117349478881,0.20521363216392585,lgb_rank_top10,post,2022,2022_12,0.8272872467171695
1,0,0.3279284321119712,0.11778609798295692,0.34202272027320973,lgb_rank_top10,post,2022,2022_13,0.8272872467171695
3,0,0.11469535988860162,0.02803987635764683,0.8859924265755967,lgb_rank_top10,post,2022,2022_14,0.8272872467171695
1,0,0.2731861820714402,0.09953950294622646,0.35965385102969294,lgb_rank_top10,post,2022,2022_15,0.8272872467171695
3,1,0.12366546746926768,0.029591905087994197,0.9910438099037578,lgb_rank_top10,post,2022,2022_16,0.8272872467171695
1,0,0.2688403361089858,0.09535525471999776,0.2589507727413789,lgb_rank_top10,post,2022,2022_17,0.8272872467171695
2,1,0.1755346421019157,0.061766265826411024,0.7410492272586211,lgb_rank_top10,post,2022,2022_18,0.8272872467171695
2,1,0.23560754500637632,0.0853623806673639,0.7752514992859421,lgb_rank_top10,post,2022,2022_19,0.8272872467171695
2,0,0.15874914963682116,0.0501637267925484,0.5306652111662978,lgb_rank_top10,post,2022,2022_2,0.8272872467171695
2,1,0.1568752872137721,0.051587926039592294,0.7752514992859421,lgb_rank_top10,post,2022,2022_20,0.8272872467171695
1,0,0.4103917246866029,0.1316253657736225,0.2850189335610081,lgb_rank_top10,post,2022,2022_21,0.8272872467171695
3,1,0.11053624738850594,0.027821120855403066,0.9910438099037578,lgb_rank_top10,post,2022,2022_22,0.8272872467171695
2,1,0.30787901910668886,0.09838183831805287,0.7752514992859421,lgb_rank_top10,post,2022,2022_3,0.8272872467171695
2,1,0.3186887982082415,0.104753797427385,0.7752514992859421,lgb_rank_top10,post,2022,2022_4,0.8272872467171695
2,0,0.1121505506176069,0.032335864592334986,0.7700811153575446,lgb_rank_top10,post,2022,2022_5,0.8272872467171695
1,0,0.3823831008054269,0.12580721699610836,0.35965385102969294,lgb_rank_top10,post,2022,2022_6,0.8272872467171695
2,0,0.14681919158977988,0.046278415069066686,0.42100594278174164,lgb_rank_top10,post,2022,2022_7,0.8272872467171695
1,0,0.29077150493363946,0.09873099194707806,0.4104272643278517,lgb_rank_top10,post,2022,2022_8,0.8272872467171695
2,1,0.15979495338832855,0.04904713268589906,0.8289886398633951,lgb_rank_top10,post,2022,2022_9,0.8272872467171695
2,1,0.24604106173774865,0.07390269322504316,0.8289886398633951,lgb_rank_top10,post,2023,2023_1,0.8924703518715341
2,1,0.22441147862826774,0.07472362718557302,0.7410492272586211,lgb_rank_top10,post,2023,2023_10,0.8924703518715341
2,1,0.22607514390131617,0.07915081556163536,0.7752514992859421,lgb_rank_top10,post,2023,2023_11,0.8924703518715341
2,1,0.18907664077877379,0.06522173800772522,0.7752514992859421,lgb_rank_top10,post,2023,2023_12,0.8924703518715341
1,1,0.4207753501754953,0.11436709006060905,0.5700378671220162,lgb_rank_top10,post,2023,2023_13,0.8924703518715341
3,1,0.13566046530314035,0.0394673756287719,0.9910438099037578,lgb_rank_top10,post,2023,2023_14,0.8924703518715341
1,0,0.2860783588987894,0.10172454767172445,0.35965385102969294,lgb_rank_top10,post,2023,2023_15,0.8924703518715341
2,1,0.18590162029608787,0.061435409459867696,0.8289886398633951,lgb_rank_top10,post,2023,2023_16,0.8924703518715341
1,1,0.37506847058829396,0.12503234283878426,0.5700378671220162,lgb_rank_top10,post,2023,2023_17,0.8924703518715341
1,1,0.20461152015321624,0.06633214597269971,0.5700378671220162,lgb_rank_top10,post,2023,2023_18,0.8924703518715341
2,1,0.21103437332159625,0.06835725103026541,0.7410492272586211,lgb_rank_top10,post,2023,2023_19,0.8924703518715341
2,1,0.23277990036865148,0.07949945670963901,0.7410492272586211,lgb_rank_top10,post,2023,2023_2,0.8924703518715341
2,1,0.2419970356804165,0.08126613780901912,0.7410492272586211,lgb_rank_top10,post,2023,2023_20,0.8924703518715341
2,1,0.24523968013222497,0.08062179002423189,0.7752514992859421,lgb_rank_top10,post,2023,2023_21,0.8924703518715341
2,1,0.18843281713106252,0.060622698472466485,0.8289886398633951,lgb_rank_top10,post,2023,2023_22,0.8924703518715341
2,1,0.23581260812881602,0.07941944484472947,0.7752514992859421,lgb_rank_top10,post,2023,2023_3,0.8924703518715341
3,0,0.1309212817657181,0.035270571399852346,0.9112385085066755,lgb_rank_top10,post,2023,2023_4,0.8924703518715341
3,0,0.12123112887820131,0.027803637758083193,0.8859924265755967,lgb_rank_top10,post,2023,2023_5,0.8924703518715341
2,1,0.1709537632501143,0.05085691906354885,0.8289886398633951,lgb_rank_top10,post,2023,2023_6,0.8924703518715341
2,1,0.25663038604484806,0.08166067938053047,0.7752514992859421,lgb_rank_top10,post,2023,2023_7,0.8924703518715341
3,1,0.10041269008301375,0.022820843030917408,0.9910438099037578,lgb_rank_top10,post,2023,2023_8,0.8924703518715341
2,1,0.21353580524541044,0.06701342311733911,0.8289886398633951,lgb_rank_top10,post,2023,2023_9,0.8924703518715341
1,1,0.2376395380108792,0.0827735527454636,0.5700378671220162,lgb_rank_top10,post,2024,2024_1,0.8924703518715341
2,0,0.1333483545186318,0.03802628160969484,0.7700811153575446,lgb_rank_top10,post,2024,2024_10,0.8924703518715341
1,0,0.3678210477251009,0.13292724472368317,0.17101136013660487,lgb_rank_top10,post,2024,2024_11,0.8924703518715341
2,0,0.13995613632900514,0.041989009075098574,0.7700811153575446,lgb_rank_top10,post,2024,2024_12,0.8924703518715341
2,0,0.2757823485955894,0.09440291548441618,0.543969706302387,lgb_rank_top10,post,2024,2024_13,0.8924703518715341
2,0,0.26681281638025844,0.09434505955310386,0.5306652111662978,lgb_rank_top10,post,2024,2024_14,0.8924703518715341
2,1,0.16699538300824351,0.050504614475152663,0.8289886398633951,lgb_rank_top10,post,2024,2024_15,0.8924703518715341
2,0,0.18889660211396836,0.06076012701468249,0.6009734930145886,lgb_rank_top10,post,2024,2024_16,0.8924703518715341
2,0,0.22771914153905812,0.07224814611936037,0.7700811153575446,lgb_rank_top10,post,2024,2024_17,0.8924703518715341
3,1,0.11704168904152874,0.0294519028366056,1.0,lgb_rank_top10,post,2024,2024_18,0.8924703518715341
1,0,0.3241420411251141,0.10530332033759142,0.21579231061781579,lgb_rank_top10,post,2024,2024_19,0.8924703518715341
3,1,0.11086642317623407,0.028457032734724906,1.0,lgb_rank_top10,post,2024,2024_2,0.8924703518715341
2,0,0.16638013082505446,0.055814305492211905,0.7700811153575446,lgb_rank_top10,post,2024,2024_20,0.8924703518715341
1,0,0.7023522415267214,0.17256309454556581,0.35965385102969294,lgb_rank_top10,post,2024,2024_21,0.8924703518715341
0,0,0.3524987063026891,0.12825067685844965,0.0,lgb_rank_top10,post,2024,2024_22,0.8924703518715341
2,1,0.2784881956476898,0.09229900028307594,0.7752514992859421,lgb_rank_top10,post,2024,2024_23,0.8924703518715341
2,1,0.22990156026537165,0.08033488619075108,0.7752514992859421,lgb_rank_top10,post,2024,2024_24,0.8924703518715341
1,0,0.5189893757417788,0.14941533994666945,0.2850189335610081,lgb_rank_top10,post,2024,2024_3,0.8924703518715341
3,1,0.12024477996110325,0.03224730744884096,1.0,lgb_rank_top10,post,2024,2024_4,0.8924703518715341
2,1,0.1553350755581993,0.044915921485042094,0.785830177739832,lgb_rank_top10,post,2024,2024_5,0.8924703518715341
2,0,0.18552864702590863,0.05918422013311764,0.5814386244644566,lgb_rank_top10,post,2024,2024_6,0.8924703518715341
2,1,0.15031426896902952,0.045219598234227575,0.785830177739832,lgb_rank_top10,post,2024,2024_7,0.8924703518715341
2,1,0.21057261456446344,0.06806165442353862,0.8289886398633951,lgb_rank_top10,post,2024,2024_8,0.8924703518715341
2,1,0.13450437186257966,0.03588447669609351,0.8289886398633951,lgb_rank_top10,post,2024,2024_9,0.8924703518715341
2,0,0.22508898063221486,0.07616860199632186,0.5648674831936188,lgb_rank_top10,post,2025,2025_1,0.9627893239384193
2,1,0.19845096108187849,0.0638023936218331,0.8289886398633951,lgb_rank_top10,post,2025,2025_10,0.9627893239384193
3,1,0.10371414642199546,0.024850320664955964,0.9910438099037578,lgb_rank_top10,post,2025,2025_11,0.9627893239384193
2,0,0.4395590870418961,0.09560867143606425,0.6954461978888599,lgb_rank_top10,post,2025,2025_12,0.9627893239384193
3,0,0.10470055209004799,0.02782029794903577,0.9410924754941495,lgb_rank_top10,post,2025,2025_13,0.9627893239384193
2,0,0.18033000103033453,0.058353462626409426,0.543969706302387,lgb_rank_top10,post,2025,2025_14,0.9627893239384193
2,1,0.2940415363197287,0.1018308139230005,0.7752514992859421,lgb_rank_top10,post,2025,2025_15,0.9627893239384193
3,0,0.09374774776752001,0.02012339693616024,0.9410924754941495,lgb_rank_top10,post,2025,2025_16,0.9627893239384193
1,0,0.35857421056436445,0.12214146472304581,0.35965385102969294,lgb_rank_top10,post,2025,2025_17,0.9627893239384193
2,1,0.14876348534969813,0.046111098669653315,0.8289886398633951,lgb_rank_top10,post,2025,2025_18,0.9627893239384193
2,1,0.1820607181289118,0.060070785326554285,0.8289886398633951,lgb_rank_top10,post,2025,2025_19,0.9627893239384193
2,1,0.16015131100883878,0.047685223866853865,0.8289886398633951,lgb_rank_top10,post,2025,2025_2,0.9627893239384193
2,1,0.1790345018385322,0.057346016917763865,0.8289886398633951,lgb_rank_top10,post,2025,2025_20,0.9627893239384193
1,1,0.2688462978186175,0.09731054408029657,0.5700378671220162,lgb_rank_top10,post,2025,2025_21,0.9627893239384193
1,0,0.4090326824223626,0.12818194667042343,0.35965385102969294,lgb_rank_top10,post,2025,2025_22,0.9627893239384193
2,0,0.3447326662484619,0.10395713347235783,0.543969706302387,lgb_rank_top10,post,2025,2025_23,0.9627893239384193
3,1,0.0906059838229529,0.020274897228038467,0.9910438099037578,lgb_rank_top10,post,2025,2025_24,0.9627893239384193
3,0,0.10599190772676834,0.025502231488958742,0.9410924754941495,lgb_rank_top10,post,2025,2025_3,0.9627893239384193
3,1,0.1447909561425839,0.04285243354751726,1.0,lgb_rank_top10,post,2025,2025_4,0.9627893239384193
2,0,0.16913107687443976,0.055266655336928296,0.7700811153575446,lgb_rank_top10,post,2025,2025_5,0.9627893239384193
2,0,0.21086886903519114,0.06954877927754982,0.543969706302387,lgb_rank_top10,post,2025,2025_6,0.9627893239384193
2,0,0.18258942236660541,0.05849948115662634,0.7016765713029027,lgb_rank_top10,post,2025,2025_7,0.9627893239384193
3,1,0.09462822951454326,0.01998204509181716,0.9910438099037578,lgb_rank_top10,post,2025,2025_8,0.9627893239384193
2,1,0.2135856484351975,0.07310826267787267,0.7752514992859421,lgb_rank_top10,post,2025,2025_9,0.9627893239384193
1,1,0.22568664278096262,0.0771816571380956,0.5700378671220162,lgb_rank_top10,post,2026,2026_1,0.8924703518715341
2,1,0.14068627271111322,0.04170985214004226,0.785830177739832,lgb_rank_top10,post,2026,2026_10,0.8924703518715341
2,0,0.22435481834983803,0.079635495175224,0.5306652111662978,lgb_rank_top10,post,2026,2026_11,0.8924703518715341
3,1,0.1284312095963698,0.03471712536644703,0.9910438099037578,lgb_rank_top10,post,2026,2026_12,0.8924703518715341
1,0,0.22040086607994602,0.07361447572420417,0.4104272643278517,lgb_rank_top10,post,2026,2026_13,0.8924703518715341
3,1,0.10867840045970141,0.028366928949115452,0.9910438099037578,lgb_rank_top10,post,2026,2026_14,0.8924703518715341
1,1,0.22349313316046446,0.07704094123116124,0.5700378671220162,lgb_rank_top10,post,2026,2026_15,0.8924703518715341
2,0,0.15124935935806733,0.04545679511745733,0.7700811153575446,lgb_rank_top10,post,2026,2026_2,0.8924703518715341
2,1,0.17719219173986012,0.06073425389636597,0.7752514992859421,lgb_rank_top10,post,2026,2026_3,0.8924703518715341
1,1,0.26364681926339295,0.09540327912188866,0.5700378671220162,lgb_rank_top10,post,2026,2026_4,0.8924703518715341
1,0,0.3727681481763062,0.1284495285916433,0.35965385102969294,lgb_rank_top10,post,2026,2026_5,0.8924703518715341
2,1,0.27512778692867523,0.08727885661466468,0.7752514992859421,lgb_rank_top10,post,2026,2026_6,0.8924703518715341
2,0,0.15461633808341826,0.0493183982961543,0.543969706302387,lgb_rank_top10,post,2026,2026_7,0.8924703518715341
2,1,0.19490696134942687,0.06388564193646941,0.785830177739832,lgb_rank_top10,post,2026,2026_8,0.8924703518715341
2,0,0.30000493343056617,0.09236131809394911,0.5306652111662978,lgb_rank_top10,post,2026,2026_9,0.8924703518715341
3,1,0.1696312707351763,0.04335254334463481,0.9910438099037578,lgb_rank_top10,pre,2021,2021_1,0.9627893239384193
1,0,0.31452405738472555,0.10583971997635155,0.35965385102969294,lgb_rank_top10,pre,2021,2021_10,0.9627893239384193
1,0,0.44753125993432574,0.1375812418685891,0.2589507727413789,lgb_rank_top10,pre,2021,2021_11,0.9627893239384193
2,0,0.329134107000021,0.06412118046453925,0.7016765713029027,lgb_rank_top10,pre,2021,2021_12,0.9627893239384193
3,0,0.17651515505428358,0.04695940608966186,0.9410924754941495,lgb_rank_top10,pre,2021,2021_13,0.9627893239384193
0,0,0.42830817963352513,0.14785419448626216,0.0,lgb_rank_top10,pre,2021,2021_14,0.9627893239384193
2,1,0.22514971302816425,0.06316879694695132,0.8289886398633951,lgb_rank_top10,pre,2021,2021_15,0.9627893239384193
2,0,0.3663251160667612,0.11416058016114239,0.543969706302387,lgb_rank_top10,pre,2021,2021_16,0.9627893239384193
2,0,0.184378134675329,0.049684155792794296,0.7700811153575446,lgb_rank_top10,pre,2021,2021_17,0.9627893239384193
3,1,0.16125668829809242,0.042994156173065415,1.0,lgb_rank_top10,pre,2021,2021_18,0.9627893239384193
2,0,0.19603860183242588,0.05642465218520126,0.7700811153575446,lgb_rank_top10,pre,2021,2021_19,0.9627893239384193
2,0,0.27396771798347375,0.08202514317841061,0.6954461978888599,lgb_rank_top10,pre,2021,2021_2,0.9627893239384193
2,1,0.24396411780690377,0.06382470538841498,0.8289886398633951,lgb_rank_top10,pre,2021,2021_20,0.9627893239384193
3,1,0.15088996838187158,0.03745547691449193,1.0,lgb_rank_top10,pre,2021,2021_21,0.9627893239384193
2,0,0.23118463200222378,0.06590797291603091,0.7700811153575446,lgb_rank_top10,pre,2021,2021_22,0.9627893239384193
3,1,0.12551624269516187,0.029083699347117797,1.0,lgb_rank_top10,pre,2021,2021_3,0.9627893239384193
3,1,0.11689322395436823,0.027263647521527996,1.0,lgb_rank_top10,pre,2021,2021_4,0.9627893239384193
1,0,0.415922724051183,0.13642992897208647,0.35965385102969294,lgb_rank_top10,pre,2021,2021_5,0.9627893239384193
0,0,0.6224693308669302,0.1978106652906985,0.0,lgb_rank_top10,pre,2021,2021_6,0.9627893239384193
2,1,0.18768550172541587,0.05434309049234669,0.8289886398633951,lgb_rank_top10,pre,2021,2021_7,0.9627893239384193
2,1,0.19766626324624967,0.06055079700488734,0.8289886398633951,lgb_rank_top10,pre,2021,2021_8,0.9627893239384193
1,1,0.2927561730557893,0.1027662912667606,0.5700378671220162,lgb_rank_top10,pre,2021,2021_9,0.9627893239384193
1,0,0.3685775034517213,0.11900850681414003,0.34202272027320973,lgb_rank_top10,pre,2022,2022_1,0.9627893239384193
2,1,0.23020521961600995,0.07469886842822447,0.8289886398633951,lgb_rank_top10,pre,2022,2022_10,0.9627893239384193
1,0,0.32201825050946997,0.1175277569246628,0.20521363216392585,lgb_rank_top10,pre,2022,2022_11,0.9627893239384193
0,0,0.31667076160027824,0.11716389629875948,0.0,lgb_rank_top10,pre,2022,2022_12,0.9627893239384193
0,0,0.3016800432291832,0.11184137391705387,0.0,lgb_rank_top10,pre,2022,2022_13,0.9627893239384193
2,1,0.198045410110897,0.06322692274481166,0.7752514992859421,lgb_rank_top10,pre,2022,2022_14,0.9627893239384193
1,1,0.30801262694417286,0.11146092013539444,0.5700378671220162,lgb_rank_top10,pre,2022,2022_15,0.9627893239384193
3,1,0.18694763563491182,0.058718804632775845,1.0,lgb_rank_top10,pre,2022,2022_16,0.9627893239384193
1,0,0.3507767187927355,0.12483577115754603,0.2589507727413789,lgb_rank_top10,pre,2022,2022_17,0.9627893239384193
2,1,0.15666472961485695,0.04537565657537909,0.785830177739832,lgb_rank_top10,pre,2022,2022_18,0.9627893239384193
1,1,0.24920712767185643,0.08785348269658673,0.5700378671220162,lgb_rank_top10,pre,2022,2022_19,0.9627893239384193
2,1,0.1756745950704319,0.05149041469665357,0.785830177739832,lgb_rank_top10,pre,2022,2022_2,0.9627893239384193
2,1,0.17686565196091492,0.05370353951335799,0.785830177739832,lgb_rank_top10,pre,2022,2022_20,0.9627893239384193
0,0,0.37223226931579145,0.14202335860882725,0.0,lgb_rank_top10,pre,2022,2022_21,0.9627893239384193
2,1,0.17129136247341686,0.050979332470597695,0.8289886398633951,lgb_rank_top10,pre,2022,2022_22,0.9627893239384193
1,0,0.3195034158208251,0.1143543886006337,0.2850189335610081,lgb_rank_top10,pre,2022,2022_3,0.9627893239384193
1,1,0.3546834938984967,0.11112175930323706,0.5700378671220162,lgb_rank_top10,pre,2022,2022_4,0.9627893239384193
2,1,0.16314806791738962,0.05043746761138399,0.8289886398633951,lgb_rank_top10,pre,2022,2022_5,0.9627893239384193
1,0,0.3407180757866525,0.11669701941663317,0.35965385102969294,lgb_rank_top10,pre,2022,2022_6,0.9627893239384193
2,0,0.17900806871498764,0.057094291484236934,0.6270416538342178,lgb_rank_top10,pre,2022,2022_7,0.9627893239384193
1,0,0.247499036337162,0.08495858955135556,0.4104272643278517,lgb_rank_top10,pre,2022,2022_8,0.9627893239384193
1,1,0.27211875499194843,0.09328817851314372,0.5700378671220162,lgb_rank_top10,pre,2022,2022_9,0.9627893239384193
2,1,0.35051670451621175,0.09491709319743506,0.7752514992859421,lgb_rank_top10,pre,2023,2023_1,1.0386488249676107
2,1,0.321742010497669,0.09093705496735054,0.785830177739832,lgb_rank_top10,pre,2023,2023_10,1.0386488249676107
2,1,0.297010562292987,0.09253163972329949,0.7410492272586211,lgb_rank_top10,pre,2023,2023_11,1.0386488249676107
1,1,0.26423274905640703,0.08804311400146328,0.5700378671220162,lgb_rank_top10,pre,2023,2023_12,1.0386488249676107
1,1,0.3444256507779063,0.09828516493935965,0.5700378671220162,lgb_rank_top10,pre,2023,2023_13,1.0386488249676107
2,1,0.20588398585299958,0.06413381316066621,0.8289886398633951,lgb_rank_top10,pre,2023,2023_14,1.0386488249676107
1,0,0.43505665102064334,0.14757480967778333,0.17101136013660487,lgb_rank_top10,pre,2023,2023_15,1.0386488249676107
1,1,0.36537093644855523,0.11158754462889027,0.5700378671220162,lgb_rank_top10,pre,2023,2023_16,1.0386488249676107
1,1,0.33199656298013513,0.10448311381096734,0.5700378671220162,lgb_rank_top10,pre,2023,2023_17,1.0386488249676107
1,1,0.2454496896526964,0.07795659067812599,0.5700378671220162,lgb_rank_top10,pre,2023,2023_18,1.0386488249676107
1,1,0.24756231978620652,0.07943811289015212,0.5700378671220162,lgb_rank_top10,pre,2023,2023_19,1.0386488249676107
2,0,0.2672196902053853,0.08105198395303945,0.7700811153575446,lgb_rank_top10,pre,2023,2023_2,1.0386488249676107
1,1,0.3401464494586425,0.10704520203994891,0.5700378671220162,lgb_rank_top10,pre,2023,2023_20,1.0386488249676107
2,1,0.22671738999539642,0.07189890590371584,0.7752514992859421,lgb_rank_top10,pre,2023,2023_21,1.0386488249676107
2,1,0.196098624807181,0.061139460673403964,0.8289886398633951,lgb_rank_top10,pre,2023,2023_22,1.0386488249676107
1,0,0.3026786689677485,0.10581909765226319,0.35965385102969294,lgb_rank_top10,pre,2023,2023_3,1.0386488249676107
1,0,0.2931981697725491,0.09992632412775881,0.4104272643278517,lgb_rank_top10,pre,2023,2023_4,1.0386488249676107
2,1,0.20942031947199471,0.06582021731372485,0.7410492272586211,lgb_rank_top10,pre,2023,2023_5,1.0386488249676107
2,1,0.33213646455193035,0.09499830194995461,0.7752514992859421,lgb_rank_top10,pre,2023,2023_6,1.0386488249676107
2,1,0.23341541920910253,0.07546504560837844,0.8289886398633951,lgb_rank_top10,pre,2023,2023_7,1.0386488249676107
2,1,0.19049220978401665,0.05769297063752045,0.785830177739832,lgb_rank_top10,pre,2023,2023_8,1.0386488249676107
2,1,0.23154992278495784,0.0764236965036217,0.7410492272586211,lgb_rank_top10,pre,2023,2023_9,1.0386488249676107
2,1,0.1840167470609408,0.05337097506990942,0.8289886398633951,lgb_rank_top10,pre,2024,2024_1,1.0386488249676107
2,1,0.2043265710493682,0.06058126339390103,0.8289886398633951,lgb_rank_top10,pre,2024,2024_10,1.0386488249676107
0,0,0.3304530744882103,0.12036847566824296,0.0,lgb_rank_top10,pre,2024,2024_11,1.0386488249676107
2,0,0.215734205459137,0.06889777460218476,0.6262195749456675,lgb_rank_top10,pre,2024,2024_12,1.0386488249676107
1,0,0.33588053762555903,0.11982609582769765,0.2589507727413789,lgb_rank_top10,pre,2024,2024_13,1.0386488249676107
1,0,0.2782383899216788,0.09827990996445671,0.20521363216392585,lgb_rank_top10,pre,2024,2024_14,1.0386488249676107
2,0,0.19448016887769723,0.06054367007487162,0.7700811153575446,lgb_rank_top10,pre,2024,2024_15,1.0386488249676107
2,0,0.24357594114494324,0.08276309884019892,0.543969706302387,lgb_rank_top10,pre,2024,2024_16,1.0386488249676107
1,1,0.2578020725616819,0.08697568104498908,0.5700378671220162,lgb_rank_top10,pre,2024,2024_17,1.0386488249676107
3,0,0.12758036206532367,0.0299051969038995,0.9068902034668286,lgb_rank_top10,pre,2024,2024_18,1.0386488249676107
1,0,0.3405819767072845,0.12664730568582575,0.17101136013660487,lgb_rank_top10,pre,2024,2024_19,1.0386488249676107
3,1,0.13695584604257155,0.032800822995502604,0.9910438099037578,lgb_rank_top10,pre,2024,2024_2,1.0386488249676107
2,0,0.2508686510300912,0.08859109704843507,0.5814386244644566,lgb_rank_top10,pre,2024,2024_20,1.0386488249676107
1,1,0.6405987484724442,0.1433819454747,0.5700378671220162,lgb_rank_top10,pre,2024,2024_21,1.0386488249676107
0,0,0.46653803028471447,0.17261263470828483,0.0,lgb_rank_top10,pre,2024,2024_22,1.0386488249676107
2,0,0.25856589042938666,0.08624744170547376,0.6954461978888599,lgb_rank_top10,pre,2024,2024_23,1.0386488249676107
2,0,0.24787756945846495,0.0849690909619229,0.5008112441788239,lgb_rank_top10,pre,2024,2024_24,1.0386488249676107
1,0,0.4323074968006749,0.14832841999035554,0.20521363216392585,lgb_rank_top10,pre,2024,2024_3,1.0386488249676107
3,1,0.14983716713311876,0.04113427322321733,0.9910438099037578,lgb_rank_top10,pre,2024,2024_4,1.0386488249676107
2,1,0.20324978963950624,0.0644829974448546,0.785830177739832,lgb_rank_top10,pre,2024,2024_5,1.0386488249676107
2,0,0.1952874980587453,0.0596104512651562,0.5814386244644566,lgb_rank_top10,pre,2024,2024_6,1.0386488249676107
1,1,0.23246408146249592,0.08117986650424217,0.5700378671220162,lgb_rank_top10,pre,2024,2024_7,1.0386488249676107
0,0,0.3166494743030801,0.11670802399211695,0.0,lgb_rank_top10,pre,2024,2024_8,1.0386488249676107
2,1,0.2514351843897503,0.07618549303860464,0.8289886398633951,lgb_rank_top10,pre,2024,2024_9,1.0386488249676107
2,1,0.2325326639907117,0.07366757475642756,0.8289886398633951,lgb_rank_top10,pre,2025,2025_1,1.0386488249676107
0,0,0.37178833993598265,0.13456377237065148,0.0,lgb_rank_top10,pre,2025,2025_10,1.0386488249676107
2,0,0.19311896676440482,0.061243748806867095,0.7700811153575446,lgb_rank_top10,pre,2025,2025_11,1.0386488249676107
2,1,0.3353270784544258,0.07105289258250934,0.8289886398633951,lgb_rank_top10,pre,2025,2025_12,1.0386488249676107
2,0,0.1777436192401513,0.05118183253675419,0.7700811153575446,lgb_rank_top10,pre,2025,2025_13,1.0386488249676107
2,1,0.19719397114388265,0.05989348128752599,0.8289886398633951,lgb_rank_top10,pre,2025,2025_14,1.0386488249676107
1,1,0.39295104696166977,0.11448707690807518,0.5700378671220162,lgb_rank_top10,pre,2025,2025_15,1.0386488249676107
2,0,0.1474880025309046,0.042095536654066554,0.6262195749456675,lgb_rank_top10,pre,2025,2025_16,1.0386488249676107
1,0,0.522871750567403,0.16266133058080606,0.2850189335610081,lgb_rank_top10,pre,2025,2025_17,1.0386488249676107
2,0,0.19930264652851257,0.065356244230248,0.42996213287798374,lgb_rank_top10,pre,2025,2025_18,1.0386488249676107
2,0,0.2677011288674179,0.09069375339848576,0.543969706302387,lgb_rank_top10,pre,2025,2025_19,1.0386488249676107
2,0,0.16896547055591465,0.047514133427031105,0.7700811153575446,lgb_rank_top10,pre,2025,2025_2,1.0386488249676107
2,0,0.2521702202550618,0.08475106325645707,0.5008112441788239,lgb_rank_top10,pre,2025,2025_20,1.0386488249676107
2,1,0.2587042581699291,0.08018758950165825,0.7410492272586211,lgb_rank_top10,pre,2025,2025_21,1.0386488249676107
1,0,0.31252684968788585,0.11480506583244476,0.2850189335610081,lgb_rank_top10,pre,2025,2025_22,1.0386488249676107
1,0,0.39720540036053714,0.11923537073603341,0.35965385102969294,lgb_rank_top10,pre,2025,2025_23,1.0386488249676107
3,0,0.11689036007259672,0.028119106741261828,0.9068902034668286,lgb_rank_top10,pre,2025,2025_24,1.0386488249676107
2,0,0.1757801347436841,0.05286034808377672,0.6262195749456675,lgb_rank_top10,pre,2025,2025_3,1.0386488249676107
3,1,0.1380248564064004,0.03474572198263946,0.9910438099037578,lgb_rank_top10,pre,2025,2025_4,1.0386488249676107
2,1,0.22436651914596442,0.0779978575902031,0.7752514992859421,lgb_rank_top10,pre,2025,2025_5,1.0386488249676107
3,1,0.1617579632191526,0.04767813855655616,0.9910438099037578,lgb_rank_top10,pre,2025,2025_6,1.0386488249676107
2,0,0.24890616616552044,0.08224120063982979,0.6270416538342178,lgb_rank_top10,pre,2025,2025_7,1.0386488249676107
1,0,0.2201468987557972,0.07192836143854274,0.34202272027320973,lgb_rank_top10,pre,2025,2025_8,1.0386488249676107
2,1,0.1951314764036125,0.06119251057347659,0.7752514992859421,lgb_rank_top10,pre,2025,2025_9,1.0386488249676107
0,0,0.4147182890825025,0.15259033150333867,0.0,lgb_rank_top10,pre,2026,2026_1,1.0386488249676107
2,1,0.20937840385527656,0.06947937113581881,0.7752514992859421,lgb_rank_top10,pre,2026,2026_10,1.0386488249676107
2,0,0.21558941091424436,0.07130020920090191,0.6270416538342178,lgb_rank_top10,pre,2026,2026_11,1.0386488249676107
1,0,0.21745952615860678,0.07322627909412495,0.4104272643278517,lgb_rank_top10,pre,2026,2026_12,1.0386488249676107
2,1,0.20210137247675394,0.06606504408894977,0.7752514992859421,lgb_rank_top10,pre,2026,2026_13,1.0386488249676107
2,1,0.20409451650193935,0.06840589944164575,0.7410492272586211,lgb_rank_top10,pre,2026,2026_14,1.0386488249676107
1,0,0.33005901344163036,0.1148671187046193,0.35965385102969294,lgb_rank_top10,pre,2026,2026_15,1.0386488249676107
2,0,0.21429469576902535,0.06606926764140872,0.7700811153575446,lgb_rank_top10,pre,2026,2026_2,1.0386488249676107
2,0,0.2358485331737022,0.08186429573194524,0.5306652111662978,lgb_rank_top10,pre,2026,2026_3,1.0386488249676107
2,1,0.2054050747670945,0.06903439245839137,0.7410492272586211,lgb_rank_top10,pre,2026,2026_4,1.0386488249676107
1,1,0.2864478031669078,0.10227490227256736,0.5700378671220162,lgb_rank_top10,pre,2026,2026_5,1.0386488249676107
1,1,0.3203880536960724,0.09757448632833915,0.5700378671220162,lgb_rank_top10,pre,2026,2026_6,1.0386488249676107
1,0,0.28385301677828606,0.10243706756789885,0.35965385102969294,lgb_rank_top10,pre,2026,2026_7,1.0386488249676107
2,0,0.16396613399798465,0.047717939394372605,0.7016765713029027,lgb_rank_top10,pre,2026,2026_8,1.0386488249676107
1,0,0.24940846922478457,0.08808350858403124,0.2589507727413789,lgb_rank_top10,pre,2026,2026_9,1.0386488249676107
2,0,0.20571006211907003,0.06779958136641764,0.5648674831936188,lgb_rank_top10@2018,post,2022,2022_1,0.9627893239384193
1,0,0.30338200579632424,0.11398222710003578,0.2850189335610081,lgb_rank_top10@2018,post,2022,2022_10,0.9627893239384193
2,0,0.2634639900220942,0.08759286747974841,0.5648674831936188,lgb_rank_top10@2018,post,2022,2022_11,0.9627893239384193
1,0,0.2746096340309838,0.10010428909262255,0.20521363216392585,lgb_rank_top10@2018,post,2022,2022_12,0.9627893239384193
1,0,0.26039454633193354,0.08889921618241094,0.34202272027320973,lgb_rank_top10@2018,post,2022,2022_13,0.9627893239384193
3,0,0.15304662201983585,0.04191799183043714,0.8859924265755967,lgb_rank_top10@2018,post,2022,2022_14,0.9627893239384193
1,1,0.2350279016550902,0.08187702347268658,0.5700378671220162,lgb_rank_top10@2018,post,2022,2022_15,0.9627893239384193
3,0,0.1530801332206144,0.0395714242442393,0.9112385085066755,lgb_rank_top10@2018,post,2022,2022_16,0.9627893239384193
2,1,0.22922498609147463,0.07715387437900872,0.7752514992859421,lgb_rank_top10@2018,post,2022,2022_17,0.9627893239384193
2,1,0.19851031584139645,0.06765540382002529,0.7410492272586211,lgb_rank_top10@2018,post,2022,2022_18,0.9627893239384193
1,1,0.24071781310437707,0.08610393101686185,0.5700378671220162,lgb_rank_top10@2018,post,2022,2022_19,0.9627893239384193
2,0,0.17400124627261362,0.05329262809302419,0.6262195749456675,lgb_rank_top10@2018,post,2022,2022_2,0.9627893239384193
2,1,0.2143383269885249,0.07623579948261354,0.7410492272586211,lgb_rank_top10@2018,post,2022,2022_20,0.9627893239384193
2,0,0.33120441375121396,0.11245336275881242,0.5648674831936188,lgb_rank_top10@2018,post,2022,2022_21,0.9627893239384193
3,1,0.11103045529722075,0.028097963374537755,0.9910438099037578,lgb_rank_top10@2018,post,2022,2022_22,0.9627893239384193
2,1,0.2328951111080119,0.07217665069643292,0.8289886398633951,lgb_rank_top10@2018,post,2022,2022_3,0.9627893239384193
1,1,0.2922163409519777,0.101842400451848,0.5700378671220162,lgb_rank_top10@2018,post,2022,2022_4,0.9627893239384193
3,0,0.18799698658565428,0.055408195670783825,0.9410924754941495,lgb_rank_top10@2018,post,2022,2022_5,0.9627893239384193
1,0,0.35550928348140787,0.13288350512639507,0.2850189335610081,lgb_rank_top10@2018,post,2022,2022_6,0.9627893239384193
2,1,0.14919464815960784,0.045675854722683186,0.7752514992859421,lgb_rank_top10@2018,post,2022,2022_7,0.9627893239384193
1,0,0.3050093505245631,0.10855547092975389,0.2589507727413789,lgb_rank_top10@2018,post,2022,2022_8,0.9627893239384193
2,1,0.16085371242815724,0.04430079816442852,0.8289886398633951,lgb_rank_top10@2018,post,2022,2022_9,0.9627893239384193
2,1,0.2259842767449606,0.06507944735077399,0.8289886398633951,lgb_rank_top10@2018,post,2023,2023_1,0.9627893239384193
1,1,0.2488354601321078,0.08694011543224542,0.5700378671220162,lgb_rank_top10@2018,post,2023,2023_10,0.9627893239384193
2,1,0.21712479142546298,0.07497566607170512,0.7752514992859421,lgb_rank_top10@2018,post,2023,2023_11,0.9627893239384193
2,1,0.13614722738252028,0.03843252360623485,0.8289886398633951,lgb_rank_top10@2018,post,2023,2023_12,0.9627893239384193
1,1,0.432154659854915,0.12293375836356646,0.5700378671220162,lgb_rank_top10@2018,post,2023,2023_13,0.9627893239384193
3,1,0.1320294809263342,0.03622111055373276,1.0,lgb_rank_top10@2018,post,2023,2023_14,0.9627893239384193
1,0,0.35279704242226795,0.12831175540932852,0.35965385102969294,lgb_rank_top10@2018,post,2023,2023_15,0.9627893239384193
1,1,0.25293295704142826,0.08726454210400181,0.5700378671220162,lgb_rank_top10@2018,post,2023,2023_16,0.9627893239384193
1,1,0.37912973141204287,0.12250600595862178,0.5700378671220162,lgb_rank_top10@2018,post,2023,2023_17,0.9627893239384193
2,1,0.22172008936464022,0.0725196353746842,0.7752514992859421,lgb_rank_top10@2018,post,2023,2023_18,0.9627893239384193
2,1,0.20703258150720502,0.06860800586874104,0.785830177739832,lgb_rank_top10@2018,post,2023,2023_19,0.9627893239384193
2,1,0.23702182647978506,0.08011385264559964,0.7752514992859421,lgb_rank_top10@2018,post,2023,2023_2,0.9627893239384193
1,1,0.26217960311228616,0.08829487339881617,0.5700378671220162,lgb_rank_top10@2018,post,2023,2023_20,0.9627893239384193
2,1,0.22054811541318348,0.07003388996456737,0.7752514992859421,lgb_rank_top10@2018,post,2023,2023_21,0.9627893239384193
2,1,0.2136604865842417,0.06895006546843713,0.8289886398633951,lgb_rank_top10@2018,post,2023,2023_22,0.9627893239384193
2,1,0.22776566598160172,0.07825860045067813,0.7752514992859421,lgb_rank_top10@2018,post,2023,2023_3,0.9627893239384193
3,0,0.12654009271509387,0.033184526719958,0.9112385085066755,lgb_rank_top10@2018,post,2023,2023_4,0.9627893239384193
3,0,0.13760359048500415,0.035051384619518774,0.9112385085066755,lgb_rank_top10@2018,post,2023,2023_5,0.9627893239384193
2,1,0.16018182598830372,0.04790442296733892,0.8289886398633951,lgb_rank_top10@2018,post,2023,2023_6,0.9627893239384193
2,1,0.23126963175535648,0.07611950604414938,0.7752514992859421,lgb_rank_top10@2018,post,2023,2023_7,0.9627893239384193
3,1,0.11084261644925919,0.02719050480640694,0.9910438099037578,lgb_rank_top10@2018,post,2023,2023_8,0.9627893239384193
2,1,0.18634912148670782,0.057465251374718085,0.8289886398633951,lgb_rank_top10@2018,post,2023,2023_9,0.9627893239384193
1,1,0.21882625297391362,0.07624132538175832,0.5700378671220162,lgb_rank_top10@2018,post,2024,2024_1,0.8924703518715341
3,0,0.11838851351158344,0.03100823623521049,0.9410924754941495,lgb_rank_top10@2018,post,2024,2024_10,0.8924703518715341
1,0,0.38292963911413375,0.13400132005608098,0.2850189335610081,lgb_rank_top10@2018,post,2024,2024_11,0.8924703518715341
2,0,0.19552327259281757,0.06601255439641597,0.5648674831936188,lgb_rank_top10@2018,post,2024,2024_12,0.8924703518715341
2,0,0.2305417917826425,0.07734596362700147,0.543969706302387,lgb_rank_top10@2018,post,2024,2024_13,0.8924703518715341
1,0,0.3349871405024919,0.12322075586322652,0.21579231061781579,lgb_rank_top10@2018,post,2024,2024_14,0.8924703518715341
2,1,0.12839110071344967,0.038510372376862056,0.8289886398633951,lgb_rank_top10@2018,post,2024,2024_15,0.8924703518715341
2,0,0.17396347343359914,0.05322807335080615,0.6009734930145886,lgb_rank_top10@2018,post,2024,2024_16,0.8924703518715341
2,0,0.23883870485248931,0.07588224515405949,0.7700811153575446,lgb_rank_top10@2018,post,2024,2024_17,0.8924703518715341
3,1,0.09678825702152725,0.023373325546938703,1.0,lgb_rank_top10@2018,post,2024,2024_18,0.8924703518715341
1,0,0.3422266679263666,0.10823627077567685,0.21579231061781579,lgb_rank_top10@2018,post,2024,2024_19,0.8924703518715341
2,1,0.15152037016956066,0.04703902254036309,0.8289886398633951,lgb_rank_top10@2018,post,2024,2024_2,0.8924703518715341
2,0,0.18426749434460604,0.06447605892166222,0.7700811153575446,lgb_rank_top10@2018,post,2024,2024_20,0.8924703518715341
1,0,0.7879808338734268,0.1873380462536167,0.2850189335610081,lgb_rank_top10@2018,post,2024,2024_21,0.8924703518715341
1,0,0.30248571037637284,0.10286471004018734,0.34202272027320973,lgb_rank_top10@2018,post,2024,2024_22,0.8924703518715341
1,1,0.27112348447821766,0.09869712863575138,0.5700378671220162,lgb_rank_top10@2018,post,2024,2024_23,0.8924703518715341
2,1,0.2254760423784597,0.07700976310642657,0.7752514992859421,lgb_rank_top10@2018,post,2024,2024_24,0.8924703518715341
1,0,0.48112651923966715,0.1374335079699675,0.35965385102969294,lgb_rank_top10@2018,post,2024,2024_3,0.8924703518715341
3,1,0.1235127952765537,0.03397772544863972,1.0,lgb_rank_top10@2018,post,2024,2024_4,0.8924703518715341
2,1,0.17216778081606104,0.05215893565701126,0.785830177739832,lgb_rank_top10@2018,post,2024,2024_5,0.8924703518715341
2,0,0.17952197297911823,0.056512481070410917,0.6262195749456675,lgb_rank_top10@2018,post,2024,2024_6,0.8924703518715341
2,1,0.1571200000960773,0.04938381436771475,0.7410492272586211,lgb_rank_top10@2018,post,2024,2024_7,0.8924703518715341
2,1,0.16676638816446057,0.052029234002968286,0.7752514992859421,lgb_rank_top10@2018,post,2024,2024_8,0.8924703518715341
3,1,0.11216575639995693,0.02560671055844438,0.9910438099037578,lgb_rank_top10@2018,post,2024,2024_9,0.8924703518715341
2,1,0.23564503362203076,0.08128880573035582,0.7752514992859421,lgb_rank_top10@2018,post,2025,2025_1,0.9627893239384193
2,0,0.2176366242518874,0.06642515179993094,0.7700811153575446,lgb_rank_top10@2018,post,2025,2025_10,0.9627893239384193
3,1,0.09494697899675521,0.02077780129500306,0.9910438099037578,lgb_rank_top10@2018,post,2025,2025_11,0.9627893239384193
2,0,0.47717513578131765,0.11191703287108037,0.543969706302387,lgb_rank_top10@2018,post,2025,2025_12,0.9627893239384193
3,0,0.11392981140455041,0.02889907741142027,0.9410924754941495,lgb_rank_top10@2018,post,2025,2025_13,0.9627893239384193
2,0,0.1769327655182976,0.0563329126931853,0.543969706302387,lgb_rank_top10@2018,post,2025,2025_14,0.9627893239384193
2,1,0.25307648353044654,0.08733801879966115,0.7752514992859421,lgb_rank_top10@2018,post,2025,2025_15,0.9627893239384193
3,0,0.09321012860242432,0.018757671277559774,0.9112385085066755,lgb_rank_top10@2018,post,2025,2025_16,0.9627893239384193
1,1,0.3117135501261738,0.11061395856418647,0.5700378671220162,lgb_rank_top10@2018,post,2025,2025_17,0.9627893239384193
2,0,0.1608671550311453,0.050633556243776856,0.543969706302387,lgb_rank_top10@2018,post,2025,2025_18,0.9627893239384193
2,1,0.14485906021545955,0.043996375724645084,0.8289886398633951,lgb_rank_top10@2018,post,2025,2025_19,0.9627893239384193
3,1,0.15966638745097336,0.04641440630347936,1.0,lgb_rank_top10@2018,post,2025,2025_2,0.9627893239384193
2,1,0.1730982588923355,0.05593229939737564,0.8289886398633951,lgb_rank_top10@2018,post,2025,2025_20,0.9627893239384193
1,1,0.2761820770766578,0.09873929667460055,0.5700378671220162,lgb_rank_top10@2018,post,2025,2025_21,0.9627893239384193
2,0,0.3809039236158871,0.11552813904201324,0.5648674831936188,lgb_rank_top10@2018,post,2025,2025_22,0.9627893239384193
1,1,0.3294843033982508,0.10522795522066704,0.5700378671220162,lgb_rank_top10@2018,post,2025,2025_23,0.9627893239384193
3,1,0.11103067097399458,0.030422334481868207,0.9910438099037578,lgb_rank_top10@2018,post,2025,2025_24,0.9627893239384193
3,0,0.09777496573490395,0.019676179042240102,0.9410924754941495,lgb_rank_top10@2018,post,2025,2025_3,0.9627893239384193
3,1,0.13793559040328507,0.03821097440775033,0.9910438099037578,lgb_rank_top10@2018,post,2025,2025_4,0.9627893239384193
2,0,0.1874423713072183,0.06184121794571158,0.7700811153575446,lgb_rank_top10@2018,post,2025,2025_5,0.9627893239384193
2,0,0.20972722910973843,0.06860131887816337,0.6954461978888599,lgb_rank_top10@2018,post,2025,2025_6,0.9627893239384193
2,1,0.2200307944562634,0.07114107777612613,0.785830177739832,lgb_rank_top10@2018,post,2025,2025_7,0.9627893239384193
3,1,0.06386920516610542,0.00891374348474789,1.0,lgb_rank_top10@2018,post,2025,2025_8,0.9627893239384193
2,1,0.18782054831490055,0.05998801607180556,0.8289886398633951,lgb_rank_top10@2018,post,2025,2025_9,0.9627893239384193
2,1,0.22483647366036855,0.07545024555944342,0.7752514992859421,lgb_rank_top10@2018,post,2026,2026_1,0.9627893239384193
2,0,0.1627675445429102,0.04818980585236566,0.7016765713029027,lgb_rank_top10@2018,post,2026,2026_10,0.9627893239384193
1,0,0.22710099571229306,0.08020343295820388,0.35965385102969294,lgb_rank_top10@2018,post,2026,2026_11,0.9627893239384193
2,0,0.16086516116233437,0.048377825320284756,0.7016765713029027,lgb_rank_top10@2018,post,2026,2026_12,0.9627893239384193
2,0,0.2070081956200606,0.06780729326590068,0.5814386244644566,lgb_rank_top10@2018,post,2026,2026_13,0.9627893239384193
3,1,0.10948602131309988,0.02982466181009551,0.9910438099037578,lgb_rank_top10@2018,post,2026,2026_14,0.9627893239384193
1,1,0.20916858233730193,0.07038576820210037,0.5700378671220162,lgb_rank_top10@2018,post,2026,2026_15,0.9627893239384193
2,1,0.17409072136520445,0.05618642098702215,0.8289886398633951,lgb_rank_top10@2018,post,2026,2026_2,0.9627893239384193
2,1,0.19205937752395003,0.0666047158182438,0.7410492272586211,lgb_rank_top10@2018,post,2026,2026_3,0.9627893239384193
1,1,0.24420991057524405,0.08713961523052872,0.5700378671220162,lgb_rank_top10@2018,post,2026,2026_4,0.9627893239384193
1,0,0.3542780766231948,0.12014869842432159,0.35965385102969294,lgb_rank_top10@2018,post,2026,2026_5,0.9627893239384193
2,1,0.24796895403570832,0.07791546413687926,0.8289886398633951,lgb_rank_top10@2018,post,2026,2026_6,0.9627893239384193
2,1,0.15652070680038996,0.04867158106168061,0.8289886398633951,lgb_rank_top10@2018,post,2026,2026_7,0.9627893239384193
2,0,0.2113552160555982,0.0723333909271805,0.5306652111662978,lgb_rank_top10@2018,post,2026,2026_8,0.9627893239384193
2,0,0.2865536021861226,0.09544610587809674,0.5648674831936188,lgb_rank_top10@2018,post,2026,2026_9,0.9627893239384193
1,0,0.3154446513467308,0.10499090774807299,0.34202272027320973,lgb_rank_top10@2018,pre,2022,2022_1,0.9627893239384193
2,1,0.2236695576644514,0.07345130344196188,0.7752514992859421,lgb_rank_top10@2018,pre,2022,2022_10,0.9627893239384193
1,0,0.3489300749891668,0.13042725573259878,0.20521363216392585,lgb_rank_top10@2018,pre,2022,2022_11,0.9627893239384193
0,0,0.28512211000704435,0.10513126374273958,0.0,lgb_rank_top10@2018,pre,2022,2022_12,0.9627893239384193
2,0,0.24496898896699504,0.08544747372578305,0.5008112441788239,lgb_rank_top10@2018,pre,2022,2022_13,0.9627893239384193
2,1,0.21460293999045402,0.07179330323972863,0.7752514992859421,lgb_rank_top10@2018,pre,2022,2022_14,0.9627893239384193
1,1,0.2566551776703914,0.08971426305224989,0.5700378671220162,lgb_rank_top10@2018,pre,2022,2022_15,0.9627893239384193
2,1,0.20120462062950914,0.0643666076951795,0.785830177739832,lgb_rank_top10@2018,pre,2022,2022_16,0.9627893239384193
1,0,0.3365338263581513,0.1190405649448808,0.20521363216392585,lgb_rank_top10@2018,pre,2022,2022_17,0.9627893239384193
2,0,0.21058394358879567,0.07070818165777523,0.5306652111662978,lgb_rank_top10@2018,pre,2022,2022_18,0.9627893239384193
1,1,0.22669888259027618,0.07854496752491996,0.5700378671220162,lgb_rank_top10@2018,pre,2022,2022_19,0.9627893239384193
2,0,0.23577735836027314,0.07773260820688173,0.5306652111662978,lgb_rank_top10@2018,pre,2022,2022_2,0.9627893239384193
2,1,0.1975562831555702,0.06550353681025,0.7410492272586211,lgb_rank_top10@2018,pre,2022,2022_20,0.9627893239384193
1,0,0.3339109266708786,0.12241385711681549,0.2589507727413789,lgb_rank_top10@2018,pre,2022,2022_21,0.9627893239384193
2,1,0.2059718684563169,0.06916060491470742,0.7752514992859421,lgb_rank_top10@2018,pre,2022,2022_22,0.9627893239384193
2,0,0.28812675367622237,0.09808157312545587,0.5648674831936188,lgb_rank_top10@2018,pre,2022,2022_3,0.9627893239384193
1,0,0.3892123456837958,0.12452828090306975,0.35965385102969294,lgb_rank_top10@2018,pre,2022,2022_4,0.9627893239384193
2,0,0.18486044595519205,0.05464615405852238,0.7700811153575446,lgb_rank_top10@2018,pre,2022,2022_5,0.9627893239384193
2,0,0.2512010420452279,0.08539405153990982,0.5648674831936188,lgb_rank_top10@2018,pre,2022,2022_6,0.9627893239384193
2,0,0.20020285701573334,0.0642757103391923,0.5008112441788239,lgb_rank_top10@2018,pre,2022,2022_7,0.9627893239384193
2,0,0.2463876809604199,0.08388899967711404,0.543969706302387,lgb_rank_top10@2018,pre,2022,2022_8,0.9627893239384193
1,1,0.2773596779133742,0.094701556838181,0.5700378671220162,lgb_rank_top10@2018,pre,2022,2022_9,0.9627893239384193
1,1,0.3781034697087951,0.1164936230417954,0.5700378671220162,lgb_rank_top10@2018,pre,2023,2023_1,0.9627893239384193
1,1,0.34191002370225704,0.10124315995295408,0.5700378671220162,lgb_rank_top10@2018,pre,2023,2023_10,0.9627893239384193
1,1,0.3035549175905167,0.09523248873269177,0.5700378671220162,lgb_rank_top10@2018,pre,2023,2023_11,0.9627893239384193
2,1,0.23155807193216166,0.07154452948575625,0.8289886398633951,lgb_rank_top10@2018,pre,2023,2023_12,0.9627893239384193
1,1,0.3814988296335311,0.11623645161365233,0.5700378671220162,lgb_rank_top10@2018,pre,2023,2023_13,0.9627893239384193
2,1,0.21501185774753,0.06553845566080527,0.8289886398633951,lgb_rank_top10@2018,pre,2023,2023_14,0.9627893239384193
0,0,0.5133510124547805,0.16426406997428672,0.0,lgb_rank_top10@2018,pre,2023,2023_15,0.9627893239384193
1,1,0.4289421546251093,0.12192179393464027,0.5700378671220162,lgb_rank_top10@2018,pre,2023,2023_16,0.9627893239384193
1,1,0.3539694550194853,0.1055879460092027,0.5700378671220162,lgb_rank_top10@2018,pre,2023,2023_17,0.9627893239384193
1,1,0.2483411193821373,0.08107726355398001,0.5700378671220162,lgb_rank_top10@2018,pre,2023,2023_18,0.9627893239384193
1,1,0.2251702830236054,0.07303136870048962,0.5700378671220162,lgb_rank_top10@2018,pre,2023,2023_19,0.9627893239384193
2,0,0.29126861177864444,0.08937739695288577,0.6954461978888599,lgb_rank_top10@2018,pre,2023,2023_2,0.9627893239384193
1,1,0.34991977052056744,0.10969686172185655,0.5700378671220162,lgb_rank_top10@2018,pre,2023,2023_20,0.9627893239384193
1,1,0.22497486058092453,0.07244433667605531,0.5700378671220162,lgb_rank_top10@2018,pre,2023,2023_21,0.9627893239384193
2,1,0.19000807132616437,0.05907722711066151,0.8289886398633951,lgb_rank_top10@2018,pre,2023,2023_22,0.9627893239384193
1,1,0.29141104016693653,0.10093822754781254,0.5700378671220162,lgb_rank_top10@2018,pre,2023,2023_3,0.9627893239384193
1,0,0.280027225143586,0.09641890727875761,0.4104272643278517,lgb_rank_top10@2018,pre,2023,2023_4,0.9627893239384193
2,1,0.1745516897473003,0.05082084970153057,0.8289886398633951,lgb_rank_top10@2018,pre,2023,2023_5,0.9627893239384193
2,1,0.3397478898927717,0.09847365526755533,0.7752514992859421,lgb_rank_top10@2018,pre,2023,2023_6,0.9627893239384193
2,1,0.20904154645497916,0.06543147328251733,0.8289886398633951,lgb_rank_top10@2018,pre,2023,2023_7,0.9627893239384193
2,1,0.2048382384620408,0.06595748645238969,0.785830177739832,lgb_rank_top10@2018,pre,2023,2023_8,0.9627893239384193
2,1,0.23247555715058027,0.07526399699488173,0.7410492272586211,lgb_rank_top10@2018,pre,2023,2023_9,0.9627893239384193
2,1,0.22422444179363654,0.0663266196882332,0.8289886398633951,lgb_rank_top10@2018,pre,2024,2024_1,1.1204854008908787
2,1,0.23113177204733418,0.07145680562117208,0.8289886398633951,lgb_rank_top10@2018,pre,2024,2024_10,1.1204854008908787
0,0,0.34291663441845177,0.12353331218108106,0.0,lgb_rank_top10@2018,pre,2024,2024_11,1.1204854008908787
2,0,0.20126120811390674,0.06079749281454837,0.7700811153575446,lgb_rank_top10@2018,pre,2024,2024_12,1.1204854008908787
2,0,0.2945860848174835,0.10302137481552753,0.42996213287798374,lgb_rank_top10@2018,pre,2024,2024_13,1.1204854008908787
1,0,0.3042916593267548,0.10930626926677589,0.20521363216392585,lgb_rank_top10@2018,pre,2024,2024_14,1.1204854008908787
3,0,0.17618134856113646,0.0507793311074519,0.9112385085066755,lgb_rank_top10@2018,pre,2024,2024_15,1.1204854008908787
2,0,0.23205477261450752,0.07648974083248937,0.42996213287798374,lgb_rank_top10@2018,pre,2024,2024_16,1.1204854008908787
1,1,0.2762612440396204,0.09365022922663621,0.5700378671220162,lgb_rank_top10@2018,pre,2024,2024_17,1.1204854008908787
2,0,0.16511179122074035,0.04747150882321282,0.7016765713029027,lgb_rank_top10@2018,pre,2024,2024_18,1.1204854008908787
1,0,0.2954970184288451,0.10759580693406072,0.17101136013660487,lgb_rank_top10@2018,pre,2024,2024_19,1.1204854008908787
3,1,0.15087101786233698,0.039271865729057734,1.0,lgb_rank_top10@2018,pre,2024,2024_2,1.1204854008908787
2,0,0.2439715662207756,0.08594077125686686,0.42996213287798374,lgb_rank_top10@2018,pre,2024,2024_20,1.1204854008908787
1,0,0.6761122112962503,0.16290172442056963,0.2850189335610081,lgb_rank_top10@2018,pre,2024,2024_21,1.1204854008908787
0,0,0.48050263805273763,0.1776519990050364,0.0,lgb_rank_top10@2018,pre,2024,2024_22,1.1204854008908787
2,0,0.2935569784507446,0.10182395344407491,0.5648674831936188,lgb_rank_top10@2018,pre,2024,2024_23,1.1204854008908787
2,0,0.25183545673208785,0.08742848983213405,0.5008112441788239,lgb_rank_top10@2018,pre,2024,2024_24,1.1204854008908787
1,0,0.42924143262199294,0.14841241599874747,0.20521363216392585,lgb_rank_top10@2018,pre,2024,2024_3,1.1204854008908787
2,1,0.16910930301253857,0.0497828411066497,0.785830177739832,lgb_rank_top10@2018,pre,2024,2024_4,1.1204854008908787
2,1,0.22887976046188957,0.07058214263052474,0.785830177739832,lgb_rank_top10@2018,pre,2024,2024_5,1.1204854008908787
2,0,0.21732906939773788,0.06896607751502551,0.6262195749456675,lgb_rank_top10@2018,pre,2024,2024_6,1.1204854008908787
1,1,0.24702692897652684,0.08898668419874164,0.5700378671220162,lgb_rank_top10@2018,pre,2024,2024_7,1.1204854008908787
1,0,0.32721918216556295,0.11915658023831968,0.17101136013660487,lgb_rank_top10@2018,pre,2024,2024_8,1.1204854008908787
1,1,0.2577954894027773,0.08337984771472015,0.5700378671220162,lgb_rank_top10@2018,pre,2024,2024_9,1.1204854008908787
1,1,0.25028485549484913,0.08453053987344891,0.5700378671220162,lgb_rank_top10@2018,pre,2025,2025_1,1.1204854008908787
0,0,0.39268577026370177,0.13780859785079003,0.0,lgb_rank_top10@2018,pre,2025,2025_10,1.1204854008908787
2,0,0.19854430033739454,0.06336071367325333,0.6954461978888599,lgb_rank_top10@2018,pre,2025,2025_11,1.1204854008908787
2,0,0.3559907734839739,0.08710195389630469,0.7700811153575446,lgb_rank_top10@2018,pre,2025,2025_12,1.1204854008908787
2,0,0.21080505223504295,0.06346393211545617,0.7700811153575446,lgb_rank_top10@2018,pre,2025,2025_13,1.1204854008908787
2,1,0.19756252192429272,0.05895224921142702,0.8289886398633951,lgb_rank_top10@2018,pre,2025,2025_14,1.1204854008908787
1,0,0.39276183885543764,0.11460883560947213,0.35965385102969294,lgb_rank_top10@2018,pre,2025,2025_15,1.1204854008908787
2,0,0.1633477543241802,0.04463288071707576,0.6262195749456675,lgb_rank_top10@2018,pre,2025,2025_16,1.1204854008908787
1,0,0.5204318240986,0.1721461995517506,0.20521363216392585,lgb_rank_top10@2018,pre,2025,2025_17,1.1204854008908787
2,0,0.20517994040530993,0.06614226863707011,0.42100594278174164,lgb_rank_top10@2018,pre,2025,2025_18,1.1204854008908787
2,0,0.2464402862676475,0.0822271535123952,0.5648674831936188,lgb_rank_top10@2018,pre,2025,2025_19,1.1204854008908787
2,0,0.1991017841776298,0.059544522588350815,0.7700811153575446,lgb_rank_top10@2018,pre,2025,2025_2,1.1204854008908787
2,0,0.23079947674424778,0.07536653852835493,0.6270416538342178,lgb_rank_top10@2018,pre,2025,2025_20,1.1204854008908787
2,1,0.28920810891814347,0.08837333431661057,0.7410492272586211,lgb_rank_top10@2018,pre,2025,2025_21,1.1204854008908787
1,0,0.29297880627117445,0.10530998994486487,0.2850189335610081,lgb_rank_top10@2018,pre,2025,2025_22,1.1204854008908787
1,0,0.39317523445681735,0.12100022575936535,0.2850189335610081,lgb_rank_top10@2018,pre,2025,2025_23,1.1204854008908787
2,1,0.15879789325113364,0.04451288100825184,0.785830177739832,lgb_rank_top10@2018,pre,2025,2025_24,1.1204854008908787
2,0,0.15626987205239076,0.042433971580024946,0.6262195749456675,lgb_rank_top10@2018,pre,2025,2025_3,1.1204854008908787
3,0,0.1587085256625797,0.04246720681130295,0.9068902034668286,lgb_rank_top10@2018,pre,2025,2025_4,1.1204854008908787
1,1,0.2205075824117187,0.07507822264468197,0.5700378671220162,lgb_rank_top10@2018,pre,2025,2025_5,1.1204854008908787
2,1,0.15869120703725406,0.04617565408909007,0.8289886398633951,lgb_rank_top10@2018,pre,2025,2025_6,1.1204854008908787
2,0,0.20744824252202543,0.06650400184168773,0.7016765713029027,lgb_rank_top10@2018,pre,2025,2025_7,1.1204854008908787
2,0,0.19674036289679386,0.059737198320553866,0.7016765713029027,lgb_rank_top10@2018,pre,2025,2025_8,1.1204854008908787
2,1,0.1850550545097857,0.05492384685382075,0.785830177739832,lgb_rank_top10@2018,pre,2025,2025_9,1.1204854008908787
0,0,0.3779462663458633,0.1401408757383349,0.0,lgb_rank_top10@2018,pre,2026,2026_1,1.1204854008908787
2,1,0.20369628996061753,0.064080596505021,0.7752514992859421,lgb_rank_top10@2018,pre,2026,2026_10,1.1204854008908787
1,0,0.231553966299363,0.0760763297472811,0.34202272027320973,lgb_rank_top10@2018,pre,2026,2026_11,1.1204854008908787
1,0,0.23400973242245005,0.07836108273022059,0.4104272643278517,lgb_rank_top10@2018,pre,2026,2026_12,1.1204854008908787
2,1,0.20765696599895345,0.0678145919654459,0.785830177739832,lgb_rank_top10@2018,pre,2026,2026_13,1.1204854008908787
1,1,0.2173631181702049,0.07169604423471661,0.5700378671220162,lgb_rank_top10@2018,pre,2026,2026_14,1.1204854008908787
2,0,0.2934261015130859,0.10398417958050311,0.5648674831936188,lgb_rank_top10@2018,pre,2026,2026_15,1.1204854008908787
2,0,0.22334449916433072,0.06956191347668297,0.7700811153575446,lgb_rank_top10@2018,pre,2026,2026_2,1.1204854008908787
2,0,0.22842444448072438,0.07674119437832155,0.5306652111662978,lgb_rank_top10@2018,pre,2026,2026_3,1.1204854008908787
2,1,0.2573815035855417,0.08801847725857456,0.7410492272586211,lgb_rank_top10@2018,pre,2026,2026_4,1.1204854008908787
1,1,0.2973171483814957,0.10320041430362524,0.5700378671220162,lgb_rank_top10@2018,pre,2026,2026_5,1.1204854008908787
2,1,0.27767702488803675,0.08633816622519773,0.8289886398633951,lgb_rank_top10@2018,pre,2026,2026_6,1.1204854008908787
2,0,0.2685179635678609,0.09424069255854238,0.5306652111662978,lgb_rank_top10@2018,pre,2026,2026_7,1.1204854008908787
2,0,0.20240968918210278,0.06197888392393245,0.7016765713029027,lgb_rank_top10@2018,pre,2026,2026_8,1.1204854008908787
1,0,0.24909004655459574,0.08640085038438243,0.2589507727413789,lgb_rank_top10@2018,pre,2026,2026_9,1.1204854008908787
2,1,0.2427026895468897,0.07486134725712566,0.8289886398633951,lgb_rank_top10@2022,post,2023,2023_1,0.8924703518715341
2,1,0.22996399493052738,0.07658880559083728,0.7410492272586211,lgb_rank_top10@2022,post,2023,2023_10,0.8924703518715341
2,1,0.17114969563413546,0.058343296763129514,0.7410492272586211,lgb_rank_top10@2022,post,2023,2023_11,0.8924703518715341
3,1,0.0978080126024364,0.025605904712326,1.0,lgb_rank_top10@2022,post,2023,2023_12,0.8924703518715341
1,1,0.41537726090151983,0.11705047933170176,0.5700378671220162,lgb_rank_top10@2022,post,2023,2023_13,0.8924703518715341
2,1,0.14704726039985183,0.04424003213966525,0.8289886398633951,lgb_rank_top10@2022,post,2023,2023_14,0.8924703518715341
2,0,0.2843706290987019,0.09659585824261466,0.6270416538342178,lgb_rank_top10@2022,post,2023,2023_15,0.8924703518715341
1,1,0.29291842064855095,0.0988897728921256,0.5700378671220162,lgb_rank_top10@2022,post,2023,2023_16,0.8924703518715341
1,1,0.4006388233964426,0.12817426971648296,0.5700378671220162,lgb_rank_top10@2022,post,2023,2023_17,0.8924703518715341
2,1,0.198842287639768,0.06472197241777733,0.8289886398633951,lgb_rank_top10@2022,post,2023,2023_18,0.8924703518715341
2,1,0.1745152909468945,0.058929519474083925,0.7410492272586211,lgb_rank_top10@2022,post,2023,2023_19,0.8924703518715341
2,1,0.20571375798941852,0.06980000231218757,0.7752514992859421,lgb_rank_top10@2022,post,2023,2023_2,0.8924703518715341
1,1,0.31612035548343703,0.10752127534818942,0.5700378671220162,lgb_rank_top10@2022,post,2023,2023_20,0.8924703518715341
2,1,0.20797688904522346,0.06636650679601508,0.8289886398633951,lgb_rank_top10@2022,post,2023,2023_21,0.8924703518715341
2,1,0.23278163610072128,0.07617629113918317,0.7752514992859421,lgb_rank_top10@2022,post,2023,2023_22,0.8924703518715341
2,1,0.16302111302412237,0.05308560870216931,0.8289886398633951,lgb_rank_top10@2022,post,2023,2023_3,0.8924703518715341
2,0,0.14998609822539036,0.04648434397384491,0.7700811153575446,lgb_rank_top10@2022,post,2023,2023_4,0.8924703518715341
3,0,0.0987884683715187,0.02306558497571696,0.9410924754941495,lgb_rank_top10@2022,post,2023,2023_5,0.8924703518715341
2,1,0.2482369999478673,0.07493048412260386,0.8289886398633951,lgb_rank_top10@2022,post,2023,2023_6,0.8924703518715341
2,1,0.19206700913474636,0.05424293933947562,0.8289886398633951,lgb_rank_top10@2022,post,2023,2023_7,0.8924703518715341
3,1,0.10932324464269852,0.028695155066873416,1.0,lgb_rank_top10@2022,post,2023,2023_8,0.8924703518715341
2,1,0.22132295221037496,0.07639136455110669,0.7752514992859421,lgb_rank_top10@2022,post,2023,2023_9,0.8924703518715341
2,1,0.20978492375830043,0.072826862656405,0.7410492272586211,lgb_rank_top10@2022,post,2024,2024_1,0.8924703518715341
2,1,0.16142511897767048,0.0501154452092088,0.8289886398633951,lgb_rank_top10@2022,post,2024,2024_10,0.8924703518715341
1,0,0.588787649236024,0.17875765142147973,0.2850189335610081,lgb_rank_top10@2022,post,2024,2024_11,0.8924703518715341
2,0,0.1852022163510097,0.06277869083777901,0.543969706302387,lgb_rank_top10@2022,post,2024,2024_12,0.8924703518715341
2,0,0.22229861745076743,0.07632639782406173,0.5648674831936188,lgb_rank_top10@2022,post,2024,2024_13,0.8924703518715341
2,0,0.2503174646436338,0.0879120759812952,0.5008112441788239,lgb_rank_top10@2022,post,2024,2024_14,0.8924703518715341
2,1,0.15905910380693836,0.04869161242051236,0.8289886398633951,lgb_rank_top10@2022,post,2024,2024_15,0.8924703518715341
2,0,0.11292902939810052,0.03189461405204422,0.6009734930145886,lgb_rank_top10@2022,post,2024,2024_16,0.8924703518715341
2,1,0.22520166647364767,0.07261967441128851,0.8289886398633951,lgb_rank_top10@2022,post,2024,2024_17,0.8924703518715341
3,1,0.09374303647951843,0.024679487923012396,0.9910438099037578,lgb_rank_top10@2022,post,2024,2024_18,0.8924703518715341
1,0,0.3778815825104881,0.11719876487095889,0.21579231061781579,lgb_rank_top10@2022,post,2024,2024_19,0.8924703518715341
3,1,0.10525747748584835,0.028592609579746305,1.0,lgb_rank_top10@2022,post,2024,2024_2,0.8924703518715341
2,0,0.1659807659960177,0.05779812160640342,0.5814386244644566,lgb_rank_top10@2022,post,2024,2024_20,0.8924703518715341
0,0,0.7430077276045463,0.19178658600100906,0.0,lgb_rank_top10@2022,post,2024,2024_21,0.8924703518715341
1,0,0.3126816181262567,0.1114005731910603,0.17101136013660487,lgb_rank_top10@2022,post,2024,2024_22,0.8924703518715341
1,0,0.2524281796063746,0.09120763748003866,0.20521363216392585,lgb_rank_top10@2022,post,2024,2024_23,0.8924703518715341
2,1,0.2335585860149007,0.0805747221044555,0.7752514992859421,lgb_rank_top10@2022,post,2024,2024_24,0.8924703518715341
1,0,0.5787758354284251,0.1661109095199225,0.2850189335610081,lgb_rank_top10@2022,post,2024,2024_3,0.8924703518715341
2,1,0.20534602295815824,0.06628588956599929,0.8289886398633951,lgb_rank_top10@2022,post,2024,2024_4,0.8924703518715341
2,1,0.13172753397003167,0.037538500109236,0.785830177739832,lgb_rank_top10@2022,post,2024,2024_5,0.8924703518715341
2,0,0.16092808861797436,0.05546219265378519,0.5814386244644566,lgb_rank_top10@2022,post,2024,2024_6,0.8924703518715341
2,1,0.12174879834976102,0.03516848024830628,0.8289886398633951,lgb_rank_top10@2022,post,2024,2024_7,0.8924703518715341
1,0,0.24283005586573844,0.08969316831260846,0.35965385102969294,lgb_rank_top10@2022,post,2024,2024_8,0.8924703518715341
2,1,0.12641081008566177,0.03671698764273619,0.8289886398633951,lgb_rank_top10@2022,post,2024,2024_9,0.8924703518715341
2,0,0.2383643124149502,0.07979757583262109,0.5306652111662978,lgb_rank_top10@2022,post,2025,2025_1,1.0386488249676107
1,0,0.28256841547063216,0.09984937426831732,0.35965385102969294,lgb_rank_top10@2022,post,2025,2025_10,1.0386488249676107
3,1,0.11435624466969714,0.029804715013947446,0.9910438099037578,lgb_rank_top10@2022,post,2025,2025_11,1.0386488249676107
2,0,0.4442964704473199,0.09873143860668623,0.6954461978888599,lgb_rank_top10@2022,post,2025,2025_12,1.0386488249676107
2,0,0.12374972922341629,0.0349780105490008,0.7700811153575446,lgb_rank_top10@2022,post,2025,2025_13,1.0386488249676107
2,0,0.14292667155485778,0.04849646376319858,0.7700811153575446,lgb_rank_top10@2022,post,2025,2025_14,1.0386488249676107
2,1,0.35915397496300216,0.11218831718552942,0.7752514992859421,lgb_rank_top10@2022,post,2025,2025_15,1.0386488249676107
3,0,0.09252602686204911,0.020953863448184458,0.9112385085066755,lgb_rank_top10@2022,post,2025,2025_16,1.0386488249676107
1,1,0.26775666697514483,0.09076532696784068,0.5700378671220162,lgb_rank_top10@2022,post,2025,2025_17,1.0386488249676107
2,0,0.14459304391486177,0.04597660857414252,0.7700811153575446,lgb_rank_top10@2022,post,2025,2025_18,1.0386488249676107
2,1,0.1277986472770098,0.03796840684477888,0.8289886398633951,lgb_rank_top10@2022,post,2025,2025_19,1.0386488249676107
3,0,0.16044244587073683,0.046658875885498524,0.9068902034668286,lgb_rank_top10@2022,post,2025,2025_2,1.0386488249676107
3,1,0.13804049854791844,0.040116828053635784,1.0,lgb_rank_top10@2022,post,2025,2025_20,1.0386488249676107
1,1,0.3043733590289016,0.10978719208655632,0.5700378671220162,lgb_rank_top10@2022,post,2025,2025_21,1.0386488249676107
1,0,0.4149513862427673,0.12531338497464528,0.35965385102969294,lgb_rank_top10@2022,post,2025,2025_22,1.0386488249676107
2,1,0.32250879697005536,0.09664403382431255,0.8289886398633951,lgb_rank_top10@2022,post,2025,2025_23,1.0386488249676107
3,1,0.12364882055685995,0.03438438056349522,0.9910438099037578,lgb_rank_top10@2022,post,2025,2025_24,1.0386488249676107
3,0,0.1000115645047061,0.02185337992497189,0.9112385085066755,lgb_rank_top10@2022,post,2025,2025_3,1.0386488249676107
3,1,0.11990066080704842,0.030734820947413227,0.9910438099037578,lgb_rank_top10@2022,post,2025,2025_4,1.0386488249676107
2,1,0.19148556455291899,0.06566949671829893,0.8289886398633951,lgb_rank_top10@2022,post,2025,2025_5,1.0386488249676107
2,1,0.15892750177802098,0.04918952091429401,0.8289886398633951,lgb_rank_top10@2022,post,2025,2025_6,1.0386488249676107
2,0,0.12945860565800518,0.04015349067198675,0.7016765713029027,lgb_rank_top10@2022,post,2025,2025_7,1.0386488249676107
3,0,0.06557154400532868,0.010973214266567595,0.9068902034668286,lgb_rank_top10@2022,post,2025,2025_8,1.0386488249676107
2,1,0.19676290737131172,0.06566726251382102,0.8289886398633951,lgb_rank_top10@2022,post,2025,2025_9,1.0386488249676107
2,1,0.19981033039074597,0.061572461901859436,0.7752514992859421,lgb_rank_top10@2022,post,2026,2026_1,1.0386488249676107
2,1,0.17580421252797798,0.055038097739647254,0.785830177739832,lgb_rank_top10@2022,post,2026,2026_10,1.0386488249676107
2,1,0.19699347209748816,0.06691552713098096,0.7752514992859421,lgb_rank_top10@2022,post,2026,2026_11,1.0386488249676107
1,0,0.1935964710586462,0.06371107466221998,0.34202272027320973,lgb_rank_top10@2022,post,2026,2026_12,1.0386488249676107
2,0,0.19329813166534365,0.06141544453906383,0.6262195749456675,lgb_rank_top10@2022,post,2026,2026_13,1.0386488249676107
2,1,0.12369166187159285,0.03704001562813272,0.8289886398633951,lgb_rank_top10@2022,post,2026,2026_14,1.0386488249676107
1,1,0.23484912741281266,0.08006374185039535,0.5700378671220162,lgb_rank_top10@2022,post,2026,2026_15,1.0386488249676107
2,1,0.16409364821478045,0.05475528426869665,0.7752514992859421,lgb_rank_top10@2022,post,2026,2026_2,1.0386488249676107
2,1,0.19430865939345085,0.06544384740161883,0.7410492272586211,lgb_rank_top10@2022,post,2026,2026_3,1.0386488249676107
1,1,0.26942858858256175,0.09797541071927073,0.5700378671220162,lgb_rank_top10@2022,post,2026,2026_4,1.0386488249676107
1,0,0.33471562471304844,0.11480404343291517,0.35965385102969294,lgb_rank_top10@2022,post,2026,2026_5,1.0386488249676107
1,0,0.25702105867988245,0.08825588238737242,0.35965385102969294,lgb_rank_top10@2022,post,2026,2026_6,1.0386488249676107
2,0,0.15375714149229602,0.04609963701164275,0.7700811153575446,lgb_rank_top10@2022,post,2026,2026_7,1.0386488249676107
2,0,0.2173111882260354,0.07548901905903362,0.5648674831936188,lgb_rank_top10@2022,post,2026,2026_8,1.0386488249676107
2,0,0.2694736377033534,0.09210857267744181,0.42996213287798374,lgb_rank_top10@2022,post,2026,2026_9,1.0386488249676107
1,0,0.39316810978556593,0.12170022962698457,0.2850189335610081,lgb_rank_top10@2022,pre,2023,2023_1,1.2087699936970944
1,1,0.30226923746444234,0.09370268432306098,0.5700378671220162,lgb_rank_top10@2022,pre,2023,2023_10,1.2087699936970944
2,1,0.23598999647869703,0.07335125997144096,0.785830177739832,lgb_rank_top10@2022,pre,2023,2023_11,1.2087699936970944
2,1,0.23660239421125487,0.07311252103337607,0.7752514992859421,lgb_rank_top10@2022,pre,2023,2023_12,1.2087699936970944
1,1,0.3955116586093755,0.11927652056897413,0.5700378671220162,lgb_rank_top10@2022,pre,2023,2023_13,1.2087699936970944
2,1,0.24651213224243804,0.07557142163400238,0.8289886398633951,lgb_rank_top10@2022,pre,2023,2023_14,1.2087699936970944
1,0,0.43613243786813116,0.15307400780898134,0.17101136013660487,lgb_rank_top10@2022,pre,2023,2023_15,1.2087699936970944
1,1,0.38761352120705583,0.10942926344711179,0.5700378671220162,lgb_rank_top10@2022,pre,2023,2023_16,1.2087699936970944
1,1,0.3045117851751473,0.10208750543041253,0.5700378671220162,lgb_rank_top10@2022,pre,2023,2023_17,1.2087699936970944
2,1,0.23651704267569826,0.0766172645292554,0.7752514992859421,lgb_rank_top10@2022,pre,2023,2023_18,1.2087699936970944
2,1,0.2225388446542905,0.07025452626497461,0.7752514992859421,lgb_rank_top10@2022,pre,2023,2023_19,1.2087699936970944
2,0,0.2637452291154019,0.07914575333332348,0.7700811153575446,lgb_rank_top10@2022,pre,2023,2023_2,1.2087699936970944
1,1,0.35833454175060087,0.1132530307674893,0.5700378671220162,lgb_rank_top10@2022,pre,2023,2023_20,1.2087699936970944
2,1,0.2074224192319145,0.0637321271782719,0.8289886398633951,lgb_rank_top10@2022,pre,2023,2023_21,1.2087699936970944
2,1,0.22891753499704084,0.07228472354391217,0.7752514992859421,lgb_rank_top10@2022,pre,2023,2023_22,1.2087699936970944
2,0,0.2737559119222338,0.09647519116426898,0.5648674831936188,lgb_rank_top10@2022,pre,2023,2023_3,1.2087699936970944
2,0,0.25833685410747875,0.0813977894239816,0.7700811153575446,lgb_rank_top10@2022,pre,2023,2023_4,1.2087699936970944
3,1,0.1671157363204428,0.04558196472434003,1.0,lgb_rank_top10@2022,pre,2023,2023_5,1.2087699936970944
1,1,0.3646145094245149,0.10320220334675481,0.5700378671220162,lgb_rank_top10@2022,pre,2023,2023_6,1.2087699936970944
2,0,0.19927726538137233,0.05978912154816076,0.7700811153575446,lgb_rank_top10@2022,pre,2023,2023_7,1.2087699936970944
2,1,0.21368200668799125,0.06779692069752549,0.785830177739832,lgb_rank_top10@2022,pre,2023,2023_8,1.2087699936970944
2,1,0.2455177232142604,0.07845165136156325,0.7410492272586211,lgb_rank_top10@2022,pre,2023,2023_9,1.2087699936970944
3,1,0.21264883871712917,0.06180309272558421,0.9910438099037578,lgb_rank_top10@2022,pre,2024,2024_1,1.2087699936970944
2,1,0.2524348632183415,0.07975326749470732,0.8289886398633951,lgb_rank_top10@2022,pre,2024,2024_10,1.2087699936970944
0,0,0.4275464824368352,0.1528648899679505,0.0,lgb_rank_top10@2022,pre,2024,2024_11,1.2087699936970944
2,0,0.23322564934878653,0.07583538444594279,0.6954461978888599,lgb_rank_top10@2022,pre,2024,2024_12,1.2087699936970944
2,0,0.29792306629306375,0.10453570543208827,0.543969706302387,lgb_rank_top10@2022,pre,2024,2024_13,1.2087699936970944
2,0,0.25220415410861097,0.08489611181747833,0.42100594278174164,lgb_rank_top10@2022,pre,2024,2024_14,1.2087699936970944
2,1,0.24398280592517935,0.07907052254198879,0.7752514992859421,lgb_rank_top10@2022,pre,2024,2024_15,1.2087699936970944
2,0,0.19842021620329645,0.06001811948651441,0.6009734930145886,lgb_rank_top10@2022,pre,2024,2024_16,1.2087699936970944
1,0,0.2877934811019529,0.09945298426143588,0.35965385102969294,lgb_rank_top10@2022,pre,2024,2024_17,1.2087699936970944
2,1,0.16975218985633786,0.048099221141713694,0.785830177739832,lgb_rank_top10@2022,pre,2024,2024_18,1.2087699936970944
1,0,0.3865284036119432,0.14188924249307805,0.2850189335610081,lgb_rank_top10@2022,pre,2024,2024_19,1.2087699936970944
2,1,0.19100172739068608,0.05785127290243516,0.8289886398633951,lgb_rank_top10@2022,pre,2024,2024_2,1.2087699936970944
2,0,0.24115137110845075,0.0823301499954319,0.5814386244644566,lgb_rank_top10@2022,pre,2024,2024_20,1.2087699936970944
1,0,0.6286075207848256,0.1579836583804115,0.2850189335610081,lgb_rank_top10@2022,pre,2024,2024_21,1.2087699936970944
0,0,0.4002662092349326,0.1403401952896457,0.0,lgb_rank_top10@2022,pre,2024,2024_22,1.2087699936970944
1,0,0.2789205288719562,0.09804179479699793,0.4104272643278517,lgb_rank_top10@2022,pre,2024,2024_23,1.2087699936970944
0,0,0.2839800364397317,0.10033194558855882,0.0,lgb_rank_top10@2022,pre,2024,2024_24,1.2087699936970944
1,0,0.4421717060070824,0.15441219146455581,0.2850189335610081,lgb_rank_top10@2022,pre,2024,2024_3,1.2087699936970944
2,1,0.24112167599964915,0.07897541124038288,0.7410492272586211,lgb_rank_top10@2022,pre,2024,2024_4,1.2087699936970944
2,1,0.19873411387704287,0.06165121583482839,0.785830177739832,lgb_rank_top10@2022,pre,2024,2024_5,1.2087699936970944
2,0,0.1927946662512436,0.05931042366659659,0.7700811153575446,lgb_rank_top10@2022,pre,2024,2024_6,1.2087699936970944
1,1,0.22176416853804287,0.0772252884811882,0.5700378671220162,lgb_rank_top10@2022,pre,2024,2024_7,1.2087699936970944
1,0,0.3131100401849999,0.11432958442118253,0.17101136013660487,lgb_rank_top10@2022,pre,2024,2024_8,1.2087699936970944
2,1,0.274070410999287,0.09118662976750055,0.7752514992859421,lgb_rank_top10@2022,pre,2024,2024_9,1.2087699936970944
1,0,0.2908736285842818,0.09593202090857895,0.17101136013660487,lgb_rank_top10@2022,pre,2025,2025_1,1.3040106515450876
0,0,0.44375991698235195,0.1609584673099791,0.0,lgb_rank_top10@2022,pre,2025,2025_10,1.3040106515450876
3,0,0.17225307278594193,0.049571607530478165,0.9112385085066755,lgb_rank_top10@2022,pre,2025,2025_11,1.3040106515450876
2,0,0.33056503648628094,0.07699276680452537,0.7700811153575446,lgb_rank_top10@2022,pre,2025,2025_12,1.3040106515450876
2,0,0.24101087788248687,0.07519847757985039,0.7700811153575446,lgb_rank_top10@2022,pre,2025,2025_13,1.3040106515450876
2,0,0.16134551076299825,0.04533534765836741,0.7700811153575446,lgb_rank_top10@2022,pre,2025,2025_14,1.3040106515450876
1,1,0.4173656292708327,0.12160525413995064,0.5700378671220162,lgb_rank_top10@2022,pre,2025,2025_15,1.3040106515450876
2,0,0.16896647211229548,0.047121355009931296,0.6262195749456675,lgb_rank_top10@2022,pre,2025,2025_16,1.3040106515450876
1,0,0.46237795938627047,0.14521488678853656,0.20521363216392585,lgb_rank_top10@2022,pre,2025,2025_17,1.3040106515450876
2,0,0.21192923516513865,0.06787110394246348,0.42100594278174164,lgb_rank_top10@2022,pre,2025,2025_18,1.3040106515450876
2,1,0.22479332263888452,0.07336751916598785,0.7752514992859421,lgb_rank_top10@2022,pre,2025,2025_19,1.3040106515450876
2,0,0.22351024585517348,0.0665261905821981,0.6262195749456675,lgb_rank_top10@2022,pre,2025,2025_2,1.3040106515450876
2,0,0.2044380619131121,0.06240494852557538,0.5472363524371356,lgb_rank_top10@2022,pre,2025,2025_20,1.3040106515450876
2,0,0.2742804592864418,0.08173989107575155,0.7016765713029027,lgb_rank_top10@2022,pre,2025,2025_21,1.3040106515450876
1,0,0.2792672702354571,0.0979388615328089,0.2850189335610081,lgb_rank_top10@2022,pre,2025,2025_22,1.3040106515450876
1,1,0.3643336866592276,0.10471257795616487,0.5700378671220162,lgb_rank_top10@2022,pre,2025,2025_23,1.3040106515450876
2,1,0.1657225866902256,0.04690643856909468,0.785830177739832,lgb_rank_top10@2022,pre,2025,2025_24,1.3040106515450876
2,0,0.17645587756549685,0.04738913353812581,0.6262195749456675,lgb_rank_top10@2022,pre,2025,2025_3,1.3040106515450876
2,0,0.165821965677879,0.04593178542217846,0.7016765713029027,lgb_rank_top10@2022,pre,2025,2025_4,1.3040106515450876
1,0,0.23594853124072515,0.0810975626064349,0.35965385102969294,lgb_rank_top10@2022,pre,2025,2025_5,1.3040106515450876
3,1,0.15163114200781141,0.03998438135848799,1.0,lgb_rank_top10@2022,pre,2025,2025_6,1.3040106515450876
2,0,0.19032761530368783,0.05961156308397273,0.6270416538342178,lgb_rank_top10@2022,pre,2025,2025_7,1.3040106515450876
2,0,0.20186535220709917,0.061270946674741145,0.7016765713029027,lgb_rank_top10@2022,pre,2025,2025_8,1.3040106515450876
2,1,0.16590348678984057,0.046724389081919365,0.8289886398633951,lgb_rank_top10@2022,pre,2025,2025_9,1.3040106515450876
1,0,0.30647712779108793,0.10529220289108508,0.2850189335610081,lgb_rank_top10@2022,pre,2026,2026_1,1.2087699936970944
2,0,0.22127632239953646,0.07142620047887448,0.5648674831936188,lgb_rank_top10@2022,pre,2026,2026_10,1.2087699936970944
1,0,0.22898763591021717,0.07394418908892758,0.34202272027320973,lgb_rank_top10@2022,pre,2026,2026_11,1.2087699936970944
1,0,0.2671655378803857,0.09245142431682885,0.4104272643278517,lgb_rank_top10@2022,pre,2026,2026_12,1.2087699936970944
3,0,0.18091356120388713,0.054127085599750525,0.9068902034668286,lgb_rank_top10@2022,pre,2026,2026_13,1.2087699936970944
1,1,0.23651647901296224,0.07967505049134153,0.5700378671220162,lgb_rank_top10@2022,pre,2026,2026_14,1.2087699936970944
2,0,0.30394806104180067,0.10403814292666302,0.5648674831936188,lgb_rank_top10@2022,pre,2026,2026_15,1.2087699936970944
2,1,0.24071073487972186,0.07985174859873213,0.7752514992859421,lgb_rank_top10@2022,pre,2026,2026_2,1.2087699936970944
2,0,0.2178434175254913,0.0696093639019282,0.7016765713029027,lgb_rank_top10@2022,pre,2026,2026_3,1.2087699936970944
1,1,0.2163398397624147,0.07322661728452379,0.5700378671220162,lgb_rank_top10@2022,pre,2026,2026_4,1.2087699936970944
1,1,0.2689543523094803,0.09363850959705129,0.5700378671220162,lgb_rank_top10@2022,pre,2026,2026_5,1.2087699936970944
1,0,0.304693566984245,0.1002791033158125,0.35965385102969294,lgb_rank_top10@2022,pre,2026,2026_6,1.2087699936970944
2,0,0.3033215783376688,0.10590888090871933,0.5008112441788239,lgb_rank_top10@2022,pre,2026,2026_7,1.2087699936970944
2,0,0.21280076616011423,0.06648756443215788,0.7016765713029027,lgb_rank_top10@2022,pre,2026,2026_8,1.2087699936970944
2,0,0.2332925113568571,0.07557746999916128,0.5814386244644566,lgb_rank_top10@2022,pre,2026,2026_9,1.2087699936970944
2,0,0.24050975999463545,0.08098115132252,0.5306652111662978,lgb_rank_top10_sprint,post,2022,2022_1,1.0386488249676107
1,1,0.26191166463545534,0.09257826657542276,0.5700378671220162,lgb_rank_top10_sprint,post,2022,2022_10,1.0386488249676107
2,1,0.2684610216005711,0.08864667501013253,0.8289886398633951,lgb_rank_top10_sprint,post,2022,2022_11,1.0386488249676107
1,0,0.30148715048698965,0.11089451821561058,0.20521363216392585,lgb_rank_top10_sprint,post,2022,2022_12,1.0386488249676107
1,0,0.29806217387939604,0.1030891872820207,0.34202272027320973,lgb_rank_top10_sprint,post,2022,2022_13,1.0386488249676107
3,0,0.1367237985732178,0.03420555187747755,0.9112385085066755,lgb_rank_top10_sprint,post,2022,2022_14,1.0386488249676107
2,1,0.25317963221820516,0.08734080637647361,0.7410492272586211,lgb_rank_top10_sprint,post,2022,2022_15,1.0386488249676107
3,1,0.13539681267939604,0.03165249306844704,0.9910438099037578,lgb_rank_top10_sprint,post,2022,2022_16,1.0386488249676107
2,0,0.2363094482860068,0.07884101923297965,0.7700811153575446,lgb_rank_top10_sprint,post,2022,2022_17,1.0386488249676107
2,1,0.16642925092944175,0.05300538112897961,0.785830177739832,lgb_rank_top10_sprint,post,2022,2022_18,1.0386488249676107
1,1,0.25325721810287966,0.08954197964652896,0.5700378671220162,lgb_rank_top10_sprint,post,2022,2022_19,1.0386488249676107
2,0,0.17365147093263328,0.05376606757391363,0.5648674831936188,lgb_rank_top10_sprint,post,2022,2022_2,1.0386488249676107
2,1,0.18316178774226444,0.06084126105267181,0.7410492272586211,lgb_rank_top10_sprint,post,2022,2022_20,1.0386488249676107
1,0,0.37203642151555305,0.12898585554417885,0.20521363216392585,lgb_rank_top10_sprint,post,2022,2022_21,1.0386488249676107
3,1,0.11381718230084614,0.02663598943758392,1.0,lgb_rank_top10_sprint,post,2022,2022_22,1.0386488249676107
2,1,0.2862899021724189,0.08826301503897968,0.7752514992859421,lgb_rank_top10_sprint,post,2022,2022_3,1.0386488249676107
2,1,0.2973804602611825,0.09888731106075765,0.7752514992859421,lgb_rank_top10_sprint,post,2022,2022_4,1.0386488249676107
2,0,0.1484113112827845,0.040684174159282514,0.7700811153575446,lgb_rank_top10_sprint,post,2022,2022_5,1.0386488249676107
1,0,0.33907620935975585,0.11709118400180693,0.35965385102969294,lgb_rank_top10_sprint,post,2022,2022_6,1.0386488249676107
2,0,0.17695881490779838,0.05655032290518271,0.5008112441788239,lgb_rank_top10_sprint,post,2022,2022_7,1.0386488249676107
2,0,0.27667552601999834,0.0924649540878379,0.6954461978888599,lgb_rank_top10_sprint,post,2022,2022_8,1.0386488249676107
2,1,0.18530831444521595,0.0570939754694912,0.8289886398633951,lgb_rank_top10_sprint,post,2022,2022_9,1.0386488249676107
2,1,0.2321825646028,0.06874083227883003,0.8289886398633951,lgb_rank_top10_sprint,post,2023,2023_1,1.0386488249676107
1,1,0.23703864534892186,0.0782330733029604,0.5700378671220162,lgb_rank_top10_sprint,post,2023,2023_10,1.0386488249676107
2,1,0.235540958934503,0.07974014826997941,0.7752514992859421,lgb_rank_top10_sprint,post,2023,2023_11,1.0386488249676107
2,1,0.17972295551006373,0.055917230251371554,0.7752514992859421,lgb_rank_top10_sprint,post,2023,2023_12,1.0386488249676107
1,1,0.3870576495224437,0.10493873495046915,0.5700378671220162,lgb_rank_top10_sprint,post,2023,2023_13,1.0386488249676107
3,1,0.14590821484788485,0.04245919028538931,0.9910438099037578,lgb_rank_top10_sprint,post,2023,2023_14,1.0386488249676107
1,0,0.29721073552791183,0.10515018315656244,0.35965385102969294,lgb_rank_top10_sprint,post,2023,2023_15,1.0386488249676107
2,1,0.20572332487580053,0.06837323670198647,0.7752514992859421,lgb_rank_top10_sprint,post,2023,2023_16,1.0386488249676107
1,1,0.32725335765849034,0.11039181261036857,0.5700378671220162,lgb_rank_top10_sprint,post,2023,2023_17,1.0386488249676107
1,1,0.2388982556470889,0.07837059735384812,0.5700378671220162,lgb_rank_top10_sprint,post,2023,2023_18,1.0386488249676107
2,1,0.20446592397611085,0.06598616820658344,0.7410492272586211,lgb_rank_top10_sprint,post,2023,2023_19,1.0386488249676107
2,1,0.24005429887205726,0.07887114517292537,0.7410492272586211,lgb_rank_top10_sprint,post,2023,2023_2,1.0386488249676107
1,1,0.2611233229002303,0.0862116975800818,0.5700378671220162,lgb_rank_top10_sprint,post,2023,2023_20,1.0386488249676107
2,1,0.2588939253171924,0.08193692566968402,0.7752514992859421,lgb_rank_top10_sprint,post,2023,2023_21,1.0386488249676107
2,1,0.2028746618836632,0.06474613287909206,0.7410492272586211,lgb_rank_top10_sprint,post,2023,2023_22,1.0386488249676107
2,1,0.21922068018638016,0.0716080648908837,0.7752514992859421,lgb_rank_top10_sprint,post,2023,2023_3,1.0386488249676107
3,0,0.1334449140016475,0.03515036497725462,0.9112385085066755,lgb_rank_top10_sprint,post,2023,2023_4,1.0386488249676107
3,0,0.1247545940206991,0.02731003718503222,0.9112385085066755,lgb_rank_top10_sprint,post,2023,2023_5,1.0386488249676107
2,1,0.18976388446660425,0.05622693400218818,0.8289886398633951,lgb_rank_top10_sprint,post,2023,2023_6,1.0386488249676107
2,1,0.24675751680206232,0.07515532363904598,0.7752514992859421,lgb_rank_top10_sprint,post,2023,2023_7,1.0386488249676107
3,1,0.1279717302339724,0.030845009019490437,0.9910438099037578,lgb_rank_top10_sprint,post,2023,2023_8,1.0386488249676107
2,1,0.228162654924218,0.07214430580986121,0.8289886398633951,lgb_rank_top10_sprint,post,2023,2023_9,1.0386488249676107
2,1,0.21892445575630687,0.07453215792219986,0.7752514992859421,lgb_rank_top10_sprint,post,2024,2024_1,0.9627893239384193
3,1,0.12849851288719932,0.03438729695415178,1.0,lgb_rank_top10_sprint,post,2024,2024_10,0.9627893239384193
1,0,0.3690773837615234,0.13713127552037208,0.17101136013660487,lgb_rank_top10_sprint,post,2024,2024_11,0.9627893239384193
3,0,0.13488049383806722,0.03735871009418272,0.9410924754941495,lgb_rank_top10_sprint,post,2024,2024_12,0.9627893239384193
2,0,0.2982119521708769,0.10312341270874262,0.543969706302387,lgb_rank_top10_sprint,post,2024,2024_13,0.9627893239384193
2,0,0.2824623754433889,0.10001538165886079,0.5306652111662978,lgb_rank_top10_sprint,post,2024,2024_14,0.9627893239384193
2,1,0.17924312700042094,0.0543746025179376,0.8289886398633951,lgb_rank_top10_sprint,post,2024,2024_15,0.9627893239384193
2,0,0.2132763761615717,0.07066765595595217,0.5472363524371356,lgb_rank_top10_sprint,post,2024,2024_16,0.9627893239384193
2,1,0.2162965991183472,0.06810582436201587,0.8289886398633951,lgb_rank_top10_sprint,post,2024,2024_17,0.9627893239384193
3,1,0.10098182514479312,0.02158443124317138,1.0,lgb_rank_top10_sprint,post,2024,2024_18,0.9627893239384193
1,0,0.32176399431469915,0.1102078050861038,0.21579231061781579,lgb_rank_top10_sprint,post,2024,2024_19,0.9627893239384193
3,1,0.11959671357268356,0.031245942921827613,1.0,lgb_rank_top10_sprint,post,2024,2024_2,0.9627893239384193
2,0,0.18479762575307487,0.06265060817585841,0.6954461978888599,lgb_rank_top10_sprint,post,2024,2024_20,0.9627893239384193
1,0,0.6696041546402964,0.17565284075613968,0.2850189335610081,lgb_rank_top10_sprint,post,2024,2024_21,0.9627893239384193
1,0,0.3248198006162853,0.11772456996932945,0.21579231061781579,lgb_rank_top10_sprint,post,2024,2024_22,0.9627893239384193
2,1,0.26261162256486165,0.0887976332457997,0.7752514992859421,lgb_rank_top10_sprint,post,2024,2024_23,0.9627893239384193
2,1,0.22161253832628183,0.07557285206634583,0.7752514992859421,lgb_rank_top10_sprint,post,2024,2024_24,0.9627893239384193
1,0,0.43605411482539896,0.13249943762524807,0.20521363216392585,lgb_rank_top10_sprint,post,2024,2024_3,0.9627893239384193
2,1,0.13810381206225533,0.039883210624837774,0.8289886398633951,lgb_rank_top10_sprint,post,2024,2024_4,0.9627893239384193
2,1,0.17096182121185674,0.050244250698725144,0.785830177739832,lgb_rank_top10_sprint,post,2024,2024_5,0.9627893239384193
2,0,0.16981198535946568,0.05117435314519403,0.6262195749456675,lgb_rank_top10_sprint,post,2024,2024_6,0.9627893239384193
3,1,0.1454678387740966,0.040682574451589015,1.0,lgb_rank_top10_sprint,post,2024,2024_7,0.9627893239384193
2,1,0.20107229763973597,0.06349567406561968,0.8289886398633951,lgb_rank_top10_sprint,post,2024,2024_8,0.9627893239384193
3,0,0.13435770728832777,0.03359534015153689,0.9410924754941495,lgb_rank_top10_sprint,post,2024,2024_9,0.9627893239384193
2,1,0.19989365481303628,0.06600476878197056,0.7752514992859421,lgb_rank_top10_sprint,post,2025,2025_1,0.9627893239384193
2,1,0.19918399263460967,0.06403519904506025,0.8289886398633951,lgb_rank_top10_sprint,post,2025,2025_10,0.9627893239384193
3,1,0.10004152378359261,0.022569771486363792,1.0,lgb_rank_top10_sprint,post,2025,2025_11,0.9627893239384193
2,0,0.44140188061485147,0.09507492387109776,0.6954461978888599,lgb_rank_top10_sprint,post,2025,2025_12,0.9627893239384193
2,0,0.12214073106096054,0.036497360139102285,0.7700811153575446,lgb_rank_top10_sprint,post,2025,2025_13,0.9627893239384193
2,0,0.187442648271046,0.060656750045800754,0.5648674831936188,lgb_rank_top10_sprint,post,2025,2025_14,0.9627893239384193
2,1,0.26772455510992305,0.09095222674329373,0.7752514992859421,lgb_rank_top10_sprint,post,2025,2025_15,0.9627893239384193
3,0,0.09041189781562183,0.01893517915765066,0.9410924754941495,lgb_rank_top10_sprint,post,2025,2025_16,0.9627893239384193
1,1,0.32237974413572507,0.11357759559957836,0.5700378671220162,lgb_rank_top10_sprint,post,2025,2025_17,0.9627893239384193
2,1,0.13723922221045987,0.04109410301547218,0.8289886398633951,lgb_rank_top10_sprint,post,2025,2025_18,0.9627893239384193
2,1,0.1881293614746604,0.0633320896777683,0.7752514992859421,lgb_rank_top10_sprint,post,2025,2025_19,0.9627893239384193
3,1,0.15641149091441084,0.044990591053511275,1.0,lgb_rank_top10_sprint,post,2025,2025_2,0.9627893239384193
2,1,0.16453487589649868,0.05014486174487356,0.8289886398633951,lgb_rank_top10_sprint,post,2025,2025_20,0.9627893239384193
1,1,0.2502936137827962,0.08917634823657819,0.5700378671220162,lgb_rank_top10_sprint,post,2025,2025_21,0.9627893239384193
1,0,0.3984419024524056,0.12604570590225275,0.35965385102969294,lgb_rank_top10_sprint,post,2025,2025_22,0.9627893239384193
2,0,0.3255115123639534,0.09588491253633276,0.6954461978888599,lgb_rank_top10_sprint,post,2025,2025_23,0.9627893239384193
3,1,0.09843933731415058,0.024636479573477123,0.9910438099037578,lgb_rank_top10_sprint,post,2025,2025_24,0.9627893239384193
3,0,0.12200604370068857,0.03327136756902706,0.9410924754941495,lgb_rank_top10_sprint,post,2025,2025_3,0.9627893239384193
2,1,0.16050630304888094,0.05032356815797023,0.8289886398633951,lgb_rank_top10_sprint,post,2025,2025_4,0.9627893239384193
2,0,0.1857832079018078,0.06107805988752135,0.7700811153575446,lgb_rank_top10_sprint,post,2025,2025_5,0.9627893239384193
2,0,0.20479847676850688,0.06534437756425895,0.7700811153575446,lgb_rank_top10_sprint,post,2025,2025_6,0.9627893239384193
2,0,0.18890242272984525,0.0612482119618448,0.7016765713029027,lgb_rank_top10_sprint,post,2025,2025_7,0.9627893239384193
3,1,0.07931931215086106,0.014162524726743425,0.9910438099037578,lgb_rank_top10_sprint,post,2025,2025_8,0.9627893239384193
2,1,0.23612850808573105,0.0837441913190372,0.7752514992859421,lgb_rank_top10_sprint,post,2025,2025_9,0.9627893239384193
1,1,0.21517127217951051,0.07165901340248372,0.5700378671220162,lgb_rank_top10_sprint,post,2026,2026_1,0.9627893239384193
2,1,0.1534018946106379,0.04558806032767964,0.785830177739832,lgb_rank_top10_sprint,post,2026,2026_10,0.9627893239384193
1,0,0.2156145875319437,0.0754573679850094,0.35965385102969294,lgb_rank_top10_sprint,post,2026,2026_11,0.9627893239384193
3,0,0.1665162820325979,0.05061694026801635,0.9068902034668286,lgb_rank_top10_sprint,post,2026,2026_12,0.9627893239384193
2,0,0.19138584165007247,0.06052837449571679,0.5814386244644566,lgb_rank_top10_sprint,post,2026,2026_13,0.9627893239384193
3,1,0.10614147700015826,0.026237540359075915,0.9910438099037578,lgb_rank_top10_sprint,post,2026,2026_14,0.9627893239384193
1,1,0.2459177912850583,0.08401920604597461,0.5700378671220162,lgb_rank_top10_sprint,post,2026,2026_15,0.9627893239384193
2,0,0.1599749147974285,0.048431747054982474,0.7700811153575446,lgb_rank_top10_sprint,post,2026,2026_2,0.9627893239384193
2,0,0.19723709745347293,0.06726332008730847,0.5648674831936188,lgb_rank_top10_sprint,post,2026,2026_3,0.9627893239384193
1,1,0.2474312147034088,0.08827902846545761,0.5700378671220162,lgb_rank_top10_sprint,post,2026,2026_4,0.9627893239384193
1,0,0.38861445307506803,0.1357816055200012,0.35965385102969294,lgb_rank_top10_sprint,post,2026,2026_5,0.9627893239384193
2,1,0.25661023990399945,0.07532235133448902,0.8289886398633951,lgb_rank_top10_sprint,post,2026,2026_6,0.9627893239384193
2,0,0.17597010438236102,0.05786619553911477,0.5648674831936188,lgb_rank_top10_sprint,post,2026,2026_7,0.9627893239384193
2,1,0.19252283920565885,0.062454140424296915,0.7410492272586211,lgb_rank_top10_sprint,post,2026,2026_8,0.9627893239384193
2,0,0.29282297066080404,0.0958175272608532,0.5648674831936188,lgb_rank_top10_sprint,post,2026,2026_9,0.9627893239384193
3,1,0.15052506466922855,0.042158161275766146,1.0,pl_linear,post,2021,2021_1,0.6108104470051254
2,0,0.3108362638305359,0.10401633287945751,0.5306652111662978,pl_linear,post,2021,2021_10,0.6108104470051254
1,0,0.4558857033745086,0.138486021443322,0.2589507727413789,pl_linear,post,2021,2021_11,0.6108104470051254
2,1,0.2879297880023478,0.07050318793970764,0.785830177739832,pl_linear,post,2021,2021_12,0.6108104470051254
3,1,0.11088822920525059,0.022392721793152232,1.0,pl_linear,post,2021,2021_13,0.6108104470051254
2,0,0.4186915274021074,0.1388256091884389,0.543969706302387,pl_linear,post,2021,2021_14,0.6108104470051254
1,0,0.3297620750526614,0.11321209660101575,0.2850189335610081,pl_linear,post,2021,2021_15,0.6108104470051254
2,0,0.1826306101223085,0.050994832122864805,0.7700811153575446,pl_linear,post,2021,2021_16,0.6108104470051254
2,1,0.20628852842017956,0.06161380377437561,0.8289886398633951,pl_linear,post,2021,2021_17,0.6108104470051254
2,0,0.22152894032045664,0.07321733516125233,0.5648674831936188,pl_linear,post,2021,2021_18,0.6108104470051254
2,0,0.2012511103434099,0.05896337648220821,0.6262195749456675,pl_linear,post,2021,2021_19,0.6108104470051254
2,0,0.2270650193891599,0.05982521838865783,0.7700811153575446,pl_linear,post,2021,2021_2,0.6108104470051254
2,1,0.22797912879386112,0.0672777342160544,0.8289886398633951,pl_linear,post,2021,2021_20,0.6108104470051254
3,1,0.1109075752128718,0.024399431834124276,1.0,pl_linear,post,2021,2021_21,0.6108104470051254
2,0,0.18840301962428657,0.05355032690128677,0.7700811153575446,pl_linear,post,2021,2021_22,0.6108104470051254
3,1,0.08845423353002063,0.019482609998180293,0.9910438099037578,pl_linear,post,2021,2021_3,0.6108104470051254
3,1,0.10922133179881666,0.026361272332812373,1.0,pl_linear,post,2021,2021_4,0.6108104470051254
1,0,0.3909236665997094,0.13968755531591853,0.35965385102969294,pl_linear,post,2021,2021_5,0.6108104470051254
0,0,0.603226775847997,0.18948197189718044,0.0,pl_linear,post,2021,2021_6,0.6108104470051254
3,0,0.09803809299278032,0.021755897854985513,0.9410924754941495,pl_linear,post,2021,2021_7,0.6108104470051254
2,1,0.14579442552707825,0.04334211177615347,0.8289886398633951,pl_linear,post,2021,2021_8,0.6108104470051254
1,1,0.25331982068838105,0.08793447928431652,0.5700378671220162,pl_linear,post,2021,2021_9,0.6108104470051254
2,0,0.2461259520551769,0.08510832537594362,0.5008112441788239,pl_linear,post,2022,2022_1,0.6108104470051254
1,0,0.3647317107888503,0.12499136842555122,0.2850189335610081,pl_linear,post,2022,2022_10,0.6108104470051254
2,0,0.18818799681137022,0.06008256858515054,0.7700811153575446,pl_linear,post,2022,2022_11,0.6108104470051254
1,1,0.266417765335763,0.0953668466957166,0.5700378671220162,pl_linear,post,2022,2022_12,0.6108104470051254
1,0,0.32352319591027723,0.11754746713861106,0.17101136013660487,pl_linear,post,2022,2022_13,0.6108104470051254
3,1,0.15129229208204237,0.04001585445191771,0.9910438099037578,pl_linear,post,2022,2022_14,0.6108104470051254
2,1,0.20621465113114734,0.06919415268453796,0.785830177739832,pl_linear,post,2022,2022_15,0.6108104470051254
3,1,0.1245806393533131,0.03113726305791567,1.0,pl_linear,post,2022,2022_16,0.6108104470051254
2,0,0.19989448351704747,0.06706657627040191,0.6954461978888599,pl_linear,post,2022,2022_17,0.6108104470051254
3,1,0.13507912295650967,0.0384304908812224,0.9910438099037578,pl_linear,post,2022,2022_18,0.6108104470051254
2,1,0.21985206325943873,0.07596249260154508,0.7752514992859421,pl_linear,post,2022,2022_19,0.6108104470051254
2,1,0.15022633166048152,0.0483400594475907,0.7752514992859421,pl_linear,post,2022,2022_2,0.6108104470051254
2,1,0.16064986368152978,0.04983476802294913,0.785830177739832,pl_linear,post,2022,2022_20,0.6108104470051254
2,0,0.3246401168112066,0.10887040284684775,0.5306652111662978,pl_linear,post,2022,2022_21,0.6108104470051254
3,1,0.14205522036394674,0.041391555854252554,1.0,pl_linear,post,2022,2022_22,0.6108104470051254
2,0,0.3036459641430812,0.09861327200235127,0.5648674831936188,pl_linear,post,2022,2022_3,0.6108104470051254
2,1,0.2594776878256454,0.08917548826981854,0.7752514992859421,pl_linear,post,2022,2022_4,0.6108104470051254
3,1,0.09803900424302417,0.02329084014207432,1.0,pl_linear,post,2022,2022_5,0.6108104470051254
1,1,0.27513239621675856,0.10080315812424993,0.5700378671220162,pl_linear,post,2022,2022_6,0.6108104470051254
2,0,0.21880123955140224,0.07564330253837323,0.5472363524371356,pl_linear,post,2022,2022_7,0.6108104470051254
2,1,0.23292344875292384,0.07940782153032605,0.7752514992859421,pl_linear,post,2022,2022_8,0.6108104470051254
3,1,0.11871577417718986,0.03405482247616324,0.9910438099037578,pl_linear,post,2022,2022_9,0.6108104470051254
2,1,0.24210329661684088,0.07597693512696944,0.8289886398633951,pl_linear,post,2023,2023_1,0.6108104470051254
1,1,0.2601360629579509,0.08785335905851507,0.5700378671220162,pl_linear,post,2023,2023_10,0.6108104470051254
2,1,0.2411711569904424,0.08237584850005296,0.7410492272586211,pl_linear,post,2023,2023_11,0.6108104470051254
3,1,0.1709629576685502,0.05416057452676881,0.9910438099037578,pl_linear,post,2023,2023_12,0.6108104470051254
1,1,0.426709642048437,0.10248228775005934,0.5700378671220162,pl_linear,post,2023,2023_13,0.6108104470051254
2,1,0.16351429827628475,0.05072433085282803,0.785830177739832,pl_linear,post,2023,2023_14,0.6108104470051254
1,1,0.2837318591015862,0.09792462014907592,0.5700378671220162,pl_linear,post,2023,2023_15,0.6108104470051254
1,1,0.2637392705506743,0.08990075111458484,0.5700378671220162,pl_linear,post,2023,2023_16,0.6108104470051254
1,1,0.4459778371712881,0.13172789370472487,0.5700378671220162,pl_linear,post,2023,2023_17,0.6108104470051254
1,1,0.23407242876702816,0.07951531735734756,0.5700378671220162,pl_linear,post,2023,2023_18,0.6108104470051254
2,1,0.16984779166653421,0.05636471760295392,0.785830177739832,pl_linear,post,2023,2023_19,0.6108104470051254
1,1,0.2478775910385646,0.08185625545311762,0.5700378671220162,pl_linear,post,2023,2023_2,0.6108104470051254
1,1,0.2769141506931674,0.09170440171863663,0.5700378671220162,pl_linear,post,2023,2023_20,0.6108104470051254
2,1,0.19603979396273333,0.06163545797564159,0.8289886398633951,pl_linear,post,2023,2023_21,0.6108104470051254
3,1,0.15292845538398614,0.043853773157222734,0.9910438099037578,pl_linear,post,2023,2023_22,0.6108104470051254
2,1,0.2806663632143664,0.09475586013615984,0.7752514992859421,pl_linear,post,2023,2023_3,0.6108104470051254
3,0,0.13080125039596266,0.03630132581916666,0.9112385085066755,pl_linear,post,2023,2023_4,0.6108104470051254
2,0,0.1981527662607685,0.06089097983774515,0.7700811153575446,pl_linear,post,2023,2023_5,0.6108104470051254
1,1,0.2326153732664759,0.07773801992180897,0.5700378671220162,pl_linear,post,2023,2023_6,0.6108104470051254
2,1,0.22844361375621616,0.07354019408453803,0.7752514992859421,pl_linear,post,2023,2023_7,0.6108104470051254
2,1,0.18414450571488375,0.06014013870585746,0.7410492272586211,pl_linear,post,2023,2023_8,0.6108104470051254
2,1,0.27190662757253264,0.08025147032486342,0.7752514992859421,pl_linear,post,2023,2023_9,0.6108104470051254
2,1,0.18397838939327987,0.05819917073365851,0.785830177739832,pl_linear,post,2024,2024_1,0.6108104470051254
2,1,0.17336489633992697,0.05508609322680332,0.8289886398633951,pl_linear,post,2024,2024_10,0.6108104470051254
1,0,0.47416851845767927,0.13656762204440032,0.2850189335610081,pl_linear,post,2024,2024_11,0.6108104470051254
2,0,0.2219833176768972,0.07839037816797383,0.6954461978888599,pl_linear,post,2024,2024_12,0.6108104470051254
2,0,0.3161560475142554,0.10803071486751734,0.543969706302387,pl_linear,post,2024,2024_13,0.6108104470051254
2,0,0.2686588896891553,0.09529615253952999,0.42100594278174164,pl_linear,post,2024,2024_14,0.6108104470051254
2,0,0.20764887581662467,0.06667640255959642,0.7700811153575446,pl_linear,post,2024,2024_15,0.6108104470051254
2,0,0.2236343907607575,0.07419875356286969,0.6009734930145886,pl_linear,post,2024,2024_16,0.6108104470051254
1,0,0.251920336343443,0.09034339107085626,0.4104272643278517,pl_linear,post,2024,2024_17,0.6108104470051254
2,0,0.1673862152765782,0.05067808950259935,0.7700811153575446,pl_linear,post,2024,2024_18,0.6108104470051254
2,0,0.2105273390394768,0.07370509986210523,0.5008112441788239,pl_linear,post,2024,2024_19,0.6108104470051254
3,1,0.12309964882593649,0.03276134552311646,1.0,pl_linear,post,2024,2024_2,0.6108104470051254
2,0,0.17253094078547518,0.0547675508842283,0.5306652111662978,pl_linear,post,2024,2024_20,0.6108104470051254
0,0,0.8136209710421433,0.22527434899855128,0.0,pl_linear,post,2024,2024_21,0.6108104470051254
1,0,0.26641094724294934,0.0924609300319434,0.34202272027320973,pl_linear,post,2024,2024_22,0.6108104470051254
1,1,0.24208555032337226,0.0832650394834193,0.5700378671220162,pl_linear,post,2024,2024_23,0.6108104470051254
1,1,0.35611903677717605,0.11531548797358641,0.5700378671220162,pl_linear,post,2024,2024_24,0.6108104470051254
2,0,0.4135423860919645,0.12004040090632691,0.5648674831936188,pl_linear,post,2024,2024_3,0.6108104470051254
3,1,0.11790305254590303,0.03065342447828464,0.9910438099037578,pl_linear,post,2024,2024_4,0.6108104470051254
2,1,0.16162811928209142,0.049881215935626305,0.785830177739832,pl_linear,post,2024,2024_5,0.6108104470051254
1,0,0.22491733829782143,0.07896430720861117,0.4104272643278517,pl_linear,post,2024,2024_6,0.6108104470051254
2,1,0.1887155764622293,0.06396232145781375,0.7752514992859421,pl_linear,post,2024,2024_7,0.6108104470051254
2,0,0.26047372486920956,0.09053560788600565,0.5306652111662978,pl_linear,post,2024,2024_8,0.6108104470051254
3,1,0.113100326112676,0.02795397910699089,0.9910438099037578,pl_linear,post,2024,2024_9,0.6108104470051254
2,1,0.17633987878539537,0.052956646670419806,0.8289886398633951,pl_linear,post,2025,2025_1,0.6589370460244033
2,0,0.263201962496039,0.09141881260619092,0.543969706302387,pl_linear,post,2025,2025_10,0.6589370460244033
3,0,0.12297507525970745,0.03236518907470339,0.9410924754941495,pl_linear,post,2025,2025_11,0.6589370460244033
2,0,0.4491475724212233,0.08316545551646379,0.7700811153575446,pl_linear,post,2025,2025_12,0.6589370460244033
2,0,0.13856284469451402,0.04201643872267342,0.7700811153575446,pl_linear,post,2025,2025_13,0.6589370460244033
2,0,0.11963462219123315,0.03336709203590059,0.7700811153575446,pl_linear,post,2025,2025_14,0.6589370460244033
2,0,0.3304070248760064,0.10377331708491341,0.5648674831936188,pl_linear,post,2025,2025_15,0.6589370460244033
3,0,0.09530320762434381,0.021187830570581788,0.9112385085066755,pl_linear,post,2025,2025_16,0.6589370460244033
1,1,0.2708845121102573,0.08842193925227712,0.5700378671220162,pl_linear,post,2025,2025_17,0.6589370460244033
2,0,0.16790430732623135,0.05247178635897132,0.5814386244644566,pl_linear,post,2025,2025_18,0.6589370460244033
2,1,0.1654914789869491,0.05078206537067831,0.8289886398633951,pl_linear,post,2025,2025_19,0.6589370460244033
3,0,0.13794707761775957,0.038386771288406195,0.9112385085066755,pl_linear,post,2025,2025_2,0.6589370460244033
3,1,0.1615128386166052,0.04771993274947956,0.9910438099037578,pl_linear,post,2025,2025_20,0.6589370460244033
1,1,0.3343041470993913,0.10852734052007107,0.5700378671220162,pl_linear,post,2025,2025_21,0.6589370460244033
1,0,0.4967597673217904,0.12940394152138252,0.35965385102969294,pl_linear,post,2025,2025_22,0.6589370460244033
2,0,0.2929499055303476,0.09304181889181484,0.5648674831936188,pl_linear,post,2025,2025_23,0.6589370460244033
3,1,0.09566971190543476,0.02174243802334918,0.9910438099037578,pl_linear,post,2025,2025_24,0.6589370460244033
3,1,0.1204480847566142,0.029194475106617802,1.0,pl_linear,post,2025,2025_3,0.6589370460244033
2,1,0.17278941793589134,0.05215535567482817,0.8289886398633951,pl_linear,post,2025,2025_4,0.6589370460244033
2,0,0.16366004245130422,0.04751474359505944,0.7700811153575446,pl_linear,post,2025,2025_5,0.6589370460244033
2,0,0.22388267643662085,0.07571017380842787,0.5648674831936188,pl_linear,post,2025,2025_6,0.6589370460244033
3,0,0.10948004911672626,0.02755255097879499,0.9068902034668286,pl_linear,post,2025,2025_7,0.6589370460244033
2,0,0.1378403470120652,0.040273836323084775,0.7016765713029027,pl_linear,post,2025,2025_8,0.6589370460244033
2,1,0.20328700014613554,0.06414669972963581,0.8289886398633951,pl_linear,post,2025,2025_9,0.6589370460244033
2,1,0.2118572049069591,0.06864949960619317,0.7752514992859421,pl_linear,post,2026,2026_1,0.6589370460244033
2,1,0.16340177236878037,0.051188016150923395,0.7752514992859421,pl_linear,post,2026,2026_10,0.6589370460244033
2,0,0.22313700416639703,0.07612770531597828,0.5008112441788239,pl_linear,post,2026,2026_11,0.6589370460244033
3,1,0.1500290110553303,0.04273458434156269,1.0,pl_linear,post,2026,2026_12,0.6589370460244033
1,0,0.31532731092423943,0.1096324274961078,0.2589507727413789,pl_linear,post,2026,2026_13,0.6589370460244033
2,0,0.16608598112023676,0.052316755699794146,0.7016765713029027,pl_linear,post,2026,2026_14,0.6589370460244033
1,0,0.2998512378289729,0.10744584206653544,0.35965385102969294,pl_linear,post,2026,2026_15,0.6589370460244033
3,0,0.14807143817457835,0.04369211767344439,0.9410924754941495,pl_linear,post,2026,2026_2,0.6589370460244033
2,0,0.23034207676358964,0.0802571214495433,0.5306652111662978,pl_linear,post,2026,2026_3,0.6589370460244033
1,1,0.2742024189751752,0.0960168842174356,0.5700378671220162,pl_linear,post,2026,2026_4,0.6589370460244033
1,1,0.25454030215279005,0.09077950289460507,0.5700378671220162,pl_linear,post,2026,2026_5,0.6589370460244033
1,1,0.23038407912628556,0.07628298405285017,0.5700378671220162,pl_linear,post,2026,2026_6,0.6589370460244033
2,0,0.22226898830873532,0.07630238178500669,0.543969706302387,pl_linear,post,2026,2026_7,0.6589370460244033
2,0,0.1954937569257802,0.06438731962530027,0.7016765713029027,pl_linear,post,2026,2026_8,0.6589370460244033
2,0,0.21237991779974907,0.07128846803452003,0.5008112441788239,pl_linear,post,2026,2026_9,0.6589370460244033
2,1,0.22149494808131376,0.0659915700696274,0.7752514992859421,pl_linear,pre,2021,2021_1,0.710855606272437
1,0,0.3718533344898566,0.12956549959038516,0.2850189335610081,pl_linear,pre,2021,2021_10,0.710855606272437
1,0,0.42517025521486074,0.13148714752903878,0.2589507727413789,pl_linear,pre,2021,2021_11,0.710855606272437
2,1,0.3905477414023882,0.08254923143365722,0.785830177739832,pl_linear,pre,2021,2021_12,0.710855606272437
3,1,0.13993009700587983,0.03272347001772218,1.0,pl_linear,pre,2021,2021_13,0.710855606272437
1,0,0.4036244081027087,0.1412106807700125,0.17101136013660487,pl_linear,pre,2021,2021_14,0.710855606272437
2,0,0.23942853027303374,0.07261290417634764,0.7700811153575446,pl_linear,pre,2021,2021_15,0.710855606272437
2,0,0.26532362162724443,0.08575864437801936,0.6954461978888599,pl_linear,pre,2021,2021_16,0.710855606272437
2,0,0.24863007543466412,0.07786257474994898,0.543969706302387,pl_linear,pre,2021,2021_17,0.710855606272437
2,1,0.23336199433632862,0.07288008061867571,0.7752514992859421,pl_linear,pre,2021,2021_18,0.710855606272437
3,0,0.1610408508107058,0.04210948936172822,0.9410924754941495,pl_linear,pre,2021,2021_19,0.710855606272437
2,0,0.246682459940109,0.07386578656047806,0.7700811153575446,pl_linear,pre,2021,2021_2,0.710855606272437
2,0,0.28044140422085384,0.07435694882854205,0.7700811153575446,pl_linear,pre,2021,2021_20,0.710855606272437
3,1,0.1516027054141061,0.03826074266642872,1.0,pl_linear,pre,2021,2021_21,0.710855606272437
2,0,0.20622037471034313,0.05983806641145937,0.7700811153575446,pl_linear,pre,2021,2021_22,0.710855606272437
3,1,0.13899436869865817,0.03583741283280481,1.0,pl_linear,pre,2021,2021_3,0.710855606272437
3,1,0.1391349203742403,0.037101433459656746,1.0,pl_linear,pre,2021,2021_4,0.710855606272437
1,0,0.4940089859081794,0.15612488915215716,0.35965385102969294,pl_linear,pre,2021,2021_5,0.710855606272437
0,0,0.5828526252059679,0.18436184939023056,0.0,pl_linear,pre,2021,2021_6,0.710855606272437
3,0,0.14466503579532497,0.035312179833195366,0.9410924754941495,pl_linear,pre,2021,2021_7,0.710855606272437
2,1,0.17281405750959528,0.049496995681427,0.8289886398633951,pl_linear,pre,2021,2021_8,0.710855606272437
1,1,0.2687549565243703,0.08979044925251814,0.5700378671220162,pl_linear,pre,2021,2021_9,0.710855606272437
1,0,0.30327979190160326,0.10013839458885317,0.34202272027320973,pl_linear,pre,2022,2022_1,0.710855606272437
1,0,0.3481928673265429,0.12226872846736667,0.20521363216392585,pl_linear,pre,2022,2022_10,0.710855606272437
2,0,0.20735049021806168,0.06477160472908766,0.7700811153575446,pl_linear,pre,2022,2022_11,0.710855606272437
1,1,0.28942176777933354,0.10065967294745601,0.5700378671220162,pl_linear,pre,2022,2022_12,0.710855606272437
1,1,0.2783364653335929,0.09585725441847884,0.5700378671220162,pl_linear,pre,2022,2022_13,0.710855606272437
2,1,0.1831664029926149,0.056404930649714545,0.7410492272586211,pl_linear,pre,2022,2022_14,0.710855606272437
2,1,0.20908331092159987,0.06675472623433357,0.785830177739832,pl_linear,pre,2022,2022_15,0.710855606272437
2,1,0.19832721886994242,0.06257636393497529,0.8289886398633951,pl_linear,pre,2022,2022_16,0.710855606272437
2,0,0.3154481535381572,0.10979385814310164,0.543969706302387,pl_linear,pre,2022,2022_17,0.710855606272437
3,1,0.16066362436323495,0.04471130419475438,1.0,pl_linear,pre,2022,2022_18,0.710855606272437
1,1,0.2142909639461565,0.06884603553355043,0.5700378671220162,pl_linear,pre,2022,2022_19,0.710855606272437
2,1,0.18692205884573063,0.058679200731030466,0.7752514992859421,pl_linear,pre,2022,2022_2,0.710855606272437
2,1,0.20198009161444846,0.06264060212307121,0.785830177739832,pl_linear,pre,2022,2022_20,0.710855606272437
1,0,0.3536915473387398,0.12597252010158552,0.21579231061781579,pl_linear,pre,2022,2022_21,0.710855606272437
2,1,0.19084036400585397,0.058802232855117965,0.8289886398633951,pl_linear,pre,2022,2022_22,0.710855606272437
2,0,0.31507779972261235,0.1066156987106474,0.543969706302387,pl_linear,pre,2022,2022_3,0.710855606272437
2,1,0.29135319480202293,0.08789177893613297,0.7752514992859421,pl_linear,pre,2022,2022_4,0.710855606272437
2,1,0.15568497841376017,0.04407830695560427,0.8289886398633951,pl_linear,pre,2022,2022_5,0.710855606272437
2,1,0.25145977330376557,0.08223542344487458,0.7752514992859421,pl_linear,pre,2022,2022_6,0.710855606272437
2,0,0.19446999613600074,0.06419775007434875,0.6270416538342178,pl_linear,pre,2022,2022_7,0.710855606272437
2,1,0.23022108434416863,0.07432046592420195,0.7752514992859421,pl_linear,pre,2022,2022_8,0.710855606272437
1,1,0.23494008407252626,0.07957153328378593,0.5700378671220162,pl_linear,pre,2022,2022_9,0.710855606272437
1,1,0.31382805504155664,0.09203686269668496,0.5700378671220162,pl_linear,pre,2023,2023_1,0.6589370460244033
1,1,0.33953157620969954,0.0938408052327904,0.5700378671220162,pl_linear,pre,2023,2023_10,0.6589370460244033
2,1,0.30626034975278704,0.08887701025872916,0.7410492272586211,pl_linear,pre,2023,2023_11,0.6589370460244033
1,1,0.2356099214047609,0.07730304334024704,0.5700378671220162,pl_linear,pre,2023,2023_12,0.6589370460244033
1,1,0.3569629955258127,0.10286690431139338,0.5700378671220162,pl_linear,pre,2023,2023_13,0.6589370460244033
2,1,0.20878713831336443,0.06564167569867359,0.7410492272586211,pl_linear,pre,2023,2023_14,0.6589370460244033
2,0,0.4469453424657224,0.14208791037221705,0.5008112441788239,pl_linear,pre,2023,2023_15,0.6589370460244033
1,1,0.3754680927090667,0.11351488752571545,0.5700378671220162,pl_linear,pre,2023,2023_16,0.6589370460244033
1,1,0.38595916546851816,0.11545623512540674,0.5700378671220162,pl_linear,pre,2023,2023_17,0.6589370460244033
1,1,0.26407956732464755,0.0847714790723645,0.5700378671220162,pl_linear,pre,2023,2023_18,0.6589370460244033
2,1,0.1918991051777817,0.05952571909090763,0.8289886398633951,pl_linear,pre,2023,2023_19,0.6589370460244033
2,0,0.2623293830365414,0.0813623153108851,0.6954461978888599,pl_linear,pre,2023,2023_2,0.6589370460244033
1,1,0.3429855303132602,0.10600716258064133,0.5700378671220162,pl_linear,pre,2023,2023_20,0.6589370460244033
1,1,0.20770706336226935,0.06730706750134624,0.5700378671220162,pl_linear,pre,2023,2023_21,0.6589370460244033
1,1,0.21415326740421006,0.06929185699017922,0.5700378671220162,pl_linear,pre,2023,2023_22,0.6589370460244033
1,1,0.32918150469363117,0.11059803638949664,0.5700378671220162,pl_linear,pre,2023,2023_3,0.6589370460244033
2,0,0.2289719577793309,0.074977509043946,0.6954461978888599,pl_linear,pre,2023,2023_4,0.6589370460244033
2,1,0.24005372927910368,0.07422159883688419,0.8289886398633951,pl_linear,pre,2023,2023_5,0.6589370460244033
1,1,0.36014918377190136,0.11400404861631912,0.5700378671220162,pl_linear,pre,2023,2023_6,0.6589370460244033
2,1,0.19705501132142805,0.06023145823118446,0.785830177739832,pl_linear,pre,2023,2023_7,0.6589370460244033
2,1,0.24411988822247555,0.07848406943650794,0.7410492272586211,pl_linear,pre,2023,2023_8,0.6589370460244033
1,1,0.23324752035971047,0.07565429566583415,0.5700378671220162,pl_linear,pre,2023,2023_9,0.6589370460244033
2,1,0.21839134457356071,0.06486918188714506,0.8289886398633951,pl_linear,pre,2024,2024_1,0.710855606272437
2,1,0.24166422122188105,0.07808063456202316,0.7752514992859421,pl_linear,pre,2024,2024_10,0.710855606272437
0,0,0.4296344158566816,0.1442735570668509,0.0,pl_linear,pre,2024,2024_11,0.710855606272437
1,0,0.2660884528412072,0.08893794157981975,0.4104272643278517,pl_linear,pre,2024,2024_12,0.710855606272437
1,0,0.3769318225985204,0.13536718794582236,0.17101136013660487,pl_linear,pre,2024,2024_13,0.710855606272437
1,0,0.3318921030111306,0.11867769220414448,0.2589507727413789,pl_linear,pre,2024,2024_14,0.710855606272437
1,0,0.24697550455540446,0.08110569876539184,0.4104272643278517,pl_linear,pre,2024,2024_15,0.710855606272437
2,0,0.2960581715963373,0.10460211270056008,0.42100594278174164,pl_linear,pre,2024,2024_16,0.710855606272437
1,0,0.30044305222048134,0.1085671105141099,0.2850189335610081,pl_linear,pre,2024,2024_17,0.710855606272437
3,0,0.20010416879695953,0.06069920890521041,0.9112385085066755,pl_linear,pre,2024,2024_18,0.710855606272437
1,0,0.2717117190091867,0.09416279998397808,0.34202272027320973,pl_linear,pre,2024,2024_19,0.710855606272437
3,1,0.16234085373600488,0.04746220245691386,1.0,pl_linear,pre,2024,2024_2,0.710855606272437
1,0,0.24393130237527144,0.08197395368666985,0.4104272643278517,pl_linear,pre,2024,2024_20,0.710855606272437
1,0,0.6810007389474496,0.15940374585306197,0.2850189335610081,pl_linear,pre,2024,2024_21,0.710855606272437
0,0,0.3525845522548982,0.12990041024462207,0.0,pl_linear,pre,2024,2024_22,0.710855606272437
2,1,0.22753132461965686,0.07333670215024304,0.8289886398633951,pl_linear,pre,2024,2024_23,0.710855606272437
2,0,0.2738160690845998,0.09568904782371715,0.5306652111662978,pl_linear,pre,2024,2024_24,0.710855606272437
1,0,0.42231755025008155,0.14248548760876892,0.20521363216392585,pl_linear,pre,2024,2024_3,0.710855606272437
3,1,0.1596605119320945,0.04614226656693389,0.9910438099037578,pl_linear,pre,2024,2024_4,0.710855606272437
2,1,0.21542557862251166,0.06967032056013577,0.7410492272586211,pl_linear,pre,2024,2024_5,0.710855606272437
1,0,0.23082313258280437,0.07694300582373582,0.4104272643278517,pl_linear,pre,2024,2024_6,0.710855606272437
1,1,0.2267498173628125,0.07674672696218057,0.5700378671220162,pl_linear,pre,2024,2024_7,0.710855606272437
1,0,0.4137719469311393,0.13595273665696167,0.21579231061781579,pl_linear,pre,2024,2024_8,0.710855606272437
1,1,0.23712930921152556,0.07839127370151458,0.5700378671220162,pl_linear,pre,2024,2024_9,0.710855606272437
3,0,0.23332125138249435,0.07115554664060751,0.9410924754941495,pl_linear,pre,2025,2025_1,0.710855606272437
1,0,0.38483700373375385,0.139651535735673,0.20521363216392585,pl_linear,pre,2025,2025_10,0.710855606272437
2,0,0.20076829648668215,0.06248827432505836,0.7700811153575446,pl_linear,pre,2025,2025_11,0.710855606272437
2,0,0.339158854595174,0.07424403695125292,0.7700811153575446,pl_linear,pre,2025,2025_12,0.710855606272437
2,0,0.18617830233941884,0.05402753537844921,0.7700811153575446,pl_linear,pre,2025,2025_13,0.710855606272437
2,0,0.14716963644948483,0.039917713749719606,0.7700811153575446,pl_linear,pre,2025,2025_14,0.710855606272437
2,0,0.40226421191532824,0.11761802458211582,0.5648674831936188,pl_linear,pre,2025,2025_15,0.710855606272437
2,0,0.13665524684804117,0.0364440343611912,0.6009734930145886,pl_linear,pre,2025,2025_16,0.710855606272437
1,0,0.4784669097841582,0.1507535474357752,0.2850189335610081,pl_linear,pre,2025,2025_17,0.710855606272437
2,0,0.1943824359358229,0.06143893833504397,0.5472363524371356,pl_linear,pre,2025,2025_18,0.710855606272437
2,0,0.2357671054594243,0.07941688721945407,0.543969706302387,pl_linear,pre,2025,2025_19,0.710855606272437
2,0,0.17493895740964835,0.05159545439814254,0.6954461978888599,pl_linear,pre,2025,2025_2,0.710855606272437
2,0,0.21755959129716412,0.07161982154172979,0.6270416538342178,pl_linear,pre,2025,2025_20,0.710855606272437
2,1,0.2516296278900002,0.0792944215204551,0.785830177739832,pl_linear,pre,2025,2025_21,0.710855606272437
1,0,0.32475329437755474,0.11397998631371968,0.35965385102969294,pl_linear,pre,2025,2025_22,0.710855606272437
2,1,0.32662067625867425,0.09997112127180925,0.7752514992859421,pl_linear,pre,2025,2025_23,0.710855606272437
3,1,0.13993423863407078,0.03517382997460311,0.9910438099037578,pl_linear,pre,2025,2025_24,0.710855606272437
3,0,0.16370810442080913,0.045051746646827026,0.9112385085066755,pl_linear,pre,2025,2025_3,0.710855606272437
2,0,0.19921294247622726,0.0620996243302354,0.6270416538342178,pl_linear,pre,2025,2025_4,0.710855606272437
2,1,0.22073996884519528,0.07158877730729496,0.7752514992859421,pl_linear,pre,2025,2025_5,0.710855606272437
2,1,0.19834526559919402,0.06227251319460395,0.7752514992859421,pl_linear,pre,2025,2025_6,0.710855606272437
3,0,0.156441215785778,0.042376939461229376,0.9068902034668286,pl_linear,pre,2025,2025_7,0.710855606272437
2,0,0.22655018004825797,0.07395661321242117,0.6270416538342178,pl_linear,pre,2025,2025_8,0.710855606272437
2,1,0.20766690050849124,0.06413874143256146,0.8289886398633951,pl_linear,pre,2025,2025_9,0.710855606272437
0,0,0.3495371635857563,0.12177251468256839,0.0,pl_linear,pre,2026,2026_1,0.710855606272437
2,1,0.2223894159097761,0.07274528394155089,0.7752514992859421,pl_linear,pre,2026,2026_10,0.710855606272437
1,0,0.2388264375229719,0.07964610906019619,0.34202272027320973,pl_linear,pre,2026,2026_11,0.710855606272437
2,0,0.1984937255041611,0.06346309858377788,0.6262195749456675,pl_linear,pre,2026,2026_12,0.710855606272437
2,1,0.24059043298328195,0.08119975261989326,0.7752514992859421,pl_linear,pre,2026,2026_13,0.710855606272437
2,1,0.21291554148576608,0.06947853520104422,0.785830177739832,pl_linear,pre,2026,2026_14,0.710855606272437
0,0,0.3542543773867572,0.12554311009505106,0.0,pl_linear,pre,2026,2026_15,0.710855606272437
1,0,0.23838354814856136,0.0773567958480726,0.4104272643278517,pl_linear,pre,2026,2026_2,0.710855606272437
2,0,0.25466370443906233,0.08706659660395112,0.5306652111662978,pl_linear,pre,2026,2026_3,0.710855606272437
1,0,0.24477145668613176,0.08465665910710292,0.35965385102969294,pl_linear,pre,2026,2026_4,0.710855606272437
1,1,0.24816055080362123,0.085502529467978,0.5700378671220162,pl_linear,pre,2026,2026_5,0.710855606272437
1,1,0.2924596896241861,0.09511402524094398,0.5700378671220162,pl_linear,pre,2026,2026_6,0.710855606272437
1,0,0.28108717908342196,0.0993363678692468,0.2589507727413789,pl_linear,pre,2026,2026_7,0.710855606272437
2,0,0.19638037645207776,0.06102124403217322,0.7016765713029027,pl_linear,pre,2026,2026_8,0.710855606272437
2,0,0.24261768342387058,0.08409291786897563,0.42996213287798374,pl_linear,pre,2026,2026_9,0.710855606272437
2,0,0.2104666344242742,0.07236230482507641,0.5008112441788239,pl_linear@2018,post,2022,2022_1,0.5248455507398981
1,0,0.34276172677580385,0.1202298997334964,0.17101136013660487,pl_linear@2018,post,2022,2022_10,0.5248455507398981
2,0,0.152247874816061,0.04742982158644654,0.7700811153575446,pl_linear@2018,post,2022,2022_11,0.5248455507398981
2,1,0.19953111682570285,0.06481412247221904,0.8289886398633951,pl_linear@2018,post,2022,2022_12,0.5248455507398981
1,0,0.2856239122435284,0.09864087299167494,0.34202272027320973,pl_linear@2018,post,2022,2022_13,0.5248455507398981
2,0,0.21365184602869242,0.0698905143182097,0.5472363524371356,pl_linear@2018,post,2022,2022_14,0.5248455507398981
2,1,0.20533879843269348,0.06970291646876133,0.785830177739832,pl_linear@2018,post,2022,2022_15,0.5248455507398981
3,1,0.11208096771056877,0.024837461142714786,1.0,pl_linear@2018,post,2022,2022_16,0.5248455507398981
2,0,0.2006883462052204,0.06850370809654813,0.6954461978888599,pl_linear@2018,post,2022,2022_17,0.5248455507398981
3,1,0.12632728051696052,0.034646389193696045,1.0,pl_linear@2018,post,2022,2022_18,0.5248455507398981
2,1,0.20084214016869834,0.06374991224932101,0.8289886398633951,pl_linear@2018,post,2022,2022_19,0.5248455507398981
3,0,0.1091046442746226,0.02754383491382036,0.9410924754941495,pl_linear@2018,post,2022,2022_2,0.5248455507398981
3,1,0.11968668236636146,0.034718769151688436,1.0,pl_linear@2018,post,2022,2022_20,0.5248455507398981
2,0,0.37167548696251107,0.10431074226746029,0.5648674831936188,pl_linear@2018,post,2022,2022_21,0.5248455507398981
3,1,0.1426908928917772,0.04244885059174166,0.9910438099037578,pl_linear@2018,post,2022,2022_22,0.5248455507398981
2,0,0.25755341963492645,0.08456905642406895,0.5648674831936188,pl_linear@2018,post,2022,2022_3,0.5248455507398981
2,1,0.25054551670993164,0.08719257489058325,0.7752514992859421,pl_linear@2018,post,2022,2022_4,0.5248455507398981
3,1,0.11721310535787657,0.030432181148180353,1.0,pl_linear@2018,post,2022,2022_5,0.5248455507398981
1,1,0.2675691676433928,0.09788887828147419,0.5700378671220162,pl_linear@2018,post,2022,2022_6,0.5248455507398981
2,0,0.2151384571700566,0.07326926113139297,0.5472363524371356,pl_linear@2018,post,2022,2022_7,0.5248455507398981
2,1,0.24464489085839447,0.08407634702585903,0.7752514992859421,pl_linear@2018,post,2022,2022_8,0.5248455507398981
2,1,0.17856079037774922,0.060371937227605955,0.785830177739832,pl_linear@2018,post,2022,2022_9,0.5248455507398981
2,1,0.22370822970400855,0.06656248080454782,0.8289886398633951,pl_linear@2018,post,2023,2023_1,0.5248455507398981
1,1,0.26895013915846727,0.09286072565348737,0.5700378671220162,pl_linear@2018,post,2023,2023_10,0.5248455507398981
2,1,0.2768389462964744,0.09778405669295473,0.7410492272586211,pl_linear@2018,post,2023,2023_11,0.5248455507398981
2,1,0.16955030702669285,0.05806903271182838,0.7752514992859421,pl_linear@2018,post,2023,2023_12,0.5248455507398981
1,1,0.4227329335271933,0.09873516430869902,0.5700378671220162,pl_linear@2018,post,2023,2023_13,0.5248455507398981
3,1,0.12739252278635885,0.03794319862990957,0.9910438099037578,pl_linear@2018,post,2023,2023_14,0.5248455507398981
1,0,0.32582016140859904,0.1103842536353131,0.35965385102969294,pl_linear@2018,post,2023,2023_15,0.5248455507398981
1,1,0.2818468986937339,0.09684955983763671,0.5700378671220162,pl_linear@2018,post,2023,2023_16,0.5248455507398981
1,1,0.5317362167962821,0.1440192118401033,0.5700378671220162,pl_linear@2018,post,2023,2023_17,0.5248455507398981
1,1,0.23154040221401034,0.08198506509798612,0.5700378671220162,pl_linear@2018,post,2023,2023_18,0.5248455507398981
2,1,0.17487715236910603,0.060007749939780156,0.785830177739832,pl_linear@2018,post,2023,2023_19,0.5248455507398981
1,1,0.27051320029286313,0.0943223230642213,0.5700378671220162,pl_linear@2018,post,2023,2023_2,0.5248455507398981
2,1,0.23010398744247987,0.069380205900304,0.785830177739832,pl_linear@2018,post,2023,2023_20,0.5248455507398981
2,1,0.20018439555229142,0.06126144347868736,0.8289886398633951,pl_linear@2018,post,2023,2023_21,0.5248455507398981
2,1,0.170448798182657,0.05317265497840549,0.8289886398633951,pl_linear@2018,post,2023,2023_22,0.5248455507398981
2,0,0.30329045567616186,0.10056331469909507,0.5648674831936188,pl_linear@2018,post,2023,2023_3,0.5248455507398981
2,0,0.13075638305421766,0.03785566271918887,0.7700811153575446,pl_linear@2018,post,2023,2023_4,0.5248455507398981
2,0,0.18446840605791,0.058003216422057816,0.7700811153575446,pl_linear@2018,post,2023,2023_5,0.5248455507398981
2,1,0.20583486728019013,0.06809032775072069,0.7410492272586211,pl_linear@2018,post,2023,2023_6,0.5248455507398981
2,1,0.2278367297722738,0.07473618013107644,0.7752514992859421,pl_linear@2018,post,2023,2023_7,0.5248455507398981
2,1,0.1752573582680642,0.05758210523502231,0.785830177739832,pl_linear@2018,post,2023,2023_8,0.5248455507398981
2,1,0.3000630086434976,0.09212699236963577,0.7752514992859421,pl_linear@2018,post,2023,2023_9,0.5248455507398981
2,1,0.1767059417661793,0.05581671656583285,0.8289886398633951,pl_linear@2018,post,2024,2024_1,0.5661988568127707
2,1,0.18045843534315292,0.05912748713892065,0.8289886398633951,pl_linear@2018,post,2024,2024_10,0.5661988568127707
1,0,0.516354479291768,0.13620336358266222,0.35965385102969294,pl_linear@2018,post,2024,2024_11,0.5661988568127707
2,0,0.22338816649190552,0.07869075292817754,0.6954461978888599,pl_linear@2018,post,2024,2024_12,0.5661988568127707
2,0,0.33967850703556635,0.10905236536593613,0.543969706302387,pl_linear@2018,post,2024,2024_13,0.5661988568127707
2,0,0.3073193793060197,0.10864131553023068,0.5008112441788239,pl_linear@2018,post,2024,2024_14,0.5661988568127707
2,0,0.18609852145880626,0.05938241654437541,0.7700811153575446,pl_linear@2018,post,2024,2024_15,0.5661988568127707
1,0,0.223805847194265,0.07651351614023459,0.34202272027320973,pl_linear@2018,post,2024,2024_16,0.5661988568127707
1,0,0.28100039927672665,0.10526524238629295,0.4104272643278517,pl_linear@2018,post,2024,2024_17,0.5661988568127707
2,0,0.1490840384958642,0.044233784034385285,0.7700811153575446,pl_linear@2018,post,2024,2024_18,0.5661988568127707
2,0,0.19977819775516914,0.06911085060927609,0.42100594278174164,pl_linear@2018,post,2024,2024_19,0.5661988568127707
3,1,0.11055263500921933,0.0301163569306325,1.0,pl_linear@2018,post,2024,2024_2,0.5661988568127707
2,0,0.18036388505493534,0.060041497920596154,0.5306652111662978,pl_linear@2018,post,2024,2024_20,0.5661988568127707
0,0,0.885810152191428,0.2303060901158885,0.0,pl_linear@2018,post,2024,2024_21,0.5661988568127707
1,0,0.2843525603543505,0.09943327615787499,0.34202272027320973,pl_linear@2018,post,2024,2024_22,0.5661988568127707
1,1,0.24576189242094718,0.08594825852522575,0.5700378671220162,pl_linear@2018,post,2024,2024_23,0.5661988568127707
1,1,0.36514610303275147,0.11387760231458992,0.5700378671220162,pl_linear@2018,post,2024,2024_24,0.5661988568127707
1,0,0.5429244924952129,0.1363082315310153,0.35965385102969294,pl_linear@2018,post,2024,2024_3,0.5661988568127707
3,1,0.11550649843282042,0.029884180316047986,0.9910438099037578,pl_linear@2018,post,2024,2024_4,0.5661988568127707
2,1,0.17063904429121748,0.05353383944736188,0.785830177739832,pl_linear@2018,post,2024,2024_5,0.5661988568127707
2,0,0.250489642462847,0.08646993505708431,0.5814386244644566,pl_linear@2018,post,2024,2024_6,0.5661988568127707
2,1,0.196313213248077,0.06797362101879437,0.7410492272586211,pl_linear@2018,post,2024,2024_7,0.5661988568127707
2,0,0.2574473388530484,0.08692965636857594,0.5008112441788239,pl_linear@2018,post,2024,2024_8,0.5661988568127707
3,1,0.11223366720977165,0.029163738651568988,0.9910438099037578,pl_linear@2018,post,2024,2024_9,0.5661988568127707
2,1,0.18598889664168894,0.05717510467718899,0.8289886398633951,pl_linear@2018,post,2025,2025_1,0.6589370460244033
2,0,0.28985067183296653,0.10048699495388591,0.543969706302387,pl_linear@2018,post,2025,2025_10,0.6589370460244033
3,0,0.11916175959435034,0.03065073873101102,0.9410924754941495,pl_linear@2018,post,2025,2025_11,0.6589370460244033
2,0,0.45458286185168406,0.08091999268335663,0.7700811153575446,pl_linear@2018,post,2025,2025_12,0.6589370460244033
2,0,0.13454955196614132,0.04138762135679806,0.7700811153575446,pl_linear@2018,post,2025,2025_13,0.6589370460244033
2,0,0.13072524394517182,0.03979526576084787,0.7700811153575446,pl_linear@2018,post,2025,2025_14,0.6589370460244033
2,0,0.3200309298952487,0.1016110882527459,0.5648674831936188,pl_linear@2018,post,2025,2025_15,0.6589370460244033
3,0,0.08279739510925296,0.016703730475898553,0.9112385085066755,pl_linear@2018,post,2025,2025_16,0.6589370460244033
1,1,0.2783987480038027,0.09211064066544221,0.5700378671220162,pl_linear@2018,post,2025,2025_17,0.6589370460244033
2,0,0.1721769437642753,0.05473210959052914,0.5814386244644566,pl_linear@2018,post,2025,2025_18,0.6589370460244033
2,1,0.14978425607059562,0.044396732449041555,0.8289886398633951,pl_linear@2018,post,2025,2025_19,0.6589370460244033
2,0,0.16527448320842736,0.05161681275862355,0.5472363524371356,pl_linear@2018,post,2025,2025_2,0.6589370460244033
3,1,0.14439892699565413,0.04075248064908393,0.9910438099037578,pl_linear@2018,post,2025,2025_20,0.6589370460244033
1,1,0.3533081328754178,0.11664096263567866,0.5700378671220162,pl_linear@2018,post,2025,2025_21,0.6589370460244033
1,0,0.5158378911699631,0.13307054841261273,0.35965385102969294,pl_linear@2018,post,2025,2025_22,0.6589370460244033
2,1,0.26648979520190513,0.08562224881249167,0.7752514992859421,pl_linear@2018,post,2025,2025_23,0.6589370460244033
3,1,0.10378354038917796,0.025895184345110688,0.9910438099037578,pl_linear@2018,post,2025,2025_24,0.6589370460244033
3,1,0.1316319446769049,0.03569682411130976,1.0,pl_linear@2018,post,2025,2025_3,0.6589370460244033
2,1,0.17388811223663825,0.05177525091045537,0.8289886398633951,pl_linear@2018,post,2025,2025_4,0.6589370460244033
2,0,0.15680519466888582,0.045751817514992986,0.7700811153575446,pl_linear@2018,post,2025,2025_5,0.6589370460244033
2,0,0.23222169386823444,0.07847304256901352,0.5648674831936188,pl_linear@2018,post,2025,2025_6,0.6589370460244033
3,0,0.10351392303529275,0.025603988825055525,0.9068902034668286,pl_linear@2018,post,2025,2025_7,0.6589370460244033
2,0,0.13349888341496963,0.03945315492022082,0.7016765713029027,pl_linear@2018,post,2025,2025_8,0.6589370460244033
2,1,0.18573870974588405,0.05819073130503463,0.8289886398633951,pl_linear@2018,post,2025,2025_9,0.6589370460244033
2,1,0.19729214219574392,0.0629309838026822,0.8289886398633951,pl_linear@2018,post,2026,2026_1,0.6589370460244033
2,1,0.15626280924891284,0.04642446077382029,0.8289886398633951,pl_linear@2018,post,2026,2026_10,0.6589370460244033
1,0,0.23732136825537287,0.08421651627264314,0.2850189335610081,pl_linear@2018,post,2026,2026_11,0.6589370460244033
3,1,0.17608371424296443,0.0546521994428708,0.9910438099037578,pl_linear@2018,post,2026,2026_12,0.6589370460244033
1,0,0.33527403876206724,0.11715502754493744,0.20521363216392585,pl_linear@2018,post,2026,2026_13,0.6589370460244033
2,0,0.1592052908333278,0.04847803725606648,0.7016765713029027,pl_linear@2018,post,2026,2026_14,0.6589370460244033
1,1,0.2779946624178394,0.0978894181799323,0.5700378671220162,pl_linear@2018,post,2026,2026_15,0.6589370460244033
3,0,0.13348835629541633,0.03795990016185233,0.9410924754941495,pl_linear@2018,post,2026,2026_2,0.6589370460244033
2,0,0.2354184790579893,0.08132419044492807,0.5306652111662978,pl_linear@2018,post,2026,2026_3,0.6589370460244033
1,1,0.3090607834498093,0.10867085953924294,0.5700378671220162,pl_linear@2018,post,2026,2026_4,0.6589370460244033
1,1,0.261987724973707,0.09263088731811077,0.5700378671220162,pl_linear@2018,post,2026,2026_5,0.6589370460244033
2,1,0.20384096211668715,0.06691507698472322,0.8289886398633951,pl_linear@2018,post,2026,2026_6,0.6589370460244033
2,0,0.2037750002689564,0.06811925304027021,0.543969706302387,pl_linear@2018,post,2026,2026_7,0.6589370460244033
1,0,0.2341176303935413,0.0818877511981317,0.21579231061781579,pl_linear@2018,post,2026,2026_8,0.6589370460244033
2,0,0.19972224701758376,0.0667166231881616,0.5306652111662978,pl_linear@2018,post,2026,2026_9,0.6589370460244033
1,0,0.2890980066090211,0.09933746334939506,0.34202272027320973,pl_linear@2018,pre,2022,2022_1,0.5248455507398981
1,0,0.37627458530343183,0.12597142639366132,0.21579231061781579,pl_linear@2018,pre,2022,2022_10,0.5248455507398981
2,0,0.17418501852749946,0.05294228155387154,0.7700811153575446,pl_linear@2018,pre,2022,2022_11,0.5248455507398981
1,1,0.22346745834632817,0.07412584277393955,0.5700378671220162,pl_linear@2018,pre,2022,2022_12,0.5248455507398981
2,1,0.19948516003322606,0.06276748786475822,0.7752514992859421,pl_linear@2018,pre,2022,2022_13,0.5248455507398981
2,1,0.2083148656063948,0.06914201796534061,0.7752514992859421,pl_linear@2018,pre,2022,2022_14,0.5248455507398981
2,1,0.19949136184624613,0.06550403219596779,0.785830177739832,pl_linear@2018,pre,2022,2022_15,0.5248455507398981
1,1,0.1932316348838519,0.06359057839229419,0.5700378671220162,pl_linear@2018,pre,2022,2022_16,0.5248455507398981
1,0,0.36769566523158903,0.12691040699598932,0.2589507727413789,pl_linear@2018,pre,2022,2022_17,0.5248455507398981
3,1,0.1427072306983003,0.04004441732400506,1.0,pl_linear@2018,pre,2022,2022_18,0.5248455507398981
2,1,0.19172253842237724,0.06403587621061366,0.7752514992859421,pl_linear@2018,pre,2022,2022_19,0.5248455507398981
2,1,0.14817984102964996,0.04541751620321953,0.8289886398633951,pl_linear@2018,pre,2022,2022_2,0.5248455507398981
3,1,0.1391181556998207,0.03894665152425877,0.9910438099037578,pl_linear@2018,pre,2022,2022_20,0.5248455507398981
1,0,0.43402762319393684,0.13165489336157718,0.17101136013660487,pl_linear@2018,pre,2022,2022_21,0.5248455507398981
2,1,0.18629420074242864,0.06080859439594076,0.8289886398633951,pl_linear@2018,pre,2022,2022_22,0.5248455507398981
2,0,0.349793092810314,0.10857115976982175,0.543969706302387,pl_linear@2018,pre,2022,2022_3,0.5248455507398981
1,1,0.31594388160127757,0.09759552393202847,0.5700378671220162,pl_linear@2018,pre,2022,2022_4,0.5248455507398981
2,1,0.16550490518533884,0.04921749034047833,0.8289886398633951,pl_linear@2018,pre,2022,2022_5,0.5248455507398981
2,1,0.2496871864143681,0.08408687982083178,0.7752514992859421,pl_linear@2018,pre,2022,2022_6,0.5248455507398981
1,0,0.20651557866738662,0.06902870008307882,0.34202272027320973,pl_linear@2018,pre,2022,2022_7,0.5248455507398981
2,1,0.22029317901846293,0.07239232351150371,0.7752514992859421,pl_linear@2018,pre,2022,2022_8,0.5248455507398981
2,1,0.23563218938956726,0.07324950192148426,0.785830177739832,pl_linear@2018,pre,2022,2022_9,0.5248455507398981
2,1,0.302431894164381,0.08726253476126122,0.7752514992859421,pl_linear@2018,pre,2023,2023_1,0.5248455507398981
2,1,0.35740971247877357,0.0901068906427733,0.7410492272586211,pl_linear@2018,pre,2023,2023_10,0.5248455507398981
1,1,0.3397154146167256,0.09466527750600934,0.5700378671220162,pl_linear@2018,pre,2023,2023_11,0.5248455507398981
1,1,0.24031053428758714,0.0835029062037046,0.5700378671220162,pl_linear@2018,pre,2023,2023_12,0.5248455507398981
1,1,0.38450043000601875,0.10905768191727253,0.5700378671220162,pl_linear@2018,pre,2023,2023_13,0.5248455507398981
2,1,0.18953940135181352,0.0616444368074997,0.7752514992859421,pl_linear@2018,pre,2023,2023_14,0.5248455507398981
1,0,0.6103979404756842,0.14716631600359278,0.21579231061781579,pl_linear@2018,pre,2023,2023_15,0.5248455507398981
1,1,0.4138886138674337,0.11988327906033831,0.5700378671220162,pl_linear@2018,pre,2023,2023_16,0.5248455507398981
1,1,0.4404260060338106,0.12517248141792392,0.5700378671220162,pl_linear@2018,pre,2023,2023_17,0.5248455507398981
1,1,0.26930867086338894,0.08874103861632648,0.5700378671220162,pl_linear@2018,pre,2023,2023_18,0.5248455507398981
2,1,0.1938782508026447,0.06206754996445365,0.7752514992859421,pl_linear@2018,pre,2023,2023_19,0.5248455507398981
2,0,0.26991655270103815,0.08257924524588728,0.6954461978888599,pl_linear@2018,pre,2023,2023_2,0.5248455507398981
1,1,0.30852339648684246,0.10044594334980443,0.5700378671220162,pl_linear@2018,pre,2023,2023_20,0.5248455507398981
2,1,0.20898750864360188,0.06814194921564046,0.7410492272586211,pl_linear@2018,pre,2023,2023_21,0.5248455507398981
2,1,0.2170021831641658,0.07064031214110286,0.7752514992859421,pl_linear@2018,pre,2023,2023_22,0.5248455507398981
1,0,0.36729290479657745,0.1223186701604071,0.35965385102969294,pl_linear@2018,pre,2023,2023_3,0.5248455507398981
2,0,0.23583908066523357,0.0767907555316058,0.6954461978888599,pl_linear@2018,pre,2023,2023_4,0.5248455507398981
2,1,0.21889476578261585,0.06620599259998586,0.8289886398633951,pl_linear@2018,pre,2023,2023_5,0.5248455507398981
1,1,0.37718678099812075,0.12136445983606756,0.5700378671220162,pl_linear@2018,pre,2023,2023_6,0.5248455507398981
3,1,0.153873459049688,0.044928004269941424,0.9910438099037578,pl_linear@2018,pre,2023,2023_7,0.5248455507398981
2,1,0.23542469435156482,0.074414594018088,0.785830177739832,pl_linear@2018,pre,2023,2023_8,0.5248455507398981
2,1,0.22465116866522572,0.07510646944507601,0.7410492272586211,pl_linear@2018,pre,2023,2023_9,0.5248455507398981
2,1,0.2117877812356265,0.06226213109295432,0.8289886398633951,pl_linear@2018,pre,2024,2024_1,0.6589370460244033
2,1,0.24427000355944095,0.07996180890486,0.7752514992859421,pl_linear@2018,pre,2024,2024_10,0.6589370460244033
0,0,0.45904766646856593,0.14709693600367635,0.0,pl_linear@2018,pre,2024,2024_11,0.6589370460244033
1,0,0.2608667256188614,0.08843157537443236,0.4104272643278517,pl_linear@2018,pre,2024,2024_12,0.6589370460244033
1,0,0.40256200353905075,0.13935220181997846,0.17101136013660487,pl_linear@2018,pre,2024,2024_13,0.6589370460244033
1,0,0.36810825576883843,0.12999005190616672,0.17101136013660487,pl_linear@2018,pre,2024,2024_14,0.6589370460244033
1,0,0.23333003265968877,0.07690877610376387,0.4104272643278517,pl_linear@2018,pre,2024,2024_15,0.6589370460244033
2,0,0.30799684930115223,0.11035817700784503,0.42100594278174164,pl_linear@2018,pre,2024,2024_16,0.6589370460244033
1,0,0.3186253348385006,0.11659291496971982,0.20521363216392585,pl_linear@2018,pre,2024,2024_17,0.6589370460244033
3,0,0.17984249778266767,0.052523955603538966,0.9112385085066755,pl_linear@2018,pre,2024,2024_18,0.6589370460244033
1,0,0.24981089593788028,0.08543759805197924,0.34202272027320973,pl_linear@2018,pre,2024,2024_19,0.6589370460244033
3,1,0.15002009432884553,0.04352690274720743,1.0,pl_linear@2018,pre,2024,2024_2,0.6589370460244033
2,0,0.24398503973867278,0.08416913001205194,0.42996213287798374,pl_linear@2018,pre,2024,2024_20,0.6589370460244033
1,0,0.7043569332615739,0.15358903055620704,0.35965385102969294,pl_linear@2018,pre,2024,2024_21,0.6589370460244033
0,0,0.3602421506926651,0.1337098323898129,0.0,pl_linear@2018,pre,2024,2024_22,0.6589370460244033
2,1,0.22146299923118962,0.07196564046266714,0.8289886398633951,pl_linear@2018,pre,2024,2024_23,0.6589370460244033
2,0,0.27573745653560566,0.09674415049616678,0.5306652111662978,pl_linear@2018,pre,2024,2024_24,0.6589370460244033
1,0,0.5334158735399367,0.16204929960117387,0.20521363216392585,pl_linear@2018,pre,2024,2024_3,0.6589370460244033
3,1,0.16822735893442234,0.050564772606335406,0.9910438099037578,pl_linear@2018,pre,2024,2024_4,0.6589370460244033
2,1,0.21615748351832945,0.0695190557524457,0.7410492272586211,pl_linear@2018,pre,2024,2024_5,0.6589370460244033
1,0,0.23912456853468908,0.08034872248414462,0.4104272643278517,pl_linear@2018,pre,2024,2024_6,0.6589370460244033
1,1,0.22674144382608302,0.07796663213408625,0.5700378671220162,pl_linear@2018,pre,2024,2024_7,0.6589370460244033
1,0,0.4403879482835604,0.1349071011566177,0.21579231061781579,pl_linear@2018,pre,2024,2024_8,0.6589370460244033
1,1,0.24035805166096078,0.08166938388252853,0.5700378671220162,pl_linear@2018,pre,2024,2024_9,0.6589370460244033
3,0,0.23651836127409834,0.07341743602274207,0.9410924754941495,pl_linear@2018,pre,2025,2025_1,0.7668649016134386
1,0,0.4081826932532181,0.1463755063149048,0.20521363216392585,pl_linear@2018,pre,2025,2025_10,0.7668649016134386
2,0,0.2052082116258417,0.06416134045676006,0.6954461978888599,pl_linear@2018,pre,2025,2025_11,0.7668649016134386
2,0,0.3290045578687193,0.07476389451134134,0.7700811153575446,pl_linear@2018,pre,2025,2025_12,0.7668649016134386
2,0,0.18572303543055602,0.05283865797373568,0.7700811153575446,pl_linear@2018,pre,2025,2025_13,0.7668649016134386
2,0,0.16134735812692708,0.0451158899667145,0.7700811153575446,pl_linear@2018,pre,2025,2025_14,0.7668649016134386
2,0,0.39028723583106595,0.11600237463991905,0.5648674831936188,pl_linear@2018,pre,2025,2025_15,0.7668649016134386
3,0,0.1361334831570618,0.03457277059158837,0.8859924265755967,pl_linear@2018,pre,2025,2025_16,0.7668649016134386
1,0,0.479375881488122,0.15000703667482412,0.2850189335610081,pl_linear@2018,pre,2025,2025_17,0.7668649016134386
2,0,0.2032461372069724,0.06374717570524435,0.6009734930145886,pl_linear@2018,pre,2025,2025_18,0.7668649016134386
2,0,0.22390130843673264,0.0738923125356281,0.5648674831936188,pl_linear@2018,pre,2025,2025_19,0.7668649016134386
2,0,0.200198743903062,0.06039909610415513,0.5814386244644566,pl_linear@2018,pre,2025,2025_2,0.7668649016134386
2,0,0.20648715491748262,0.0671807054734475,0.6270416538342178,pl_linear@2018,pre,2025,2025_20,0.7668649016134386
2,1,0.2619459852976885,0.08036570768484179,0.785830177739832,pl_linear@2018,pre,2025,2025_21,0.7668649016134386
1,0,0.32664403276705845,0.11277459373226625,0.35965385102969294,pl_linear@2018,pre,2025,2025_22,0.7668649016134386
1,1,0.3169390934415649,0.09803621619016234,0.5700378671220162,pl_linear@2018,pre,2025,2025_23,0.7668649016134386
3,1,0.15807993410829752,0.04230525498420189,0.9910438099037578,pl_linear@2018,pre,2025,2025_24,0.7668649016134386
2,0,0.18609888826615623,0.05421263474642589,0.6262195749456675,pl_linear@2018,pre,2025,2025_3,0.7668649016134386
2,0,0.2107135704781206,0.06598953433256861,0.5008112441788239,pl_linear@2018,pre,2025,2025_4,0.7668649016134386
2,1,0.21383497239723193,0.06739456194967078,0.8289886398633951,pl_linear@2018,pre,2025,2025_5,0.7668649016134386
2,1,0.20685215261227025,0.06506384947154699,0.7752514992859421,pl_linear@2018,pre,2025,2025_6,0.7668649016134386
3,0,0.16593544518341982,0.04588284580049156,0.9068902034668286,pl_linear@2018,pre,2025,2025_7,0.7668649016134386
2,0,0.22517654649937682,0.07291251670816344,0.6270416538342178,pl_linear@2018,pre,2025,2025_8,0.7668649016134386
2,1,0.19627042695041777,0.05882948544334011,0.8289886398633951,pl_linear@2018,pre,2025,2025_9,0.7668649016134386
0,0,0.3272036032628049,0.11422162819705894,0.0,pl_linear@2018,pre,2026,2026_1,0.710855606272437
2,0,0.22726118541639903,0.07300801009959326,0.7700811153575446,pl_linear@2018,pre,2026,2026_10,0.710855606272437
1,0,0.24393697362766512,0.08136170797383342,0.34202272027320973,pl_linear@2018,pre,2026,2026_11,0.710855606272437
1,0,0.23519109333453522,0.08024025919525762,0.4104272643278517,pl_linear@2018,pre,2026,2026_12,0.710855606272437
1,1,0.2582525318389936,0.08855510995355186,0.5700378671220162,pl_linear@2018,pre,2026,2026_13,0.710855606272437
2,1,0.21294478128001665,0.06927720595487248,0.785830177739832,pl_linear@2018,pre,2026,2026_14,0.710855606272437
1,0,0.3444173188817902,0.1210810637374047,0.2850189335610081,pl_linear@2018,pre,2026,2026_15,0.710855606272437
1,0,0.23447287190513155,0.07580237360360224,0.4104272643278517,pl_linear@2018,pre,2026,2026_2,0.710855606272437
2,0,0.25264328895707117,0.08507433200630043,0.5306652111662978,pl_linear@2018,pre,2026,2026_3,0.710855606272437
1,0,0.27694006724408826,0.09832208269235095,0.35965385102969294,pl_linear@2018,pre,2026,2026_4,0.710855606272437
1,1,0.2526684256000093,0.08709566704626791,0.5700378671220162,pl_linear@2018,pre,2026,2026_5,0.710855606272437
1,1,0.274854390086497,0.09021924432431672,0.5700378671220162,pl_linear@2018,pre,2026,2026_6,0.710855606272437
1,0,0.2707275165382527,0.09468620081961075,0.2589507727413789,pl_linear@2018,pre,2026,2026_7,0.710855606272437
1,0,0.22650947544111463,0.07297872156230643,0.34202272027320973,pl_linear@2018,pre,2026,2026_8,0.710855606272437
2,0,0.23522228846244903,0.0802811584375232,0.42100594278174164,pl_linear@2018,pre,2026,2026_9,0.710855606272437
2,1,0.27328414129345485,0.08376270348020994,0.7410492272586211,pl_linear@2022,post,2023,2023_1,0.8924703518715341
1,1,0.2869218869816671,0.09025090828603531,0.5700378671220162,pl_linear@2022,post,2023,2023_10,0.8924703518715341
2,1,0.2730497942227216,0.09149409622059058,0.7410492272586211,pl_linear@2022,post,2023,2023_11,0.8924703518715341
2,1,0.16390279806238522,0.05033965871462628,0.8289886398633951,pl_linear@2022,post,2023,2023_12,0.8924703518715341
1,1,0.40305610644167755,0.11062454956884708,0.5700378671220162,pl_linear@2022,post,2023,2023_13,0.8924703518715341
2,1,0.19919197717860182,0.06477744955843537,0.7752514992859421,pl_linear@2022,post,2023,2023_14,0.8924703518715341
1,0,0.40782740681501994,0.1378467006500597,0.17101136013660487,pl_linear@2022,post,2023,2023_15,0.8924703518715341
1,1,0.3415081095094374,0.1093496368166692,0.5700378671220162,pl_linear@2022,post,2023,2023_16,0.8924703518715341
1,1,0.46152105222895895,0.12275213229315096,0.5700378671220162,pl_linear@2022,post,2023,2023_17,0.8924703518715341
1,1,0.21505218937280518,0.0679457569271715,0.5700378671220162,pl_linear@2022,post,2023,2023_18,0.8924703518715341
2,1,0.20781830694671855,0.06692782001588124,0.7410492272586211,pl_linear@2022,post,2023,2023_19,0.8924703518715341
2,0,0.3367883896479307,0.10566431150469044,0.5008112441788239,pl_linear@2022,post,2023,2023_2,0.8924703518715341
2,1,0.22142804896640925,0.06486570837180625,0.785830177739832,pl_linear@2022,post,2023,2023_20,0.8924703518715341
2,1,0.2409599956767884,0.07343751496785703,0.7752514992859421,pl_linear@2022,post,2023,2023_21,0.8924703518715341
2,1,0.18604305130428506,0.05523452496926715,0.8289886398633951,pl_linear@2022,post,2023,2023_22,0.8924703518715341
2,0,0.24933612299484395,0.08103180464273116,0.5648674831936188,pl_linear@2022,post,2023,2023_3,0.8924703518715341
2,0,0.2251030329701976,0.06576926395102246,0.7700811153575446,pl_linear@2022,post,2023,2023_4,0.8924703518715341
2,0,0.17338953765671086,0.05159686953314494,0.7700811153575446,pl_linear@2022,post,2023,2023_5,0.8924703518715341
2,1,0.2152294356631527,0.06535067895593227,0.8289886398633951,pl_linear@2022,post,2023,2023_6,0.8924703518715341
1,1,0.2708796379495284,0.08697641169065604,0.5700378671220162,pl_linear@2022,post,2023,2023_7,0.8924703518715341
2,1,0.22293359198200915,0.07079995124081469,0.7410492272586211,pl_linear@2022,post,2023,2023_8,0.8924703518715341
1,1,0.2797085949906243,0.08943369413920331,0.5700378671220162,pl_linear@2022,post,2023,2023_9,0.8924703518715341
1,1,0.235105849524654,0.07532407003093491,0.5700378671220162,pl_linear@2022,post,2024,2024_1,0.8924703518715341
2,1,0.24288028721373522,0.07457806792150021,0.8289886398633951,pl_linear@2022,post,2024,2024_10,0.8924703518715341
0,0,0.42299876421097105,0.14893270762801394,0.0,pl_linear@2022,post,2024,2024_11,0.8924703518715341
2,0,0.22824591884961287,0.0756394884696884,0.5814386244644566,pl_linear@2022,post,2024,2024_12,0.8924703518715341
2,0,0.26522734146434224,0.09008243347802458,0.543969706302387,pl_linear@2022,post,2024,2024_13,0.8924703518715341
1,0,0.35361291661038574,0.12623707489910038,0.21579231061781579,pl_linear@2022,post,2024,2024_14,0.8924703518715341
2,0,0.20214200387814257,0.06033831234570334,0.7700811153575446,pl_linear@2022,post,2024,2024_15,0.8924703518715341
2,0,0.2113793181882997,0.0664250165270875,0.5472363524371356,pl_linear@2022,post,2024,2024_16,0.8924703518715341
1,0,0.23000452384160255,0.07467929186447372,0.4104272643278517,pl_linear@2022,post,2024,2024_17,0.8924703518715341
3,1,0.17737760865127047,0.04954885305050814,1.0,pl_linear@2022,post,2024,2024_18,0.8924703518715341
1,0,0.2620861680749066,0.09248246455171298,0.2589507727413789,pl_linear@2022,post,2024,2024_19,0.8924703518715341
3,1,0.0975478465293037,0.0227029065503326,1.0,pl_linear@2022,post,2024,2024_2,0.8924703518715341
2,0,0.1907540683172098,0.060021580308148505,0.5306652111662978,pl_linear@2022,post,2024,2024_20,0.8924703518715341
0,0,0.7386618432933187,0.20518961737825583,0.0,pl_linear@2022,post,2024,2024_21,0.8924703518715341
1,0,0.3072668607437441,0.10324496345675312,0.34202272027320973,pl_linear@2022,post,2024,2024_22,0.8924703518715341
2,1,0.22798964973287314,0.07576156961512166,0.7752514992859421,pl_linear@2022,post,2024,2024_23,0.8924703518715341
1,1,0.2948675876526058,0.09260159932028832,0.5700378671220162,pl_linear@2022,post,2024,2024_24,0.8924703518715341
1,0,0.5140038784334449,0.1586939236382819,0.20521363216392585,pl_linear@2022,post,2024,2024_3,0.8924703518715341
3,1,0.13639202500974204,0.035673008451722076,1.0,pl_linear@2022,post,2024,2024_4,0.8924703518715341
2,1,0.19542658794412998,0.05753968044983031,0.785830177739832,pl_linear@2022,post,2024,2024_5,0.8924703518715341
1,0,0.2759250035912472,0.08870384469989487,0.4104272643278517,pl_linear@2022,post,2024,2024_6,0.8924703518715341
2,1,0.21025829070823163,0.06680342045718216,0.7410492272586211,pl_linear@2022,post,2024,2024_7,0.8924703518715341
2,0,0.30215008967351786,0.10258701896958058,0.5306652111662978,pl_linear@2022,post,2024,2024_8,0.8924703518715341
2,1,0.1895940029174714,0.05486804902514956,0.785830177739832,pl_linear@2022,post,2024,2024_9,0.8924703518715341
2,1,0.26167505482194664,0.08317891616001238,0.7410492272586211,pl_linear@2022,post,2025,2025_1,0.9627893239384193
2,0,0.26640257326491157,0.09301864227088397,0.543969706302387,pl_linear@2022,post,2025,2025_10,0.9627893239384193
3,1,0.1484517446190341,0.038671895705297485,1.0,pl_linear@2022,post,2025,2025_11,0.9627893239384193
2,0,0.3982292770308472,0.08547767373652757,0.7700811153575446,pl_linear@2022,post,2025,2025_12,0.9627893239384193
2,0,0.1560706876861391,0.04381988716912513,0.7700811153575446,pl_linear@2022,post,2025,2025_13,0.9627893239384193
2,0,0.15320697396587396,0.04321046076441922,0.7700811153575446,pl_linear@2022,post,2025,2025_14,0.9627893239384193
2,0,0.29879513863375623,0.09642925742004399,0.5648674831936188,pl_linear@2022,post,2025,2025_15,0.9627893239384193
3,0,0.1260869594341422,0.03068869899787673,0.9112385085066755,pl_linear@2022,post,2025,2025_16,0.9627893239384193
1,1,0.2971095326898778,0.09575560552375792,0.5700378671220162,pl_linear@2022,post,2025,2025_17,0.9627893239384193
2,0,0.20179972947888816,0.06485118977184062,0.42996213287798374,pl_linear@2022,post,2025,2025_18,0.9627893239384193
2,0,0.17469250092046257,0.05172077864891618,0.7700811153575446,pl_linear@2022,post,2025,2025_19,0.9627893239384193
2,0,0.19209343240784432,0.05611614788411885,0.6009734930145886,pl_linear@2022,post,2025,2025_2,0.9627893239384193
3,1,0.16024115318903792,0.04411936925074342,0.9910438099037578,pl_linear@2022,post,2025,2025_20,0.9627893239384193
1,1,0.3126123307029819,0.10192064100460625,0.5700378671220162,pl_linear@2022,post,2025,2025_21,0.9627893239384193
1,0,0.4257757683331117,0.12077043818701023,0.35965385102969294,pl_linear@2022,post,2025,2025_22,0.9627893239384193
2,1,0.25734631553243126,0.08061768111477186,0.7752514992859421,pl_linear@2022,post,2025,2025_23,0.9627893239384193
2,1,0.15172662707425114,0.04148253809323945,0.785830177739832,pl_linear@2022,post,2025,2025_24,0.9627893239384193
2,1,0.16621573824646046,0.04604357137945028,0.8289886398633951,pl_linear@2022,post,2025,2025_3,0.9627893239384193
3,1,0.1781920048413242,0.049512503087190136,1.0,pl_linear@2022,post,2025,2025_4,0.9627893239384193
2,0,0.1934001765505788,0.056271973168947144,0.7700811153575446,pl_linear@2022,post,2025,2025_5,0.9627893239384193
2,0,0.22316035878706114,0.07255425406163377,0.5648674831936188,pl_linear@2022,post,2025,2025_6,0.9627893239384193
3,0,0.1396666511171751,0.03633291057572529,0.8859924265755967,pl_linear@2022,post,2025,2025_7,0.9627893239384193
2,0,0.14935694152860624,0.03913406634079091,0.7016765713029027,pl_linear@2022,post,2025,2025_8,0.9627893239384193
2,1,0.20215664131675343,0.05981206117744644,0.8289886398633951,pl_linear@2022,post,2025,2025_9,0.9627893239384193
2,1,0.238073160344811,0.07682885010427995,0.8289886398633951,pl_linear@2022,post,2026,2026_1,0.8924703518715341
3,1,0.17101741672651027,0.050067615739034836,1.0,pl_linear@2022,post,2026,2026_10,0.8924703518715341
1,0,0.2400205950164806,0.08280939443863777,0.21579231061781579,pl_linear@2022,post,2026,2026_11,0.8924703518715341
3,0,0.19837330113090668,0.06215654654538665,0.8859924265755967,pl_linear@2022,post,2026,2026_12,0.8924703518715341
1,0,0.2639356233943583,0.08986387293239718,0.4104272643278517,pl_linear@2022,post,2026,2026_13,0.8924703518715341
3,1,0.16470036566538482,0.047000155352548825,0.9910438099037578,pl_linear@2022,post,2026,2026_14,0.8924703518715341
1,1,0.26408778472593547,0.08781168566037714,0.5700378671220162,pl_linear@2022,post,2026,2026_15,0.8924703518715341
3,0,0.13570621618806625,0.03586461131878729,0.9410924754941495,pl_linear@2022,post,2026,2026_2,0.8924703518715341
2,1,0.2523497666249344,0.08353674000340507,0.7410492272586211,pl_linear@2022,post,2026,2026_3,0.8924703518715341
1,1,0.3144880764166686,0.10678900450079057,0.5700378671220162,pl_linear@2022,post,2026,2026_4,0.8924703518715341
2,1,0.23944479769822277,0.08258209937802057,0.7752514992859421,pl_linear@2022,post,2026,2026_5,0.8924703518715341
2,1,0.21112218718465095,0.06679191588217198,0.8289886398633951,pl_linear@2022,post,2026,2026_6,0.8924703518715341
2,0,0.20996502790489996,0.06843711697713306,0.543969706302387,pl_linear@2022,post,2026,2026_7,0.8924703518715341
1,0,0.24865142086935108,0.08609081936112761,0.17101136013660487,pl_linear@2022,post,2026,2026_8,0.8924703518715341
2,0,0.216428277953986,0.07239132711488541,0.5008112441788239,pl_linear@2022,post,2026,2026_9,0.8924703518715341
1,0,0.39569089735093715,0.12168394862205367,0.35965385102969294,pl_linear@2022,pre,2023,2023_1,1.1204854008908787
2,1,0.30178420476358286,0.08697505483459486,0.7410492272586211,pl_linear@2022,pre,2023,2023_10,1.1204854008908787
1,1,0.2923736679664742,0.0841425071586318,0.5700378671220162,pl_linear@2022,pre,2023,2023_11,1.1204854008908787
1,1,0.25750040883768743,0.08085389951133357,0.5700378671220162,pl_linear@2022,pre,2023,2023_12,1.1204854008908787
1,1,0.32767130279970574,0.10140299838655695,0.5700378671220162,pl_linear@2022,pre,2023,2023_13,1.1204854008908787
2,1,0.25772067993266257,0.08109771903399382,0.7752514992859421,pl_linear@2022,pre,2023,2023_14,1.1204854008908787
1,0,0.5101060849129195,0.15732108997031916,0.21579231061781579,pl_linear@2022,pre,2023,2023_15,1.1204854008908787
1,1,0.3939802016095717,0.11123227750322862,0.5700378671220162,pl_linear@2022,pre,2023,2023_16,1.1204854008908787
1,1,0.3913520012402235,0.11032539896207068,0.5700378671220162,pl_linear@2022,pre,2023,2023_17,1.1204854008908787
1,1,0.28567390192053316,0.08810423664564827,0.5700378671220162,pl_linear@2022,pre,2023,2023_18,1.1204854008908787
2,1,0.23283311089440756,0.07021433989283524,0.7752514992859421,pl_linear@2022,pre,2023,2023_19,1.1204854008908787
1,0,0.31896217921535974,0.10139956954189208,0.4104272643278517,pl_linear@2022,pre,2023,2023_2,1.1204854008908787
1,1,0.29682701668805966,0.0905651321257058,0.5700378671220162,pl_linear@2022,pre,2023,2023_20,1.1204854008908787
1,1,0.25181058785138505,0.07608297116878533,0.5700378671220162,pl_linear@2022,pre,2023,2023_21,1.1204854008908787
2,1,0.23575266886906351,0.07161458913132365,0.7752514992859421,pl_linear@2022,pre,2023,2023_22,1.1204854008908787
2,0,0.31426035431858196,0.10171799256070183,0.543969706302387,pl_linear@2022,pre,2023,2023_3,1.1204854008908787
1,0,0.30693893600678634,0.09767354601517224,0.4104272643278517,pl_linear@2022,pre,2023,2023_4,1.1204854008908787
2,1,0.25937440220110675,0.07667091381028827,0.8289886398633951,pl_linear@2022,pre,2023,2023_5,1.1204854008908787
1,1,0.3529451569297951,0.11113804583567452,0.5700378671220162,pl_linear@2022,pre,2023,2023_6,1.1204854008908787
2,1,0.20906097685141284,0.06003504062704286,0.7410492272586211,pl_linear@2022,pre,2023,2023_7,1.1204854008908787
2,1,0.2810078483212219,0.08335751957664186,0.785830177739832,pl_linear@2022,pre,2023,2023_8,1.1204854008908787
2,1,0.26799828992160263,0.08128295963305564,0.7410492272586211,pl_linear@2022,pre,2023,2023_9,1.1204854008908787
2,1,0.263686645011195,0.07592760648985789,0.8289886398633951,pl_linear@2022,pre,2024,2024_1,1.1204854008908787
1,1,0.29288987299286934,0.09013295674131591,0.5700378671220162,pl_linear@2022,pre,2024,2024_10,1.1204854008908787
0,0,0.3828326037843069,0.13637142381593367,0.0,pl_linear@2022,pre,2024,2024_11,1.1204854008908787
1,0,0.2848368058381379,0.09023076667476976,0.4104272643278517,pl_linear@2022,pre,2024,2024_12,1.1204854008908787
1,0,0.3517858033899771,0.12386214657821952,0.20521363216392585,pl_linear@2022,pre,2024,2024_13,1.1204854008908787
0,0,0.35363753623308997,0.12369043540087601,0.0,pl_linear@2022,pre,2024,2024_14,1.1204854008908787
2,0,0.24886715105327747,0.07622179542511409,0.6954461978888599,pl_linear@2022,pre,2024,2024_15,1.1204854008908787
1,0,0.2947728952525109,0.09890282810169747,0.21579231061781579,pl_linear@2022,pre,2024,2024_16,1.1204854008908787
1,0,0.2957579675712221,0.10034841454035406,0.20521363216392585,pl_linear@2022,pre,2024,2024_17,1.1204854008908787
3,0,0.2262971289009615,0.06833521635091831,0.9410924754941495,pl_linear@2022,pre,2024,2024_18,1.1204854008908787
1,0,0.28967624776600476,0.09722458266342951,0.21579231061781579,pl_linear@2022,pre,2024,2024_19,1.1204854008908787
2,1,0.17914023371041293,0.04949839984467114,0.8289886398633951,pl_linear@2022,pre,2024,2024_2,1.1204854008908787
2,0,0.260430876906668,0.08507709461127377,0.42996213287798374,pl_linear@2022,pre,2024,2024_20,1.1204854008908787
1,0,0.5576949605724051,0.1473113775325558,0.35965385102969294,pl_linear@2022,pre,2024,2024_21,1.1204854008908787
0,0,0.3595293082464545,0.1243469623293199,0.0,pl_linear@2022,pre,2024,2024_22,1.1204854008908787
2,1,0.24741748117304496,0.07773460642963932,0.7752514992859421,pl_linear@2022,pre,2024,2024_23,1.1204854008908787
2,0,0.2797240729449699,0.09164753670212207,0.5306652111662978,pl_linear@2022,pre,2024,2024_24,1.1204854008908787
1,0,0.45519102607690753,0.15651786826175454,0.20521363216392585,pl_linear@2022,pre,2024,2024_3,1.1204854008908787
2,1,0.2026844345391702,0.058803728396620444,0.8289886398633951,pl_linear@2022,pre,2024,2024_4,1.1204854008908787
2,1,0.2446703343340831,0.07249742924610801,0.785830177739832,pl_linear@2022,pre,2024,2024_5,1.1204854008908787
1,0,0.2751457036301887,0.0856045783097044,0.4104272643278517,pl_linear@2022,pre,2024,2024_6,1.1204854008908787
1,1,0.2552296490086613,0.07968600803063781,0.5700378671220162,pl_linear@2022,pre,2024,2024_7,1.1204854008908787
1,0,0.39157136213323923,0.1354878053315453,0.17101136013660487,pl_linear@2022,pre,2024,2024_8,1.1204854008908787
1,1,0.283799577551345,0.09075744627106988,0.5700378671220162,pl_linear@2022,pre,2024,2024_9,1.1204854008908787
2,1,0.3086257904771102,0.09800937689092154,0.7410492272586211,pl_linear@2022,pre,2025,2025_1,1.0386488249676107
1,0,0.3562197117687859,0.12720314470022062,0.20521363216392585,pl_linear@2022,pre,2025,2025_10,1.0386488249676107
2,0,0.23425199395724272,0.0722924347923348,0.6954461978888599,pl_linear@2022,pre,2025,2025_11,1.0386488249676107
2,0,0.320656005497014,0.08067535290785244,0.7700811153575446,pl_linear@2022,pre,2025,2025_12,1.0386488249676107
2,0,0.22028684264840925,0.06377369003577313,0.7700811153575446,pl_linear@2022,pre,2025,2025_13,1.0386488249676107
2,0,0.18886521298872988,0.052598861493766635,0.7700811153575446,pl_linear@2022,pre,2025,2025_14,1.0386488249676107
2,0,0.3595881832465566,0.10758148679336257,0.5648674831936188,pl_linear@2022,pre,2025,2025_15,1.0386488249676107
3,0,0.16930625781765363,0.04399398200819749,0.9112385085066755,pl_linear@2022,pre,2025,2025_16,1.0386488249676107
1,0,0.4441208997921521,0.13759628672183521,0.2850189335610081,pl_linear@2022,pre,2025,2025_17,1.0386488249676107
2,0,0.22086603112189676,0.06793165245752866,0.5814386244644566,pl_linear@2022,pre,2025,2025_18,1.0386488249676107
2,0,0.2400278626227282,0.07737866098850839,0.5648674831936188,pl_linear@2022,pre,2025,2025_19,1.0386488249676107
2,0,0.24338680835014084,0.07094058984047212,0.6262195749456675,pl_linear@2022,pre,2025,2025_2,1.0386488249676107
2,0,0.21389903667266513,0.06657320744266397,0.6270416538342178,pl_linear@2022,pre,2025,2025_20,1.0386488249676107
2,0,0.27022503448089374,0.08216534719696836,0.7016765713029027,pl_linear@2022,pre,2025,2025_21,1.0386488249676107
1,0,0.30329308255212967,0.09973401800309545,0.35965385102969294,pl_linear@2022,pre,2025,2025_22,1.0386488249676107
1,1,0.3144678695248014,0.0953701861628494,0.5700378671220162,pl_linear@2022,pre,2025,2025_23,1.0386488249676107
2,1,0.19163611386660676,0.053817599779193835,0.785830177739832,pl_linear@2022,pre,2025,2025_24,1.0386488249676107
2,0,0.22407073450607115,0.06714445181638437,0.543969706302387,pl_linear@2022,pre,2025,2025_3,1.0386488249676107
2,0,0.2249617118991432,0.06776030448929722,0.6009734930145886,pl_linear@2022,pre,2025,2025_4,1.0386488249676107
2,1,0.24522991229012794,0.0776405324832596,0.8289886398633951,pl_linear@2022,pre,2025,2025_5,1.0386488249676107
2,1,0.22665558242086528,0.06971723526241012,0.7752514992859421,pl_linear@2022,pre,2025,2025_6,1.0386488249676107
3,0,0.19377380158267282,0.054744307861244054,0.8859924265755967,pl_linear@2022,pre,2025,2025_7,1.0386488249676107
2,0,0.24037732481485966,0.07507564310679057,0.6270416538342178,pl_linear@2022,pre,2025,2025_8,1.0386488249676107
2,1,0.2238756286349821,0.06580632245015067,0.8289886398633951,pl_linear@2022,pre,2025,2025_9,1.0386488249676107
0,0,0.3237128664478886,0.10956151979235683,0.0,pl_linear@2022,pre,2026,2026_1,0.8924703518715341
2,1,0.22794194065566353,0.07113596182993255,0.8289886398633951,pl_linear@2022,pre,2026,2026_10,0.8924703518715341
1,0,0.24732975147868935,0.08030791078000583,0.34202272027320973,pl_linear@2022,pre,2026,2026_11,0.8924703518715341
1,0,0.2471963042551626,0.08228299768196422,0.4104272643278517,pl_linear@2022,pre,2026,2026_12,0.8924703518715341
1,1,0.24435332694718512,0.08061070549322792,0.5700378671220162,pl_linear@2022,pre,2026,2026_13,0.8924703518715341
2,1,0.21805905588981575,0.06844953067115406,0.7410492272586211,pl_linear@2022,pre,2026,2026_14,0.8924703518715341
1,0,0.3458464296296309,0.11775262634950878,0.2850189335610081,pl_linear@2022,pre,2026,2026_15,0.8924703518715341
2,0,0.23121760313533601,0.07180402274285468,0.6954461978888599,pl_linear@2022,pre,2026,2026_2,0.8924703518715341
2,0,0.2602462905843891,0.08386030370492813,0.5306652111662978,pl_linear@2022,pre,2026,2026_3,0.8924703518715341
1,1,0.27935846253244007,0.09589649280812479,0.5700378671220162,pl_linear@2022,pre,2026,2026_4,0.8924703518715341
1,1,0.25067119605888777,0.08287622501634158,0.5700378671220162,pl_linear@2022,pre,2026,2026_5,0.8924703518715341
1,1,0.2731679015057695,0.08703894710415054,0.5700378671220162,pl_linear@2022,pre,2026,2026_6,0.8924703518715341
1,0,0.2760449011522083,0.0946827286421358,0.2589507727413789,pl_linear@2022,pre,2026,2026_7,0.8924703518715341
1,0,0.24025092276888493,0.07620743341272163,0.34202272027320973,pl_linear@2022,pre,2026,2026_8,0.8924703518715341
2,0,0.2521720508866521,0.08565332036947172,0.42100594278174164,pl_linear@2022,pre,2026,2026_9,0.8924703518715341
3,1,0.13723936011999982,0.03410405419284214,1.0,pl_neural,post,2021,2021_1,0.9627893239384193
2,0,0.30380903370928064,0.10408536931145211,0.5306652111662978,pl_neural,post,2021,2021_10,0.9627893239384193
1,0,0.3763950520276106,0.11772673898654831,0.4104272643278517,pl_neural,post,2021,2021_11,0.9627893239384193
2,1,0.32237707338207283,0.09210027520900416,0.7410492272586211,pl_neural,post,2021,2021_12,0.9627893239384193
1,0,0.32394583674522803,0.10118593137529552,0.4104272643278517,pl_neural,post,2021,2021_13,0.9627893239384193
2,0,0.32050283715064143,0.09640469624415052,0.5648674831936188,pl_neural,post,2021,2021_14,0.9627893239384193
0,0,0.4257361456757153,0.13600717590722128,0.0,pl_neural,post,2021,2021_15,0.9627893239384193
1,0,0.36391396104965523,0.11730260317542193,0.4104272643278517,pl_neural,post,2021,2021_16,0.9627893239384193
2,1,0.2502936561255662,0.0796732854717225,0.785830177739832,pl_neural,post,2021,2021_17,0.9627893239384193
2,0,0.234510008581957,0.07354466742941028,0.7700811153575446,pl_neural,post,2021,2021_18,0.9627893239384193
3,0,0.2065731498118352,0.06167165866640175,0.9410924754941495,pl_neural,post,2021,2021_19,0.9627893239384193
1,0,0.2984860651029552,0.09190688351251124,0.4104272643278517,pl_neural,post,2021,2021_2,0.9627893239384193
2,1,0.227071496885651,0.06913516389443145,0.8289886398633951,pl_neural,post,2021,2021_20,0.9627893239384193
3,1,0.09822505209616439,0.020263602943932993,1.0,pl_neural,post,2021,2021_21,0.9627893239384193
2,1,0.18794653491271432,0.05379129721273951,0.8289886398633951,pl_neural,post,2021,2021_22,0.9627893239384193
1,1,0.2373539900374789,0.07619506306624141,0.5700378671220162,pl_neural,post,2021,2021_3,0.9627893239384193
2,1,0.13601510586351234,0.04051001753885017,0.785830177739832,pl_neural,post,2021,2021_4,0.9627893239384193
1,0,0.40947343247080015,0.14958681970693682,0.35965385102969294,pl_neural,post,2021,2021_5,0.9627893239384193
0,0,0.5814388298303845,0.18612167012278627,0.0,pl_neural,post,2021,2021_6,0.9627893239384193
2,0,0.23938480390353017,0.07490226854333423,0.7700811153575446,pl_neural,post,2021,2021_7,0.9627893239384193
2,1,0.17851437986012678,0.055773118581780426,0.8289886398633951,pl_neural,post,2021,2021_8,0.9627893239384193
1,1,0.2653179198640269,0.09151007670489648,0.5700378671220162,pl_neural,post,2021,2021_9,0.9627893239384193
2,0,0.30018877230442204,0.08897242865299261,0.5008112441788239,pl_neural,post,2022,2022_1,0.9627893239384193
1,0,0.40312723787477556,0.13090510585204146,0.35965385102969294,pl_neural,post,2022,2022_10,0.9627893239384193
2,0,0.20176239217735542,0.06326243410084278,0.7700811153575446,pl_neural,post,2022,2022_11,0.9627893239384193
1,0,0.34321661328852626,0.12044115890374903,0.2850189335610081,pl_neural,post,2022,2022_12,0.9627893239384193
1,0,0.4619417917887397,0.1526697483866986,0.17101136013660487,pl_neural,post,2022,2022_13,0.9627893239384193
2,1,0.2473847618664804,0.07828604131273462,0.7410492272586211,pl_neural,post,2022,2022_14,0.9627893239384193
2,1,0.20436700442531924,0.06524801935206867,0.785830177739832,pl_neural,post,2022,2022_15,0.9627893239384193
3,0,0.2154444549299095,0.0630766398247066,0.9410924754941495,pl_neural,post,2022,2022_16,0.9627893239384193
1,0,0.3179920897626062,0.11717004040301493,0.35965385102969294,pl_neural,post,2022,2022_17,0.9627893239384193
2,1,0.12641597629974688,0.036715256318693795,0.785830177739832,pl_neural,post,2022,2022_18,0.9627893239384193
1,1,0.28542593976699926,0.09742030793178755,0.5700378671220162,pl_neural,post,2022,2022_19,0.9627893239384193
2,1,0.2313472139294032,0.07592753920395297,0.7752514992859421,pl_neural,post,2022,2022_2,0.9627893239384193
2,1,0.18146159883796026,0.056556717499573986,0.785830177739832,pl_neural,post,2022,2022_20,0.9627893239384193
2,0,0.33709948701629544,0.11515580178636686,0.5306652111662978,pl_neural,post,2022,2022_21,0.9627893239384193
3,1,0.16866718938763597,0.04963694641135783,1.0,pl_neural,post,2022,2022_22,0.9627893239384193
1,1,0.25961839913153695,0.08641576368260548,0.5700378671220162,pl_neural,post,2022,2022_3,0.9627893239384193
1,1,0.2505989707590691,0.08376424884406551,0.5700378671220162,pl_neural,post,2022,2022_4,0.9627893239384193
3,0,0.1760059945050912,0.048614504813054585,0.9410924754941495,pl_neural,post,2022,2022_5,0.9627893239384193
2,0,0.29799450389167487,0.09971824327514621,0.5008112441788239,pl_neural,post,2022,2022_6,0.9627893239384193
1,0,0.2973104072873492,0.10709334216748878,0.17101136013660487,pl_neural,post,2022,2022_7,0.9627893239384193
2,0,0.21130381092066433,0.06781798837611534,0.6270416538342178,pl_neural,post,2022,2022_8,0.9627893239384193
3,0,0.18310552892775664,0.05349046761777317,0.9410924754941495,pl_neural,post,2022,2022_9,0.9627893239384193
2,1,0.22019355023994597,0.0625118850391866,0.8289886398633951,pl_neural,post,2023,2023_1,0.9627893239384193
2,1,0.23655414274717934,0.07522139189160679,0.7410492272586211,pl_neural,post,2023,2023_10,0.9627893239384193
2,1,0.19348127421225592,0.05534454748731614,0.785830177739832,pl_neural,post,2023,2023_11,0.9627893239384193
2,1,0.12624090121936812,0.04010601929535216,0.8289886398633951,pl_neural,post,2023,2023_12,0.9627893239384193
2,1,0.3336313070677063,0.09550128033401942,0.7752514992859421,pl_neural,post,2023,2023_13,0.9627893239384193
3,1,0.15314548385931168,0.04574647176190609,1.0,pl_neural,post,2023,2023_14,0.9627893239384193
1,0,0.3387903430607881,0.11916220480900226,0.21579231061781579,pl_neural,post,2023,2023_15,0.9627893239384193
1,1,0.2812922544176061,0.09435121095664166,0.5700378671220162,pl_neural,post,2023,2023_16,0.9627893239384193
1,1,0.4111821705158249,0.12341186584553035,0.5700378671220162,pl_neural,post,2023,2023_17,0.9627893239384193
2,1,0.23678085196345858,0.07465166280565075,0.7410492272586211,pl_neural,post,2023,2023_18,0.9627893239384193
2,1,0.24670032822862215,0.07534643067334759,0.7410492272586211,pl_neural,post,2023,2023_19,0.9627893239384193
2,1,0.23063361848662467,0.07228532614198237,0.785830177739832,pl_neural,post,2023,2023_2,0.9627893239384193
2,1,0.2846790029825545,0.09018167584308942,0.7410492272586211,pl_neural,post,2023,2023_20,0.9627893239384193
2,1,0.18662340387794138,0.05124584680311789,0.8289886398633951,pl_neural,post,2023,2023_21,0.9627893239384193
2,1,0.24734890249482153,0.07803564421903936,0.7752514992859421,pl_neural,post,2023,2023_22,0.9627893239384193
2,1,0.22985947346328736,0.0715439429626362,0.7752514992859421,pl_neural,post,2023,2023_3,0.9627893239384193
3,0,0.08516154067558598,0.015735061516382112,0.9112385085066755,pl_neural,post,2023,2023_4,0.9627893239384193
3,0,0.11964993485386266,0.02840870433142717,0.9112385085066755,pl_neural,post,2023,2023_5,0.9627893239384193
3,1,0.1256123440406023,0.03504764020535351,0.9910438099037578,pl_neural,post,2023,2023_6,0.9627893239384193
1,1,0.314595341942738,0.09814422673389601,0.5700378671220162,pl_neural,post,2023,2023_7,0.9627893239384193
3,1,0.1362052849228502,0.03910124362581938,1.0,pl_neural,post,2023,2023_8,0.9627893239384193
2,1,0.18945042264007636,0.05553646304500766,0.8289886398633951,pl_neural,post,2023,2023_9,0.9627893239384193
3,1,0.1312207385380183,0.03475992154593009,1.0,pl_neural,post,2024,2024_1,0.8924703518715341
3,1,0.07424167362824458,0.015950875569836154,1.0,pl_neural,post,2024,2024_10,0.8924703518715341
0,0,0.4637316923895017,0.15159486004484465,0.0,pl_neural,post,2024,2024_11,0.8924703518715341
2,0,0.14111369538448357,0.049514523332835673,0.7700811153575446,pl_neural,post,2024,2024_12,0.8924703518715341
2,0,0.27504265972461706,0.09279555939927261,0.543969706302387,pl_neural,post,2024,2024_13,0.8924703518715341
2,0,0.26894185469973025,0.09233481245899945,0.42100594278174164,pl_neural,post,2024,2024_14,0.8924703518715341
2,0,0.1944338097790422,0.05863813265522233,0.7700811153575446,pl_neural,post,2024,2024_15,0.8924703518715341
2,0,0.2170245062412206,0.07082156142613008,0.6262195749456675,pl_neural,post,2024,2024_16,0.8924703518715341
2,1,0.27038019970939997,0.08626198315811023,0.8289886398633951,pl_neural,post,2024,2024_17,0.8924703518715341
3,1,0.12938145057016515,0.032053777596004654,1.0,pl_neural,post,2024,2024_18,0.8924703518715341
1,0,0.2767321067191307,0.10347055333391894,0.17101136013660487,pl_neural,post,2024,2024_19,0.8924703518715341
3,1,0.10938392761517664,0.028939936297856052,1.0,pl_neural,post,2024,2024_2,0.8924703518715341
2,0,0.16504917933779664,0.055952406747118655,0.5814386244644566,pl_neural,post,2024,2024_20,0.8924703518715341
0,0,0.9030092016911151,0.21197340431254647,0.0,pl_neural,post,2024,2024_21,0.8924703518715341
1,0,0.3440657166882903,0.12045032616631635,0.21579231061781579,pl_neural,post,2024,2024_22,0.8924703518715341
1,1,0.24780379736116523,0.08592392150928178,0.5700378671220162,pl_neural,post,2024,2024_23,0.8924703518715341
2,0,0.24552964915565254,0.08601336021623943,0.5306652111662978,pl_neural,post,2024,2024_24,0.8924703518715341
1,0,0.6445159156323257,0.17834859414188503,0.2850189335610081,pl_neural,post,2024,2024_3,0.8924703518715341
3,1,0.13347927391679906,0.037617715760068275,0.9910438099037578,pl_neural,post,2024,2024_4,0.8924703518715341
2,1,0.19017962064383165,0.06259434737471879,0.7752514992859421,pl_neural,post,2024,2024_5,0.8924703518715341
2,0,0.20690897639223285,0.07225909019993593,0.5814386244644566,pl_neural,post,2024,2024_6,0.8924703518715341
2,1,0.2138209943409403,0.07423560951372844,0.7752514992859421,pl_neural,post,2024,2024_7,0.8924703518715341
3,1,0.1537920344160702,0.04171056496233721,0.9910438099037578,pl_neural,post,2024,2024_8,0.8924703518715341
3,1,0.10883464362467213,0.02754892151398635,1.0,pl_neural,post,2024,2024_9,0.8924703518715341
2,0,0.2638233220689368,0.09012020973362292,0.5648674831936188,pl_neural,post,2025,2025_1,0.9627893239384193
2,0,0.3204413611101882,0.11073870127051308,0.543969706302387,pl_neural,post,2025,2025_10,0.9627893239384193
2,1,0.16404678589679256,0.04871150317990958,0.7410492272586211,pl_neural,post,2025,2025_11,0.9627893239384193
2,0,0.5026161644795185,0.11341055945963543,0.5648674831936188,pl_neural,post,2025,2025_12,0.9627893239384193
3,0,0.11926610853443617,0.03382256610576621,0.9410924754941495,pl_neural,post,2025,2025_13,0.9627893239384193
2,1,0.2162344565397652,0.0669791119401178,0.7752514992859421,pl_neural,post,2025,2025_14,0.9627893239384193
2,0,0.26250387591918223,0.08766375758538411,0.5648674831936188,pl_neural,post,2025,2025_15,0.9627893239384193
3,0,0.14295606543600595,0.03477438753879807,0.9112385085066755,pl_neural,post,2025,2025_16,0.9627893239384193
1,1,0.26290463242363243,0.08567643229840909,0.5700378671220162,pl_neural,post,2025,2025_17,0.9627893239384193
2,0,0.1984726347368504,0.0625813399031243,0.42996213287798374,pl_neural,post,2025,2025_18,0.9627893239384193
2,0,0.20801737008058865,0.06809549941294026,0.5648674831936188,pl_neural,post,2025,2025_19,0.9627893239384193
3,1,0.11557875016407468,0.026020404400510466,1.0,pl_neural,post,2025,2025_2,0.9627893239384193
2,1,0.1881234000985305,0.05962502302635866,0.7410492272586211,pl_neural,post,2025,2025_20,0.9627893239384193
1,1,0.33320041091340186,0.11328227165077889,0.5700378671220162,pl_neural,post,2025,2025_21,0.9627893239384193
1,0,0.4627676486852942,0.13596573640393145,0.35965385102969294,pl_neural,post,2025,2025_22,0.9627893239384193
2,0,0.33620023301970864,0.10246646089372935,0.5648674831936188,pl_neural,post,2025,2025_23,0.9627893239384193
3,1,0.07375639353097069,0.013373064507263869,0.9910438099037578,pl_neural,post,2025,2025_24,0.9627893239384193
3,0,0.08617648375047746,0.015513144887675653,0.9112385085066755,pl_neural,post,2025,2025_3,0.9627893239384193
3,1,0.1445085979625398,0.040897202828905556,0.9910438099037578,pl_neural,post,2025,2025_4,0.9627893239384193
2,0,0.1337210093362263,0.03721513091135663,0.7700811153575446,pl_neural,post,2025,2025_5,0.9627893239384193
2,0,0.24922590751907586,0.0821198013486355,0.543969706302387,pl_neural,post,2025,2025_6,0.9627893239384193
2,0,0.16731792226384432,0.04902542706368146,0.7016765713029027,pl_neural,post,2025,2025_7,0.9627893239384193
3,1,0.10441204719936643,0.020094962325969138,0.9910438099037578,pl_neural,post,2025,2025_8,0.9627893239384193
2,1,0.20385588462321028,0.062383801450053546,0.8289886398633951,pl_neural,post,2025,2025_9,0.9627893239384193
1,1,0.22997497300903882,0.07112053564369729,0.5700378671220162,pl_neural,post,2026,2026_1,0.9627893239384193
3,0,0.123960059318494,0.031060400959542104,0.9068902034668286,pl_neural,post,2026,2026_10,0.9627893239384193
1,0,0.2673872960506638,0.09064892767094797,0.35965385102969294,pl_neural,post,2026,2026_11,0.9627893239384193
3,0,0.158249721083119,0.043867795761376754,0.9068902034668286,pl_neural,post,2026,2026_12,0.9627893239384193
1,0,0.22988071485133119,0.07441652905359018,0.4104272643278517,pl_neural,post,2026,2026_13,0.9627893239384193
3,0,0.1868154843086326,0.05511384086101492,0.8859924265755967,pl_neural,post,2026,2026_14,0.9627893239384193
2,1,0.2318293904738013,0.07284852965139206,0.7410492272586211,pl_neural,post,2026,2026_15,0.9627893239384193
1,0,0.2608983903360299,0.08939610222125718,0.4104272643278517,pl_neural,post,2026,2026_2,0.9627893239384193
2,0,0.26023696555706355,0.08756146395762543,0.5306652111662978,pl_neural,post,2026,2026_3,0.9627893239384193
2,0,0.2826370153492733,0.09412699913549818,0.5648674831936188,pl_neural,post,2026,2026_4,0.9627893239384193
1,0,0.29226177297437633,0.10318932335222866,0.20521363216392585,pl_neural,post,2026,2026_5,0.9627893239384193
2,0,0.21449654585887565,0.06457412514207246,0.7700811153575446,pl_neural,post,2026,2026_6,0.9627893239384193
2,0,0.3168550740911135,0.10442517176003102,0.42996213287798374,pl_neural,post,2026,2026_7,0.9627893239384193
2,0,0.23597503185345522,0.07827274837703165,0.5306652111662978,pl_neural,post,2026,2026_8,0.9627893239384193
1,0,0.24381645482744743,0.08393288784093134,0.35965385102969294,pl_neural,post,2026,2026_9,0.9627893239384193
1,1,0.3069779104491692,0.09304692565074157,0.5700378671220162,pl_neural,pre,2021,2021_1,1.0386488249676107
1,0,0.3171484465163348,0.1094777312869516,0.35965385102969294,pl_neural,pre,2021,2021_10,1.0386488249676107
1,0,0.3393225634861975,0.10964703241422777,0.4104272643278517,pl_neural,pre,2021,2021_11,1.0386488249676107
2,1,0.3265929107466716,0.06606998428178502,0.785830177739832,pl_neural,pre,2021,2021_12,1.0386488249676107
3,1,0.22006578279956707,0.06225102365810239,1.0,pl_neural,pre,2021,2021_13,1.0386488249676107
1,0,0.37424374986084097,0.12369713290740407,0.2589507727413789,pl_neural,pre,2021,2021_14,1.0386488249676107
3,0,0.2760924225704364,0.08506880613529993,0.9410924754941495,pl_neural,pre,2021,2021_15,1.0386488249676107
1,0,0.3276142184263304,0.10086738586247475,0.4104272643278517,pl_neural,pre,2021,2021_16,1.0386488249676107
1,0,0.31955384910636114,0.10323150918505375,0.35965385102969294,pl_neural,pre,2021,2021_17,1.0386488249676107
2,1,0.2603341952008315,0.0806602982651779,0.7752514992859421,pl_neural,pre,2021,2021_18,1.0386488249676107
3,0,0.22553955059814382,0.06625933099398412,0.9112385085066755,pl_neural,pre,2021,2021_19,1.0386488249676107
1,0,0.3433540438546563,0.09397443412787179,0.4104272643278517,pl_neural,pre,2021,2021_2,1.0386488249676107
2,0,0.28205081994235054,0.07593210745220365,0.7700811153575446,pl_neural,pre,2021,2021_20,1.0386488249676107
3,1,0.11398534508656273,0.025940401790306294,1.0,pl_neural,pre,2021,2021_21,1.0386488249676107
2,0,0.2275130681948485,0.06769609178884398,0.7700811153575446,pl_neural,pre,2021,2021_22,1.0386488249676107
1,0,0.30492866904588434,0.10609744677699366,0.35965385102969294,pl_neural,pre,2021,2021_3,1.0386488249676107
3,1,0.18487430087889078,0.056406774248029576,0.9910438099037578,pl_neural,pre,2021,2021_4,1.0386488249676107
1,0,0.5269786703308983,0.15620204631443996,0.35965385102969294,pl_neural,pre,2021,2021_5,1.0386488249676107
0,0,0.5417453898765222,0.17522280035759857,0.0,pl_neural,pre,2021,2021_6,1.0386488249676107
2,0,0.26480200856377045,0.08184675693459639,0.5814386244644566,pl_neural,pre,2021,2021_7,1.0386488249676107
2,1,0.2036946603560581,0.0580329013035691,0.8289886398633951,pl_neural,pre,2021,2021_8,1.0386488249676107
1,1,0.2724540505943479,0.08784237428453333,0.5700378671220162,pl_neural,pre,2021,2021_9,1.0386488249676107
1,0,0.330507500500053,0.11358708150236999,0.34202272027320973,pl_neural,pre,2022,2022_1,1.0386488249676107
1,0,0.3540436527237408,0.1208211430409275,0.35965385102969294,pl_neural,pre,2022,2022_10,1.0386488249676107
2,0,0.22585581545939423,0.07144913367797018,0.7700811153575446,pl_neural,pre,2022,2022_11,1.0386488249676107
0,0,0.3560902963032805,0.1195653267462411,0.0,pl_neural,pre,2022,2022_12,1.0386488249676107
1,0,0.36427255819745874,0.12807054465700757,0.2850189335610081,pl_neural,pre,2022,2022_13,1.0386488249676107
2,0,0.2758594520538207,0.09085697914806276,0.5008112441788239,pl_neural,pre,2022,2022_14,1.0386488249676107
2,1,0.1919643337149506,0.0570388354919647,0.7410492272586211,pl_neural,pre,2022,2022_15,1.0386488249676107
3,1,0.2001872891964816,0.05746238324803719,1.0,pl_neural,pre,2022,2022_16,1.0386488249676107
1,0,0.29411052874066274,0.1058650581973311,0.21579231061781579,pl_neural,pre,2022,2022_17,1.0386488249676107
2,1,0.16032702381859623,0.045619312573339454,0.8289886398633951,pl_neural,pre,2022,2022_18,1.0386488249676107
1,1,0.27834605916749433,0.09095750181588383,0.5700378671220162,pl_neural,pre,2022,2022_19,1.0386488249676107
2,1,0.2333210214407527,0.07637415830894716,0.7752514992859421,pl_neural,pre,2022,2022_2,1.0386488249676107
2,1,0.21314094632418662,0.06654053273592145,0.785830177739832,pl_neural,pre,2022,2022_20,1.0386488249676107
1,0,0.3673474507434352,0.13018197395441475,0.17101136013660487,pl_neural,pre,2022,2022_21,1.0386488249676107
1,1,0.2395490628052807,0.0782587902911219,0.5700378671220162,pl_neural,pre,2022,2022_22,1.0386488249676107
1,0,0.39644091372070955,0.13426365050742614,0.35965385102969294,pl_neural,pre,2022,2022_3,1.0386488249676107
1,1,0.32901006834018093,0.10504009987462845,0.5700378671220162,pl_neural,pre,2022,2022_4,1.0386488249676107
3,1,0.1589430369565135,0.0410295394868066,1.0,pl_neural,pre,2022,2022_5,1.0386488249676107
2,0,0.3037940550856948,0.10200792948943678,0.5306652111662978,pl_neural,pre,2022,2022_6,1.0386488249676107
2,0,0.2814890112732313,0.09176659814791477,0.6270416538342178,pl_neural,pre,2022,2022_7,1.0386488249676107
1,1,0.2623544055318871,0.08691664379723024,0.5700378671220162,pl_neural,pre,2022,2022_8,1.0386488249676107
1,1,0.2683200126951368,0.08856330808169528,0.5700378671220162,pl_neural,pre,2022,2022_9,1.0386488249676107
2,1,0.29177516401499093,0.08306938670271073,0.7752514992859421,pl_neural,pre,2023,2023_1,1.0386488249676107
2,1,0.31077554306699506,0.0835581769818252,0.785830177739832,pl_neural,pre,2023,2023_10,1.0386488249676107
2,1,0.2970316780530059,0.0863808495527961,0.785830177739832,pl_neural,pre,2023,2023_11,1.0386488249676107
1,1,0.25327324079919356,0.08392888480469514,0.5700378671220162,pl_neural,pre,2023,2023_12,1.0386488249676107
2,1,0.2518060242405829,0.0747787989675569,0.8289886398633951,pl_neural,pre,2023,2023_13,1.0386488249676107
2,1,0.28452690451863033,0.09194852221660381,0.7752514992859421,pl_neural,pre,2023,2023_14,1.0386488249676107
1,0,0.48923206672395353,0.1478685609574262,0.21579231061781579,pl_neural,pre,2023,2023_15,1.0386488249676107
1,1,0.3525803080453295,0.10656102401578478,0.5700378671220162,pl_neural,pre,2023,2023_16,1.0386488249676107
1,1,0.3605620277191553,0.1105400380255431,0.5700378671220162,pl_neural,pre,2023,2023_17,1.0386488249676107
1,1,0.27538996729756554,0.08717334482950487,0.5700378671220162,pl_neural,pre,2023,2023_18,1.0386488249676107
2,1,0.24209732324880662,0.07438329944413945,0.785830177739832,pl_neural,pre,2023,2023_19,1.0386488249676107
2,0,0.3387558256255331,0.10970372253757865,0.543969706302387,pl_neural,pre,2023,2023_2,1.0386488249676107
1,1,0.332467376643071,0.10018542403188638,0.5700378671220162,pl_neural,pre,2023,2023_20,1.0386488249676107
2,1,0.2309042728655252,0.06896964179464747,0.8289886398633951,pl_neural,pre,2023,2023_21,1.0386488249676107
2,1,0.21041108468684594,0.06372061387983718,0.8289886398633951,pl_neural,pre,2023,2023_22,1.0386488249676107
1,1,0.2856227121086218,0.09754164684581965,0.5700378671220162,pl_neural,pre,2023,2023_3,1.0386488249676107
2,0,0.18188949089409182,0.0535212420507286,0.7700811153575446,pl_neural,pre,2023,2023_4,1.0386488249676107
3,1,0.1698102674470171,0.04353535363183868,1.0,pl_neural,pre,2023,2023_5,1.0386488249676107
1,1,0.35363985925434227,0.11436756941384348,0.5700378671220162,pl_neural,pre,2023,2023_6,1.0386488249676107
2,1,0.23174351353454092,0.07216647483881397,0.7410492272586211,pl_neural,pre,2023,2023_7,1.0386488249676107
2,1,0.18634027488247257,0.05551882998602351,0.785830177739832,pl_neural,pre,2023,2023_8,1.0386488249676107
2,1,0.2547793539179029,0.07937583455959232,0.7410492272586211,pl_neural,pre,2023,2023_9,1.0386488249676107
2,1,0.22612771493136377,0.06346474712683448,0.8289886398633951,pl_neural,pre,2024,2024_1,1.0386488249676107
3,1,0.19049158206118572,0.05773908843751287,0.9910438099037578,pl_neural,pre,2024,2024_10,1.0386488249676107
1,0,0.37193193640082733,0.12981428421326452,0.2589507727413789,pl_neural,pre,2024,2024_11,1.0386488249676107
2,0,0.19485711604628866,0.060416400622022526,0.7700811153575446,pl_neural,pre,2024,2024_12,1.0386488249676107
0,0,0.33273952581417177,0.1173077002180779,0.0,pl_neural,pre,2024,2024_13,1.0386488249676107
2,0,0.27666628908813895,0.09530630553720579,0.42996213287798374,pl_neural,pre,2024,2024_14,1.0386488249676107
3,0,0.21138072520014242,0.062030078557685095,0.9410924754941495,pl_neural,pre,2024,2024_15,1.0386488249676107
2,0,0.25941749394874664,0.08809736390692821,0.42996213287798374,pl_neural,pre,2024,2024_16,1.0386488249676107
1,1,0.2731397991091657,0.09260371279954988,0.5700378671220162,pl_neural,pre,2024,2024_17,1.0386488249676107
2,0,0.19417061997050056,0.056698461715975555,0.7016765713029027,pl_neural,pre,2024,2024_18,1.0386488249676107
1,0,0.3057070334275477,0.10773636992754146,0.21579231061781579,pl_neural,pre,2024,2024_19,1.0386488249676107
3,1,0.17738328902979753,0.04986213867204741,1.0,pl_neural,pre,2024,2024_2,1.0386488249676107
1,0,0.2810570589178803,0.09681455145052961,0.4104272643278517,pl_neural,pre,2024,2024_20,1.0386488249676107
1,0,0.5690994999851772,0.15470350268094998,0.35965385102969294,pl_neural,pre,2024,2024_21,1.0386488249676107
0,0,0.43265180058814456,0.15580340277897448,0.0,pl_neural,pre,2024,2024_22,1.0386488249676107
2,1,0.20114119982220252,0.06301105727807471,0.8289886398633951,pl_neural,pre,2024,2024_23,1.0386488249676107
1,0,0.2910088109955645,0.102822400253584,0.21579231061781579,pl_neural,pre,2024,2024_24,1.0386488249676107
1,0,0.5368100256600373,0.171609475109084,0.20521363216392585,pl_neural,pre,2024,2024_3,1.0386488249676107
3,1,0.15182891180799918,0.042616516048714845,0.9910438099037578,pl_neural,pre,2024,2024_4,1.0386488249676107
2,1,0.196916925670234,0.06142894245402153,0.785830177739832,pl_neural,pre,2024,2024_5,1.0386488249676107
1,0,0.26795917748736625,0.08350913118590993,0.4104272643278517,pl_neural,pre,2024,2024_6,1.0386488249676107
1,1,0.26854577160311244,0.0891214160208465,0.5700378671220162,pl_neural,pre,2024,2024_7,1.0386488249676107
1,0,0.3138894123659328,0.10875173209006994,0.21579231061781579,pl_neural,pre,2024,2024_8,1.0386488249676107
2,1,0.29498531094254626,0.08662195812232992,0.7752514992859421,pl_neural,pre,2024,2024_9,1.0386488249676107
1,0,0.2831240146876846,0.09532582871537852,0.4104272643278517,pl_neural,pre,2025,2025_1,1.0386488249676107
0,0,0.4088540337306973,0.14529860728068184,0.0,pl_neural,pre,2025,2025_10,1.0386488249676107
2,0,0.23436545222497385,0.07301620116872687,0.7700811153575446,pl_neural,pre,2025,2025_11,1.0386488249676107
2,0,0.28464396439802436,0.07264024516142097,0.7700811153575446,pl_neural,pre,2025,2025_12,1.0386488249676107
2,0,0.23114680843884275,0.0591425295376965,0.7700811153575446,pl_neural,pre,2025,2025_13,1.0386488249676107
2,1,0.21988784110458712,0.0643328014407427,0.8289886398633951,pl_neural,pre,2025,2025_14,1.0386488249676107
2,0,0.34152913987868894,0.10729709083642583,0.5648674831936188,pl_neural,pre,2025,2025_15,1.0386488249676107
2,0,0.21188225433767896,0.05708106694101421,0.6262195749456675,pl_neural,pre,2025,2025_16,1.0386488249676107
0,0,0.4963307232089596,0.15888362569059056,0.0,pl_neural,pre,2025,2025_17,1.0386488249676107
2,0,0.2665494187208385,0.08782203997830376,0.5472363524371356,pl_neural,pre,2025,2025_18,1.0386488249676107
1,0,0.2969087537366665,0.1031787711395904,0.2589507727413789,pl_neural,pre,2025,2025_19,1.0386488249676107
2,0,0.1768144909274552,0.05267981307704763,0.7700811153575446,pl_neural,pre,2025,2025_2,1.0386488249676107
2,0,0.2550267499805607,0.08590235233669427,0.5306652111662978,pl_neural,pre,2025,2025_20,1.0386488249676107
2,0,0.2954539970794092,0.09436785414150983,0.5306652111662978,pl_neural,pre,2025,2025_21,1.0386488249676107
1,0,0.31502124671514353,0.11336429917778124,0.35965385102969294,pl_neural,pre,2025,2025_22,1.0386488249676107
2,0,0.34417978830074636,0.10144131205113134,0.5648674831936188,pl_neural,pre,2025,2025_23,1.0386488249676107
3,0,0.13742656471887946,0.032024357045529375,0.8859924265755967,pl_neural,pre,2025,2025_24,1.0386488249676107
3,0,0.09723552453281215,0.01909608605061803,0.9410924754941495,pl_neural,pre,2025,2025_3,1.0386488249676107
2,1,0.2028095448314949,0.06656018909326161,0.7410492272586211,pl_neural,pre,2025,2025_4,1.0386488249676107
2,1,0.2228917385789103,0.07024137737059512,0.7752514992859421,pl_neural,pre,2025,2025_5,1.0386488249676107
2,1,0.2043461137949532,0.06306528132304376,0.7752514992859421,pl_neural,pre,2025,2025_6,1.0386488249676107
2,1,0.1994103158940699,0.05743646038160728,0.785830177739832,pl_neural,pre,2025,2025_7,1.0386488249676107
2,0,0.24805148238872654,0.08051704427930058,0.5008112441788239,pl_neural,pre,2025,2025_8,1.0386488249676107
2,1,0.2174579289664545,0.06726130934338184,0.7752514992859421,pl_neural,pre,2025,2025_9,1.0386488249676107
0,0,0.3081686131038037,0.09918747185081017,0.0,pl_neural,pre,2026,2026_1,1.0386488249676107
2,1,0.2080174282388133,0.06285886341391135,0.8289886398633951,pl_neural,pre,2026,2026_10,1.0386488249676107
1,0,0.29103187328257124,0.09557419204902158,0.34202272027320973,pl_neural,pre,2026,2026_11,1.0386488249676107
2,0,0.2205380386189878,0.06956296264446103,0.6009734930145886,pl_neural,pre,2026,2026_12,1.0386488249676107
1,0,0.2547587861620195,0.08458900913000998,0.2589507727413789,pl_neural,pre,2026,2026_13,1.0386488249676107
2,0,0.24279546655408515,0.07852586054341279,0.42996213287798374,pl_neural,pre,2026,2026_14,1.0386488249676107
0,0,0.28922533492913166,0.09848555326824915,0.0,pl_neural,pre,2026,2026_15,1.0386488249676107
1,0,0.2998738889582642,0.10226421741704696,0.2589507727413789,pl_neural,pre,2026,2026_2,1.0386488249676107
1,1,0.2730291103004746,0.08781728471865963,0.5700378671220162,pl_neural,pre,2026,2026_3,1.0386488249676107
3,0,0.1878734153778674,0.05724178829373034,0.8859924265755967,pl_neural,pre,2026,2026_4,1.0386488249676107
1,0,0.27364842996914035,0.09113269686851216,0.2850189335610081,pl_neural,pre,2026,2026_5,1.0386488249676107
2,1,0.25601840254293146,0.07977459877799552,0.7752514992859421,pl_neural,pre,2026,2026_6,1.0386488249676107
2,0,0.31196599199469444,0.10243664463511294,0.42996213287798374,pl_neural,pre,2026,2026_7,1.0386488249676107
2,0,0.21023578704833545,0.06285725924245755,0.7016765713029027,pl_neural,pre,2026,2026_8,1.0386488249676107
2,0,0.2667646558014641,0.09147247248034969,0.543969706302387,pl_neural,pre,2026,2026_9,1.0386488249676107
3,1,0.194687530185709,0.05031734711674034,1.0,prod_ltr_legacy,post,2021,2021_1,0.2458424285693068
2,0,0.4798424953648728,0.1427606961711062,0.5306652111662978,prod_ltr_legacy,post,2021,2021_10,0.2458424285693068
1,0,0.3930483885372088,0.10362865009400013,0.4104272643278517,prod_ltr_legacy,post,2021,2021_11,0.2458424285693068
2,0,0.19254790167377772,0.05092780695438161,0.7016765713029027,prod_ltr_legacy,post,2021,2021_12,0.2458424285693068
2,1,0.2826794637779785,0.08511818664735146,0.7752514992859421,prod_ltr_legacy,post,2021,2021_13,0.2458424285693068
1,0,0.3467551470969862,0.10714443360929296,0.4104272643278517,prod_ltr_legacy,post,2021,2021_14,0.2458424285693068
1,0,0.44713568399157727,0.1321454067273379,0.21579231061781579,prod_ltr_legacy,post,2021,2021_15,0.2458424285693068
1,0,0.269126680147357,0.0822835367829687,0.4104272643278517,prod_ltr_legacy,post,2021,2021_16,0.2458424285693068
3,0,0.11237070392342367,0.02445449558147749,0.9068902034668286,prod_ltr_legacy,post,2021,2021_17,0.2458424285693068
3,0,0.22277697958915849,0.06334656778021508,0.9112385085066755,prod_ltr_legacy,post,2021,2021_18,0.2458424285693068
1,0,0.33103313003912993,0.11345149733416804,0.4104272643278517,prod_ltr_legacy,post,2021,2021_19,0.2458424285693068
2,0,0.324019878594248,0.08881127897092184,0.6954461978888599,prod_ltr_legacy,post,2021,2021_2,0.2458424285693068
2,0,0.4239366718159386,0.13173976097597842,0.5306652111662978,prod_ltr_legacy,post,2021,2021_20,0.2458424285693068
3,1,0.19829959772434655,0.05166472600224733,1.0,prod_ltr_legacy,post,2021,2021_21,0.2458424285693068
2,0,0.262551811037863,0.07159272228746791,0.7700811153575446,prod_ltr_legacy,post,2021,2021_22,0.2458424285693068
3,1,0.2292697385033653,0.06560479298686105,0.9910438099037578,prod_ltr_legacy,post,2021,2021_3,0.2458424285693068
3,1,0.09141500634559477,0.01596192163618378,1.0,prod_ltr_legacy,post,2021,2021_4,0.2458424285693068
1,0,0.2965928599851405,0.1023518164901062,0.35965385102969294,prod_ltr_legacy,post,2021,2021_5,0.2458424285693068
0,0,0.6060381031091291,0.1943245573499248,0.0,prod_ltr_legacy,post,2021,2021_6,0.2458424285693068
2,1,0.23563501214037505,0.06868485530635063,0.8289886398633951,prod_ltr_legacy,post,2021,2021_7,0.2458424285693068
2,1,0.22441002108757863,0.056470346016137554,0.8289886398633951,prod_ltr_legacy,post,2021,2021_8,0.2458424285693068
2,1,0.25277150631625867,0.0704486296112812,0.785830177739832,prod_ltr_legacy,post,2021,2021_9,0.2458424285693068
2,0,0.35896899116727765,0.11307560244406178,0.543969706302387,prod_ltr_legacy,post,2022,2022_1,0.2458424285693068
2,1,0.2543416408143989,0.07945385620419274,0.8289886398633951,prod_ltr_legacy,post,2022,2022_10,0.2458424285693068
1,1,0.33816998410923754,0.10804490724140951,0.5700378671220162,prod_ltr_legacy,post,2022,2022_11,0.2458424285693068
1,0,0.5464143372510095,0.1640687767712103,0.2850189335610081,prod_ltr_legacy,post,2022,2022_12,0.2458424285693068
1,0,0.2879740558469865,0.08385766344706098,0.34202272027320973,prod_ltr_legacy,post,2022,2022_13,0.2458424285693068
3,0,0.19125568906457505,0.053168265726565536,0.9112385085066755,prod_ltr_legacy,post,2022,2022_14,0.2458424285693068
2,1,0.19054849449245842,0.0527561854925949,0.785830177739832,prod_ltr_legacy,post,2022,2022_15,0.2458424285693068
2,0,0.19578704995786508,0.05447103828643367,0.7700811153575446,prod_ltr_legacy,post,2022,2022_16,0.2458424285693068
2,1,0.2851584561550912,0.08108401643359495,0.7752514992859421,prod_ltr_legacy,post,2022,2022_17,0.2458424285693068
2,0,0.20386592157997976,0.05060992975081861,0.7016765713029027,prod_ltr_legacy,post,2022,2022_18,0.2458424285693068
2,1,0.3439701574514444,0.11314579935828484,0.7752514992859421,prod_ltr_legacy,post,2022,2022_19,0.2458424285693068
3,0,0.13610862095728057,0.0318862896589584,0.8859924265755967,prod_ltr_legacy,post,2022,2022_2,0.2458424285693068
3,1,0.13743714599693138,0.033515348666230294,0.9910438099037578,prod_ltr_legacy,post,2022,2022_20,0.2458424285693068
2,0,0.41454231624990723,0.12299185399966292,0.543969706302387,prod_ltr_legacy,post,2022,2022_21,0.2458424285693068
2,1,0.268182218518973,0.07880083112537681,0.7410492272586211,prod_ltr_legacy,post,2022,2022_22,0.2458424285693068
2,0,0.4152030136403485,0.12619654146943318,0.5648674831936188,prod_ltr_legacy,post,2022,2022_3,0.2458424285693068
1,0,0.5091593186555012,0.1487781978478663,0.35965385102969294,prod_ltr_legacy,post,2022,2022_4,0.2458424285693068
2,0,0.22431906024566267,0.06474624273641423,0.6262195749456675,prod_ltr_legacy,post,2022,2022_5,0.2458424285693068
1,0,0.5379826508176127,0.17607612176815216,0.2850189335610081,prod_ltr_legacy,post,2022,2022_6,0.2458424285693068
2,0,0.2661605086396326,0.07803302853453695,0.6270416538342178,prod_ltr_legacy,post,2022,2022_7,0.2458424285693068
2,0,0.28890381409325305,0.08804652519522878,0.6954461978888599,prod_ltr_legacy,post,2022,2022_8,0.2458424285693068
3,1,0.20251665587188286,0.055794209472756054,1.0,prod_ltr_legacy,post,2022,2022_9,0.2458424285693068
2,0,0.37548975073744223,0.11756876879764885,0.5648674831936188,prod_ltr_legacy,post,2023,2023_1,0.26521269317380397
1,1,0.2966165040369731,0.08566642307020107,0.5700378671220162,prod_ltr_legacy,post,2023,2023_10,0.26521269317380397
2,1,0.15987056716453021,0.043715090619833086,0.8289886398633951,prod_ltr_legacy,post,2023,2023_11,0.26521269317380397
2,1,0.29875960558360615,0.09104018011882879,0.7752514992859421,prod_ltr_legacy,post,2023,2023_12,0.26521269317380397
1,1,0.33270748103525777,0.09187679207361538,0.5700378671220162,prod_ltr_legacy,post,2023,2023_13,0.26521269317380397
2,1,0.2626876107925006,0.07583284300062591,0.785830177739832,prod_ltr_legacy,post,2023,2023_14,0.26521269317380397
1,0,0.3867669234897021,0.1266397220672385,0.35965385102969294,prod_ltr_legacy,post,2023,2023_15,0.26521269317380397
3,1,0.28066130426669766,0.08080555332284353,1.0,prod_ltr_legacy,post,2023,2023_16,0.26521269317380397
1,1,0.39097062375976577,0.11435176090509178,0.5700378671220162,prod_ltr_legacy,post,2023,2023_17,0.26521269317380397
2,0,0.28527028185883513,0.09231939021685157,0.543969706302387,prod_ltr_legacy,post,2023,2023_18,0.26521269317380397
2,1,0.28386029509724986,0.0818179811891959,0.7410492272586211,prod_ltr_legacy,post,2023,2023_19,0.26521269317380397
1,0,0.3657372567376812,0.12169015962216853,0.21579231061781579,prod_ltr_legacy,post,2023,2023_2,0.26521269317380397
2,1,0.3180229804399214,0.09685237875119346,0.7410492272586211,prod_ltr_legacy,post,2023,2023_20,0.26521269317380397
2,1,0.28148807526474384,0.080993019427505,0.7752514992859421,prod_ltr_legacy,post,2023,2023_21,0.26521269317380397
2,1,0.30642293238898316,0.0871839160834061,0.7752514992859421,prod_ltr_legacy,post,2023,2023_22,0.26521269317380397
2,1,0.29484471594233996,0.09308005784003962,0.7752514992859421,prod_ltr_legacy,post,2023,2023_3,0.26521269317380397
2,0,0.2013781091226266,0.050975548520237536,0.6262195749456675,prod_ltr_legacy,post,2023,2023_4,0.26521269317380397
3,0,0.18222538309787087,0.04578084311942654,0.8859924265755967,prod_ltr_legacy,post,2023,2023_5,0.26521269317380397
3,0,0.18873011206373191,0.05024076763877535,0.9112385085066755,prod_ltr_legacy,post,2023,2023_6,0.26521269317380397
1,1,0.3651079626450812,0.10266672271468691,0.5700378671220162,prod_ltr_legacy,post,2023,2023_7,0.26521269317380397
2,1,0.21181089777506998,0.05361581616784121,0.8289886398633951,prod_ltr_legacy,post,2023,2023_8,0.26521269317380397
2,1,0.17786631710652337,0.04673110666845849,0.8289886398633951,prod_ltr_legacy,post,2023,2023_9,0.26521269317380397
1,1,0.3075834709071507,0.08831498838581107,0.5700378671220162,prod_ltr_legacy,post,2024,2024_1,0.2458424285693068
2,0,0.2008059493603093,0.049383178591233035,0.7700811153575446,prod_ltr_legacy,post,2024,2024_10,0.2458424285693068
1,0,0.47181169029799974,0.1574924079805325,0.2850189335610081,prod_ltr_legacy,post,2024,2024_11,0.2458424285693068
2,0,0.23974901905012785,0.07733091433803459,0.6954461978888599,prod_ltr_legacy,post,2024,2024_12,0.2458424285693068
3,0,0.15264175224224,0.040852033348829135,0.9112385085066755,prod_ltr_legacy,post,2024,2024_13,0.2458424285693068
2,0,0.194974051110291,0.05214740261367279,0.7016765713029027,prod_ltr_legacy,post,2024,2024_14,0.2458424285693068
2,1,0.3595462206064772,0.11088998210818357,0.7752514992859421,prod_ltr_legacy,post,2024,2024_15,0.2458424285693068
2,0,0.1673573710098603,0.043689349191109186,0.7016765713029027,prod_ltr_legacy,post,2024,2024_16,0.2458424285693068
2,0,0.296377290966353,0.08597202566778248,0.6954461978888599,prod_ltr_legacy,post,2024,2024_17,0.2458424285693068
2,1,0.19479874912992645,0.047591053119405424,0.8289886398633951,prod_ltr_legacy,post,2024,2024_18,0.2458424285693068
2,0,0.31287030327875875,0.09275643703446725,0.5008112441788239,prod_ltr_legacy,post,2024,2024_19,0.2458424285693068
2,1,0.20618421682150387,0.05820710502144324,0.785830177739832,prod_ltr_legacy,post,2024,2024_2,0.2458424285693068
2,0,0.3527535790550996,0.11243633994216547,0.42996213287798374,prod_ltr_legacy,post,2024,2024_20,0.2458424285693068
1,0,0.5984531451108911,0.17378047802586508,0.2850189335610081,prod_ltr_legacy,post,2024,2024_21,0.2458424285693068
1,0,0.3565166091194753,0.12058827448814116,0.17101136013660487,prod_ltr_legacy,post,2024,2024_22,0.2458424285693068
2,1,0.30258936595123676,0.08982572134317705,0.7752514992859421,prod_ltr_legacy,post,2024,2024_23,0.2458424285693068
2,0,0.37930683541282334,0.11710700159789826,0.5648674831936188,prod_ltr_legacy,post,2024,2024_24,0.2458424285693068
1,0,0.5680312508334321,0.18147858550175022,0.2850189335610081,prod_ltr_legacy,post,2024,2024_3,0.2458424285693068
2,0,0.22360744559716852,0.06702044189162565,0.5814386244644566,prod_ltr_legacy,post,2024,2024_4,0.2458424285693068
2,0,0.25089560430954333,0.06601555188275059,0.7016765713029027,prod_ltr_legacy,post,2024,2024_5,0.2458424285693068
2,0,0.3137370045776946,0.10178963413983944,0.42996213287798374,prod_ltr_legacy,post,2024,2024_6,0.2458424285693068
3,1,0.12268774144068642,0.027866644412665797,1.0,prod_ltr_legacy,post,2024,2024_7,0.2458424285693068
1,1,0.3047238647561967,0.09826982106046747,0.5700378671220162,prod_ltr_legacy,post,2024,2024_8,0.2458424285693068
2,1,0.155001322886876,0.041024369494579556,0.785830177739832,prod_ltr_legacy,post,2024,2024_9,0.2458424285693068
2,1,0.25140754906816676,0.07158683432207891,0.8289886398633951,prod_ltr_legacy,post,2025,2025_1,0.26521269317380397
2,0,0.35128401118931063,0.11402777820293133,0.5648674831936188,prod_ltr_legacy,post,2025,2025_10,0.26521269317380397
3,0,0.1794231025939098,0.048177272890529886,0.9410924754941495,prod_ltr_legacy,post,2025,2025_11,0.26521269317380397
2,1,0.3310989816302105,0.0947539929403476,0.7752514992859421,prod_ltr_legacy,post,2025,2025_12,0.26521269317380397
3,0,0.11432479886033713,0.02459551256172645,0.9410924754941495,prod_ltr_legacy,post,2025,2025_13,0.26521269317380397
2,1,0.26691070444946746,0.07776939169823292,0.7752514992859421,prod_ltr_legacy,post,2025,2025_14,0.26521269317380397
2,0,0.3577962162661955,0.1148787837533451,0.5648674831936188,prod_ltr_legacy,post,2025,2025_15,0.26521269317380397
3,0,0.11335066334027925,0.023408241037134677,0.8859924265755967,prod_ltr_legacy,post,2025,2025_16,0.26521269317380397
2,1,0.2496423479823547,0.07268298307128469,0.8289886398633951,prod_ltr_legacy,post,2025,2025_17,0.26521269317380397
2,0,0.28174614096929496,0.08566221499987649,0.5648674831936188,prod_ltr_legacy,post,2025,2025_18,0.26521269317380397
2,1,0.26622221432910526,0.08804844213740329,0.7410492272586211,prod_ltr_legacy,post,2025,2025_19,0.26521269317380397
2,0,0.2783307655922401,0.08764362741122206,0.5814386244644566,prod_ltr_legacy,post,2025,2025_2,0.26521269317380397
2,1,0.23927201301786463,0.07348252700986109,0.7752514992859421,prod_ltr_legacy,post,2025,2025_20,0.26521269317380397
1,1,0.3199702785937196,0.09821403616983339,0.5700378671220162,prod_ltr_legacy,post,2025,2025_21,0.26521269317380397
1,0,0.48484559881728895,0.14661410974504505,0.35965385102969294,prod_ltr_legacy,post,2025,2025_22,0.26521269317380397
2,1,0.3524117635912102,0.10611486972576431,0.7752514992859421,prod_ltr_legacy,post,2025,2025_23,0.26521269317380397
3,1,0.11562691304126979,0.024335866211543943,0.9910438099037578,prod_ltr_legacy,post,2025,2025_24,0.26521269317380397
2,0,0.1690520459988556,0.04757062582785473,0.7700811153575446,prod_ltr_legacy,post,2025,2025_3,0.26521269317380397
2,1,0.1954928619514364,0.05056983761006685,0.8289886398633951,prod_ltr_legacy,post,2025,2025_4,0.26521269317380397
2,1,0.29015631488024984,0.08712021278872731,0.7752514992859421,prod_ltr_legacy,post,2025,2025_5,0.26521269317380397
2,0,0.3258961764978484,0.1050915661386926,0.6954461978888599,prod_ltr_legacy,post,2025,2025_6,0.26521269317380397
2,0,0.2995042492563324,0.09911939398760702,0.5306652111662978,prod_ltr_legacy,post,2025,2025_7,0.26521269317380397
2,0,0.17626962141995656,0.0508823766466438,0.5472363524371356,prod_ltr_legacy,post,2025,2025_8,0.26521269317380397
2,0,0.23795257339641035,0.06008739975731524,0.7700811153575446,prod_ltr_legacy,post,2025,2025_9,0.26521269317380397
2,1,0.25776872285383046,0.07377048557337157,0.7410492272586211,prod_ltr_legacy,post,2026,2026_1,0.26521269317380397
2,1,0.2009076590979758,0.059475666623154004,0.7410492272586211,prod_ltr_legacy,post,2026,2026_10,0.26521269317380397
2,0,0.19073242797564144,0.05533669932554352,0.7700811153575446,prod_ltr_legacy,post,2026,2026_11,0.26521269317380397
3,1,0.15246172120455764,0.03882709542291383,1.0,prod_ltr_legacy,post,2026,2026_12,0.26521269317380397
1,0,0.44264491076243934,0.14824077434537578,0.17101136013660487,prod_ltr_legacy,post,2026,2026_13,0.26521269317380397
2,1,0.19004191174941584,0.052258472056428903,0.8289886398633951,prod_ltr_legacy,post,2026,2026_14,0.26521269317380397
1,1,0.27395929921754997,0.0785809091686128,0.5700378671220162,prod_ltr_legacy,post,2026,2026_15,0.26521269317380397
3,0,0.177025467001124,0.04541380039867433,0.9410924754941495,prod_ltr_legacy,post,2026,2026_2,0.26521269317380397
2,1,0.23689100133993904,0.07453836996542212,0.7410492272586211,prod_ltr_legacy,post,2026,2026_3,0.26521269317380397
1,0,0.40007686907424955,0.1329742133576185,0.2850189335610081,prod_ltr_legacy,post,2026,2026_4,0.26521269317380397
0,0,0.5047428758724549,0.15899957455664948,0.0,prod_ltr_legacy,post,2026,2026_5,0.26521269317380397
2,1,0.23293306978648143,0.05616498703857127,0.8289886398633951,prod_ltr_legacy,post,2026,2026_6,0.26521269317380397
2,1,0.207894772495559,0.05420448796547948,0.8289886398633951,prod_ltr_legacy,post,2026,2026_7,0.26521269317380397
1,1,0.32192496027068684,0.10168596703264915,0.5700378671220162,prod_ltr_legacy,post,2026,2026_8,0.26521269317380397
2,0,0.2373298972523337,0.07790745538748335,0.5008112441788239,prod_ltr_legacy,post,2026,2026_9,0.26521269317380397
2,0,0.23777254291227515,0.06790084128167555,0.7016765713029027,prod_ltr_legacy,pre,2021,2021_1,0.2861091676885749
2,0,0.29553656698075087,0.08442805586524155,0.5008112441788239,prod_ltr_legacy,pre,2021,2021_10,0.2861091676885749
1,0,0.4787209939982576,0.1481302965982897,0.20521363216392585,prod_ltr_legacy,pre,2021,2021_11,0.2861091676885749
2,0,0.30124886537991247,0.08365170378830646,0.6270416538342178,prod_ltr_legacy,pre,2021,2021_12,0.2861091676885749
3,0,0.17506564218948048,0.04335049235473164,0.9410924754941495,prod_ltr_legacy,pre,2021,2021_13,0.2861091676885749
1,0,0.4591974462146829,0.14047596570194187,0.21579231061781579,prod_ltr_legacy,pre,2021,2021_14,0.2861091676885749
1,0,0.4061073965236261,0.13178305327661835,0.35965385102969294,prod_ltr_legacy,pre,2021,2021_15,0.2861091676885749
2,0,0.44118440849973506,0.14598273506093956,0.543969706302387,prod_ltr_legacy,pre,2021,2021_16,0.2861091676885749
2,0,0.18511734783284606,0.04801811754143682,0.7700811153575446,prod_ltr_legacy,pre,2021,2021_17,0.2861091676885749
2,0,0.22818069120832232,0.06595417130939478,0.7700811153575446,prod_ltr_legacy,pre,2021,2021_18,0.2861091676885749
2,0,0.22370686089358638,0.06371143537462261,0.7700811153575446,prod_ltr_legacy,pre,2021,2021_19,0.2861091676885749
2,0,0.2999085490242304,0.08309418949066998,0.6954461978888599,prod_ltr_legacy,pre,2021,2021_2,0.2861091676885749
2,0,0.3420608806530695,0.09058039930221921,0.7700811153575446,prod_ltr_legacy,pre,2021,2021_20,0.2861091676885749
2,0,0.2741460016126572,0.07872606464756206,0.7700811153575446,prod_ltr_legacy,pre,2021,2021_21,0.2861091676885749
1,0,0.3110188822927836,0.08759586567279354,0.4104272643278517,prod_ltr_legacy,pre,2021,2021_22,0.2861091676885749
2,1,0.26221329977162405,0.07582307117420595,0.8289886398633951,prod_ltr_legacy,pre,2021,2021_3,0.2861091676885749
3,1,0.15252456589618874,0.03653760797198209,0.9910438099037578,prod_ltr_legacy,pre,2021,2021_4,0.2861091676885749
1,0,0.42489082793659116,0.13585197837642832,0.35965385102969294,prod_ltr_legacy,pre,2021,2021_5,0.2861091676885749
0,0,0.6167048730061027,0.19832280432008367,0.0,prod_ltr_legacy,pre,2021,2021_6,0.2861091676885749
2,1,0.21944694123025926,0.060602926335014705,0.8289886398633951,prod_ltr_legacy,pre,2021,2021_7,0.2861091676885749
2,1,0.22385373707520567,0.06284070384363075,0.8289886398633951,prod_ltr_legacy,pre,2021,2021_8,0.2861091676885749
2,0,0.36919057025346247,0.12186871921147029,0.5648674831936188,prod_ltr_legacy,pre,2021,2021_9,0.2861091676885749
1,0,0.40166194242233855,0.12062562161489483,0.34202272027320973,prod_ltr_legacy,pre,2022,2022_1,0.2861091676885749
2,0,0.30358856489376196,0.09667724873116733,0.42100594278174164,prod_ltr_legacy,pre,2022,2022_10,0.2861091676885749
1,0,0.30766901120036855,0.1061509546405133,0.35965385102969294,prod_ltr_legacy,pre,2022,2022_11,0.2861091676885749
2,1,0.24931231450716798,0.07494959033207162,0.7410492272586211,prod_ltr_legacy,pre,2022,2022_12,0.2861091676885749
2,0,0.24775360468345684,0.0790426437178145,0.6270416538342178,prod_ltr_legacy,pre,2022,2022_13,0.2861091676885749
2,1,0.23115665160625354,0.06856768043652509,0.785830177739832,prod_ltr_legacy,pre,2022,2022_14,0.2861091676885749
2,0,0.21051633230776595,0.05333622551362947,0.7700811153575446,prod_ltr_legacy,pre,2022,2022_15,0.2861091676885749
3,0,0.215368474534458,0.06137429897873305,0.8859924265755967,prod_ltr_legacy,pre,2022,2022_16,0.2861091676885749
2,0,0.30574580249968036,0.09602434009840181,0.5814386244644566,prod_ltr_legacy,pre,2022,2022_17,0.2861091676885749
2,1,0.18509670277844661,0.04767331201748283,0.8289886398633951,prod_ltr_legacy,pre,2022,2022_18,0.2861091676885749
1,1,0.24281985440466283,0.07653221961538054,0.5700378671220162,prod_ltr_legacy,pre,2022,2022_19,0.2861091676885749
1,0,0.36681133439355784,0.12026346694829912,0.2850189335610081,prod_ltr_legacy,pre,2022,2022_2,0.2861091676885749
2,1,0.2432662247780514,0.07000562242751471,0.785830177739832,prod_ltr_legacy,pre,2022,2022_20,0.2861091676885749
1,0,0.41431263969393006,0.13539613333062223,0.21579231061781579,prod_ltr_legacy,pre,2022,2022_21,0.2861091676885749
1,1,0.235920334328946,0.07269264375763905,0.5700378671220162,prod_ltr_legacy,pre,2022,2022_22,0.2861091676885749
1,0,0.501901820459142,0.16009748224242185,0.2850189335610081,prod_ltr_legacy,pre,2022,2022_3,0.2861091676885749
1,1,0.319944243710318,0.0894398170369339,0.5700378671220162,prod_ltr_legacy,pre,2022,2022_4,0.2861091676885749
2,0,0.2858686560832411,0.0815285365257958,0.6954461978888599,prod_ltr_legacy,pre,2022,2022_5,0.2861091676885749
1,0,0.316473302674862,0.09653567515309142,0.34202272027320973,prod_ltr_legacy,pre,2022,2022_6,0.2861091676885749
1,0,0.2717930332569401,0.08988482148989138,0.4104272643278517,prod_ltr_legacy,pre,2022,2022_7,0.2861091676885749
2,0,0.24988492262631073,0.07722355194824712,0.5814386244644566,prod_ltr_legacy,pre,2022,2022_8,0.2861091676885749
1,0,0.4182569160877175,0.13680451096978885,0.21579231061781579,prod_ltr_legacy,pre,2022,2022_9,0.2861091676885749
0,0,0.5158738451659557,0.1658223603742311,0.0,prod_ltr_legacy,pre,2023,2023_1,0.2861091676885749
1,1,0.40123421075635557,0.12070268402993274,0.5700378671220162,prod_ltr_legacy,pre,2023,2023_10,0.2861091676885749
2,1,0.25378772495126384,0.07034617007771501,0.785830177739832,prod_ltr_legacy,pre,2023,2023_11,0.2861091676885749
2,1,0.2519961181970095,0.06999939129480186,0.8289886398633951,prod_ltr_legacy,pre,2023,2023_12,0.2861091676885749
1,1,0.33150604548112594,0.09163642742264853,0.5700378671220162,prod_ltr_legacy,pre,2023,2023_13,0.2861091676885749
2,1,0.24818293469020505,0.06627188202510288,0.8289886398633951,prod_ltr_legacy,pre,2023,2023_14,0.2861091676885749
1,0,0.4572097772260929,0.1481408807068126,0.35965385102969294,prod_ltr_legacy,pre,2023,2023_15,0.2861091676885749
1,1,0.3609275832119066,0.10225920534697856,0.5700378671220162,prod_ltr_legacy,pre,2023,2023_16,0.2861091676885749
2,1,0.27454914886567106,0.07885327651629283,0.785830177739832,prod_ltr_legacy,pre,2023,2023_17,0.2861091676885749
1,1,0.30326372323182205,0.08922279556479835,0.5700378671220162,prod_ltr_legacy,pre,2023,2023_18,0.2861091676885749
1,1,0.29411678262226104,0.08438925088954495,0.5700378671220162,prod_ltr_legacy,pre,2023,2023_19,0.2861091676885749
1,0,0.3753180600731699,0.11049738799561926,0.4104272643278517,prod_ltr_legacy,pre,2023,2023_2,0.2861091676885749
2,1,0.29976073681529924,0.08315603227953229,0.7752514992859421,prod_ltr_legacy,pre,2023,2023_20,0.2861091676885749
1,1,0.27916217176089164,0.08069869886838368,0.5700378671220162,prod_ltr_legacy,pre,2023,2023_21,0.2861091676885749
2,1,0.26389412521324984,0.07622626700308355,0.8289886398633951,prod_ltr_legacy,pre,2023,2023_22,0.2861091676885749
1,1,0.31627939934279703,0.09142148227252403,0.5700378671220162,prod_ltr_legacy,pre,2023,2023_3,0.2861091676885749
2,0,0.25235333877177574,0.07193237818945614,0.7700811153575446,prod_ltr_legacy,pre,2023,2023_4,0.2861091676885749
3,0,0.17189394442088793,0.043431612874553036,0.9410924754941495,prod_ltr_legacy,pre,2023,2023_5,0.2861091676885749
2,1,0.33883290778539277,0.09822684458333812,0.7752514992859421,prod_ltr_legacy,pre,2023,2023_6,0.2861091676885749
2,1,0.2739025614889169,0.08485997666535036,0.7410492272586211,prod_ltr_legacy,pre,2023,2023_7,0.2861091676885749
1,1,0.2834571961225998,0.08655243741280579,0.5700378671220162,prod_ltr_legacy,pre,2023,2023_8,0.2861091676885749
1,1,0.2864700542957007,0.09134639328459061,0.5700378671220162,prod_ltr_legacy,pre,2023,2023_9,0.2861091676885749
2,1,0.2750984921139879,0.0805991253170811,0.7752514992859421,prod_ltr_legacy,pre,2024,2024_1,0.26521269317380397
2,1,0.2891935527077364,0.08289317595031989,0.7752514992859421,prod_ltr_legacy,pre,2024,2024_10,0.26521269317380397
1,1,0.3153488957935282,0.09820876665518728,0.5700378671220162,prod_ltr_legacy,pre,2024,2024_11,0.26521269317380397
1,0,0.32617780962758813,0.11278478386294981,0.34202272027320973,prod_ltr_legacy,pre,2024,2024_12,0.26521269317380397
2,0,0.2819235827140825,0.09015879043739852,0.5472363524371356,prod_ltr_legacy,pre,2024,2024_13,0.26521269317380397
2,0,0.31265790528673026,0.09667705465509,0.6954461978888599,prod_ltr_legacy,pre,2024,2024_14,0.26521269317380397
2,1,0.18822706083026886,0.051722633635893835,0.785830177739832,prod_ltr_legacy,pre,2024,2024_15,0.26521269317380397
2,0,0.24088383318773712,0.06898496891054065,0.6009734930145886,prod_ltr_legacy,pre,2024,2024_16,0.26521269317380397
1,0,0.4381227395064224,0.14039314621776075,0.20521363216392585,prod_ltr_legacy,pre,2024,2024_17,0.26521269317380397
2,1,0.19368259793417447,0.05833366069404775,0.7410492272586211,prod_ltr_legacy,pre,2024,2024_18,0.26521269317380397
2,1,0.2638509588811591,0.0730234050296959,0.785830177739832,prod_ltr_legacy,pre,2024,2024_19,0.26521269317380397
2,1,0.2351101509441408,0.06828421866169922,0.785830177739832,prod_ltr_legacy,pre,2024,2024_2,0.26521269317380397
1,0,0.39326067433459466,0.14005934060739386,0.20521363216392585,prod_ltr_legacy,pre,2024,2024_20,0.26521269317380397
0,0,0.609338167099257,0.18622473515789034,0.0,prod_ltr_legacy,pre,2024,2024_21,0.26521269317380397
0,0,0.5709069984444195,0.1968540095750415,0.0,prod_ltr_legacy,pre,2024,2024_22,0.26521269317380397
1,0,0.31043347056927073,0.09783391154282692,0.4104272643278517,prod_ltr_legacy,pre,2024,2024_23,0.26521269317380397
2,0,0.25697727889752986,0.07929206238932378,0.6270416538342178,prod_ltr_legacy,pre,2024,2024_24,0.26521269317380397
1,0,0.5024362495279199,0.16890844191775345,0.20521363216392585,prod_ltr_legacy,pre,2024,2024_3,0.26521269317380397
2,0,0.22299727698730534,0.06295129745757197,0.6262195749456675,prod_ltr_legacy,pre,2024,2024_4,0.26521269317380397
2,0,0.2380718026896569,0.06846893716911473,0.7016765713029027,prod_ltr_legacy,pre,2024,2024_5,0.26521269317380397
2,0,0.2735885892564804,0.08851141111160479,0.42100594278174164,prod_ltr_legacy,pre,2024,2024_6,0.26521269317380397
2,1,0.2820521987673644,0.08475736015030878,0.7410492272586211,prod_ltr_legacy,pre,2024,2024_7,0.26521269317380397
2,0,0.35265090146556655,0.11287408703255117,0.5306652111662978,prod_ltr_legacy,pre,2024,2024_8,0.26521269317380397
1,0,0.3888305342696302,0.1248549256536273,0.35965385102969294,prod_ltr_legacy,pre,2024,2024_9,0.26521269317380397
0,0,0.44772628575757334,0.1499556824096782,0.0,prod_ltr_legacy,pre,2025,2025_1,0.2861091676885749
1,0,0.48927237399619183,0.16562522368888694,0.20521363216392585,prod_ltr_legacy,pre,2025,2025_10,0.2861091676885749
2,1,0.24183251657628077,0.07497859927933684,0.7752514992859421,prod_ltr_legacy,pre,2025,2025_11,0.2861091676885749
2,1,0.3109307037420761,0.08594409442356177,0.7752514992859421,prod_ltr_legacy,pre,2025,2025_12,0.2861091676885749
2,1,0.2346223811858727,0.06584525263005955,0.8289886398633951,prod_ltr_legacy,pre,2025,2025_13,0.2861091676885749
3,0,0.13024941712095553,0.027687434110367927,0.9410924754941495,prod_ltr_legacy,pre,2025,2025_14,0.2861091676885749
1,1,0.414889307088083,0.1296798370179883,0.5700378671220162,prod_ltr_legacy,pre,2025,2025_15,0.2861091676885749
2,0,0.20760737562606693,0.059233726407879425,0.7016765713029027,prod_ltr_legacy,pre,2025,2025_16,0.2861091676885749
1,0,0.3963231113641765,0.13329873511387821,0.20521363216392585,prod_ltr_legacy,pre,2025,2025_17,0.2861091676885749
2,0,0.27745615259129275,0.09218972004248678,0.543969706302387,prod_ltr_legacy,pre,2025,2025_18,0.2861091676885749
1,0,0.3941170337482669,0.13462962434402284,0.20521363216392585,prod_ltr_legacy,pre,2025,2025_19,0.2861091676885749
2,0,0.2421765313511127,0.06992346794357449,0.7700811153575446,prod_ltr_legacy,pre,2025,2025_2,0.2861091676885749
2,0,0.2857784431190612,0.09246356137281098,0.5472363524371356,prod_ltr_legacy,pre,2025,2025_20,0.2861091676885749
1,1,0.3472961002708566,0.11074083331670007,0.5700378671220162,prod_ltr_legacy,pre,2025,2025_21,0.2861091676885749
2,0,0.348035881998783,0.11422390462837603,0.5648674831936188,prod_ltr_legacy,pre,2025,2025_22,0.2861091676885749
1,0,0.42533053633273654,0.13050225674331853,0.35965385102969294,prod_ltr_legacy,pre,2025,2025_23,0.2861091676885749
3,1,0.18006153649345552,0.04813501565653262,1.0,prod_ltr_legacy,pre,2025,2025_24,0.2861091676885749
2,0,0.2190249983267191,0.061944207402186535,0.7700811153575446,prod_ltr_legacy,pre,2025,2025_3,0.2861091676885749
1,0,0.3141833080834906,0.10371458220471057,0.34202272027320973,prod_ltr_legacy,pre,2025,2025_4,0.2861091676885749
2,1,0.22989972463327132,0.06796126480195876,0.7752514992859421,prod_ltr_legacy,pre,2025,2025_5,0.2861091676885749
2,0,0.24815393621597154,0.08259504664495064,0.5648674831936188,prod_ltr_legacy,pre,2025,2025_6,0.2861091676885749
2,0,0.22190552149272044,0.06981834667533031,0.6954461978888599,prod_ltr_legacy,pre,2025,2025_7,0.2861091676885749
2,0,0.2710397776252472,0.08410962078626827,0.6270416538342178,prod_ltr_legacy,pre,2025,2025_8,0.2861091676885749
2,0,0.23444366531805924,0.0703094256056781,0.7700811153575446,prod_ltr_legacy,pre,2025,2025_9,0.2861091676885749
1,0,0.3618496773224666,0.1142505848538531,0.35965385102969294,prod_ltr_legacy,pre,2026,2026_1,0.2861091676885749
1,1,0.25133599834935044,0.07626757188607357,0.5700378671220162,prod_ltr_legacy,pre,2026,2026_10,0.2861091676885749
2,0,0.264999195575549,0.07520081505275915,0.6009734930145886,prod_ltr_legacy,pre,2026,2026_11,0.2861091676885749
2,0,0.27373962444652356,0.0839580090942264,0.5814386244644566,prod_ltr_legacy,pre,2026,2026_12,0.2861091676885749
1,1,0.22204568956173906,0.07203737207113181,0.5700378671220162,prod_ltr_legacy,pre,2026,2026_13,0.2861091676885749
1,1,0.27043441368861015,0.08853116124769927,0.5700378671220162,prod_ltr_legacy,pre,2026,2026_14,0.2861091676885749
1,1,0.3450382072090925,0.10930928201918952,0.5700378671220162,prod_ltr_legacy,pre,2026,2026_15,0.2861091676885749
1,0,0.32048624094768824,0.09532444231675213,0.4104272643278517,prod_ltr_legacy,pre,2026,2026_2,0.2861091676885749
2,0,0.27478289541084217,0.09216648818854659,0.5008112441788239,prod_ltr_legacy,pre,2026,2026_3,0.2861091676885749
1,0,0.3639937619149306,0.12768337655184728,0.17101136013660487,prod_ltr_legacy,pre,2026,2026_4,0.2861091676885749
1,1,0.3155220127028937,0.09887186063287003,0.5700378671220162,prod_ltr_legacy,pre,2026,2026_5,0.2861091676885749
1,0,0.42472790651222153,0.13172096267358782,0.2850189335610081,prod_ltr_legacy,pre,2026,2026_6,0.2861091676885749
2,1,0.2434397956212453,0.06709458333399235,0.7752514992859421,prod_ltr_legacy,pre,2026,2026_7,0.2861091676885749
2,0,0.27176558511073323,0.07957082089744422,0.6270416538342178,prod_ltr_legacy,pre,2026,2026_8,0.2861091676885749
2,0,0.29166920079266606,0.09196191184713656,0.42996213287798374,prod_ltr_legacy,pre,2026,2026_9,0.2861091676885749
3,1,0.10404653838902156,0.019859646069173734,1.0,prod_ltr_v4,post,2021,2021_1,0.2278869045127002
2,0,0.3880283857516369,0.12129737409938238,0.5306652111662978,prod_ltr_v4,post,2021,2021_10,0.2278869045127002
1,0,0.521640789355382,0.14140554495428237,0.4104272643278517,prod_ltr_v4,post,2021,2021_11,0.2278869045127002
3,0,0.15259581391236865,0.03921844426496211,0.9068902034668286,prod_ltr_v4,post,2021,2021_12,0.2278869045127002
3,0,0.1025794035552777,0.022575151797749195,0.9410924754941495,prod_ltr_v4,post,2021,2021_13,0.2278869045127002
1,0,0.45462775220095486,0.1513268200758023,0.2850189335610081,prod_ltr_v4,post,2021,2021_14,0.2278869045127002
2,0,0.30954033523951385,0.1046658785310155,0.5306652111662978,prod_ltr_v4,post,2021,2021_15,0.2278869045127002
2,0,0.17436726578359732,0.04790221477790934,0.7700811153575446,prod_ltr_v4,post,2021,2021_16,0.2278869045127002
3,0,0.12304586524029956,0.02982265244913212,0.9410924754941495,prod_ltr_v4,post,2021,2021_17,0.2278869045127002
2,0,0.2288064592187252,0.07531415391169267,0.543969706302387,prod_ltr_v4,post,2021,2021_18,0.2278869045127002
3,0,0.15106539745314382,0.0392453626128796,0.9112385085066755,prod_ltr_v4,post,2021,2021_19,0.2278869045127002
2,0,0.2562571089494282,0.06528403573129646,0.7700811153575446,prod_ltr_v4,post,2021,2021_2,0.2278869045127002
2,1,0.20050559673411966,0.05575094862735136,0.8289886398633951,prod_ltr_v4,post,2021,2021_20,0.2278869045127002
3,1,0.11946707040165509,0.027522608965772792,1.0,prod_ltr_v4,post,2021,2021_21,0.2278869045127002
2,1,0.2031171582984531,0.050564272794807984,0.8289886398633951,prod_ltr_v4,post,2021,2021_22,0.2278869045127002
3,1,0.099558526588093,0.0190131673967767,1.0,prod_ltr_v4,post,2021,2021_3,0.2278869045127002
3,1,0.10737535024219433,0.022145834516009842,1.0,prod_ltr_v4,post,2021,2021_4,0.2278869045127002
1,1,0.4200811355535673,0.13835540405738553,0.5700378671220162,prod_ltr_v4,post,2021,2021_5,0.2278869045127002
0,0,0.6522364167534249,0.20519990829757534,0.0,prod_ltr_v4,post,2021,2021_6,0.2278869045127002
2,1,0.14386790169955116,0.03830488966117937,0.8289886398633951,prod_ltr_v4,post,2021,2021_7,0.2278869045127002
2,1,0.18297195961098772,0.04981859584551238,0.8289886398633951,prod_ltr_v4,post,2021,2021_8,0.2278869045127002
1,1,0.26731230636040293,0.09220623765960322,0.5700378671220162,prod_ltr_v4,post,2021,2021_9,0.2278869045127002
2,0,0.2835146648983562,0.09471426346566497,0.42100594278174164,prod_ltr_v4,post,2022,2022_1,0.2278869045127002
1,0,0.3726042309826355,0.12199954973656346,0.35965385102969294,prod_ltr_v4,post,2022,2022_10,0.2278869045127002
2,0,0.24572309304589585,0.07891035087083442,0.6954461978888599,prod_ltr_v4,post,2022,2022_11,0.2278869045127002
1,0,0.34917609242672226,0.11610420310714717,0.35965385102969294,prod_ltr_v4,post,2022,2022_12,0.2278869045127002
1,0,0.3095475544201172,0.10830141793849621,0.34202272027320973,prod_ltr_v4,post,2022,2022_13,0.2278869045127002
3,0,0.10984471490651279,0.023258746490540237,0.9068902034668286,prod_ltr_v4,post,2022,2022_14,0.2278869045127002
2,1,0.23268770134398759,0.07035122431255048,0.785830177739832,prod_ltr_v4,post,2022,2022_15,0.2278869045127002
3,0,0.12150758987592844,0.02854448777540941,0.9410924754941495,prod_ltr_v4,post,2022,2022_16,0.2278869045127002
2,0,0.23267266050830093,0.07840819339304159,0.7700811153575446,prod_ltr_v4,post,2022,2022_17,0.2278869045127002
2,1,0.2061101843642915,0.06278779998217297,0.785830177739832,prod_ltr_v4,post,2022,2022_18,0.2278869045127002
2,1,0.22411841792688314,0.07531637855533332,0.7410492272586211,prod_ltr_v4,post,2022,2022_19,0.2278869045127002
3,1,0.15166296519347242,0.04221804463037245,0.9910438099037578,prod_ltr_v4,post,2022,2022_2,0.2278869045127002
1,1,0.26501925713739694,0.08768034232541157,0.5700378671220162,prod_ltr_v4,post,2022,2022_20,0.2278869045127002
2,0,0.2774869265509269,0.09340182742973298,0.5648674831936188,prod_ltr_v4,post,2022,2022_21,0.2278869045127002
3,1,0.13331668766150004,0.03350696180612657,0.9910438099037578,prod_ltr_v4,post,2022,2022_22,0.2278869045127002
1,0,0.339817281117857,0.1158073062218338,0.35965385102969294,prod_ltr_v4,post,2022,2022_3,0.2278869045127002
2,1,0.3301708356698307,0.10255268048588473,0.7752514992859421,prod_ltr_v4,post,2022,2022_4,0.2278869045127002
3,1,0.08608876935114948,0.01504462559657473,1.0,prod_ltr_v4,post,2022,2022_5,0.2278869045127002
1,1,0.3168281690790071,0.10727141279808046,0.5700378671220162,prod_ltr_v4,post,2022,2022_6,0.2278869045127002
2,0,0.1845457601441875,0.06034967313847907,0.5472363524371356,prod_ltr_v4,post,2022,2022_7,0.2278869045127002
2,1,0.26695624506619103,0.07719848188323826,0.8289886398633951,prod_ltr_v4,post,2022,2022_8,0.2278869045127002
2,1,0.21448288658887557,0.0638793304608649,0.7752514992859421,prod_ltr_v4,post,2022,2022_9,0.2278869045127002
2,1,0.26422861765126865,0.07623679089364097,0.7752514992859421,prod_ltr_v4,post,2023,2023_1,0.2278869045127002
2,1,0.2290114978795746,0.06723608142180278,0.8289886398633951,prod_ltr_v4,post,2023,2023_10,0.2278869045127002
2,1,0.29239604895537197,0.09999486127091387,0.7752514992859421,prod_ltr_v4,post,2023,2023_11,0.2278869045127002
3,1,0.12066488050210918,0.029703965603783317,1.0,prod_ltr_v4,post,2023,2023_12,0.2278869045127002
1,1,0.3329465781923438,0.09227475899767008,0.5700378671220162,prod_ltr_v4,post,2023,2023_13,0.2278869045127002
2,1,0.20164919613105373,0.057898970435217745,0.785830177739832,prod_ltr_v4,post,2023,2023_14,0.2278869045127002
1,0,0.4087310074931808,0.1375401617759538,0.35965385102969294,prod_ltr_v4,post,2023,2023_15,0.2278869045127002
2,1,0.2330988767556434,0.06966462703897872,0.7410492272586211,prod_ltr_v4,post,2023,2023_16,0.2278869045127002
1,1,0.35582054965584087,0.10200065150433561,0.5700378671220162,prod_ltr_v4,post,2023,2023_17,0.2278869045127002
2,1,0.2784690716202928,0.08468205404628212,0.7752514992859421,prod_ltr_v4,post,2023,2023_18,0.2278869045127002
2,1,0.2465433470185759,0.06892125599587938,0.785830177739832,prod_ltr_v4,post,2023,2023_19,0.2278869045127002
2,1,0.17233648185957792,0.0481631102077134,0.8289886398633951,prod_ltr_v4,post,2023,2023_2,0.2278869045127002
2,1,0.268353493756704,0.08357386912070626,0.7752514992859421,prod_ltr_v4,post,2023,2023_20,0.2278869045127002
2,1,0.18819663573013795,0.05198868847004229,0.8289886398633951,prod_ltr_v4,post,2023,2023_21,0.2278869045127002
2,1,0.23136677767527014,0.0641692650637355,0.8289886398633951,prod_ltr_v4,post,2023,2023_22,0.2278869045127002
2,1,0.2378327574316203,0.07573724223244088,0.7752514992859421,prod_ltr_v4,post,2023,2023_3,0.2278869045127002
3,0,0.10473720279754943,0.021504490955433476,0.9112385085066755,prod_ltr_v4,post,2023,2023_4,0.2278869045127002
3,0,0.1487407224104534,0.038245049774620586,0.9410924754941495,prod_ltr_v4,post,2023,2023_5,0.2278869045127002
2,1,0.18837501817307867,0.05065627601289343,0.8289886398633951,prod_ltr_v4,post,2023,2023_6,0.2278869045127002
2,1,0.30472926729733174,0.09156915135868465,0.7752514992859421,prod_ltr_v4,post,2023,2023_7,0.2278869045127002
3,1,0.14316879601491886,0.03599456359398338,1.0,prod_ltr_v4,post,2023,2023_8,0.2278869045127002
2,1,0.21524687550806107,0.06240745546049625,0.8289886398633951,prod_ltr_v4,post,2023,2023_9,0.2278869045127002
2,1,0.26911627363863,0.08991470318195598,0.7752514992859421,prod_ltr_v4,post,2024,2024_1,0.2112427929979546
2,1,0.13457329303084095,0.03765384697354366,0.8289886398633951,prod_ltr_v4,post,2024,2024_10,0.2112427929979546
1,0,0.5824331612075958,0.18323563832621417,0.2850189335610081,prod_ltr_v4,post,2024,2024_11,0.2112427929979546
2,0,0.1660128837531413,0.053871487126786854,0.6954461978888599,prod_ltr_v4,post,2024,2024_12,0.2112427929979546
2,0,0.3038191634711394,0.09221586158263026,0.543969706302387,prod_ltr_v4,post,2024,2024_13,0.2112427929979546
1,0,0.3598350868867376,0.1209974149174304,0.34202272027320973,prod_ltr_v4,post,2024,2024_14,0.2112427929979546
2,1,0.214949326152994,0.057295005924730344,0.8289886398633951,prod_ltr_v4,post,2024,2024_15,0.2112427929979546
2,0,0.17889599712661486,0.05285635351299598,0.6009734930145886,prod_ltr_v4,post,2024,2024_16,0.2112427929979546
2,0,0.26234151232432057,0.0771872651664323,0.7700811153575446,prod_ltr_v4,post,2024,2024_17,0.2112427929979546
3,1,0.12667138692795632,0.03326947644071018,1.0,prod_ltr_v4,post,2024,2024_18,0.2112427929979546
2,0,0.3385535565787569,0.10680810226857944,0.5008112441788239,prod_ltr_v4,post,2024,2024_19,0.2112427929979546
3,1,0.09523904836431041,0.018383303630626187,1.0,prod_ltr_v4,post,2024,2024_2,0.2112427929979546
2,1,0.16041745275341096,0.05174209111681175,0.8289886398633951,prod_ltr_v4,post,2024,2024_20,0.2112427929979546
1,0,0.5501489495949161,0.16053253477484614,0.35965385102969294,prod_ltr_v4,post,2024,2024_21,0.2112427929979546
2,1,0.26220394882830994,0.08183791289244,0.7410492272586211,prod_ltr_v4,post,2024,2024_22,0.2112427929979546
1,0,0.2928970928411997,0.1048364663958172,0.35965385102969294,prod_ltr_v4,post,2024,2024_23,0.2112427929979546
1,1,0.27868613768737494,0.09957736990595424,0.5700378671220162,prod_ltr_v4,post,2024,2024_24,0.2112427929979546
2,0,0.398001265544527,0.11801963660521372,0.543969706302387,prod_ltr_v4,post,2024,2024_3,0.2112427929979546
2,1,0.1627287842790625,0.045963956542098526,0.8289886398633951,prod_ltr_v4,post,2024,2024_4,0.2112427929979546
2,1,0.16904249635540697,0.046797256635606285,0.785830177739832,prod_ltr_v4,post,2024,2024_5,0.2112427929979546
2,0,0.1762170482312208,0.050229201672317494,0.6262195749456675,prod_ltr_v4,post,2024,2024_6,0.2112427929979546
3,1,0.11032594543301322,0.02390253434004835,0.9910438099037578,prod_ltr_v4,post,2024,2024_7,0.2112427929979546
2,1,0.24534485803460865,0.08602382053949045,0.7752514992859421,prod_ltr_v4,post,2024,2024_8,0.2112427929979546
3,1,0.14628009372405598,0.03796038478185657,1.0,prod_ltr_v4,post,2024,2024_9,0.2112427929979546
2,1,0.1837125904208161,0.05772302599909668,0.8289886398633951,prod_ltr_v4,post,2025,2025_1,0.2112427929979546
2,0,0.32929811963699407,0.10416623724986207,0.5648674831936188,prod_ltr_v4,post,2025,2025_10,0.2112427929979546
3,1,0.09393151597143243,0.019012055130493383,0.9910438099037578,prod_ltr_v4,post,2025,2025_11,0.2112427929979546
2,0,0.35599866909699196,0.09053346840119839,0.6954461978888599,prod_ltr_v4,post,2025,2025_12,0.2112427929979546
3,0,0.11578272334408093,0.027583242288568975,0.9410924754941495,prod_ltr_v4,post,2025,2025_13,0.2112427929979546
2,1,0.17945162647791696,0.05664071278494306,0.8289886398633951,prod_ltr_v4,post,2025,2025_14,0.2112427929979546
2,0,0.36293390203076303,0.1106173761406454,0.5648674831936188,prod_ltr_v4,post,2025,2025_15,0.2112427929979546
3,0,0.060172220185021205,0.008127586195131885,0.9112385085066755,prod_ltr_v4,post,2025,2025_16,0.2112427929979546
1,1,0.33607795043934535,0.12067580117109149,0.5700378671220162,prod_ltr_v4,post,2025,2025_17,0.2112427929979546
2,1,0.15347931857358535,0.04831401495878819,0.8289886398633951,prod_ltr_v4,post,2025,2025_18,0.2112427929979546
2,1,0.16050918322995103,0.04789144391671192,0.8289886398633951,prod_ltr_v4,post,2025,2025_19,0.2112427929979546
3,0,0.14844625850961074,0.04209514057318231,0.9068902034668286,prod_ltr_v4,post,2025,2025_2,0.2112427929979546
3,1,0.1171537747664527,0.0272627130454277,1.0,prod_ltr_v4,post,2025,2025_20,0.2112427929979546
2,1,0.24944212878771962,0.08061322958793228,0.7410492272586211,prod_ltr_v4,post,2025,2025_21,0.2112427929979546
1,0,0.4616243063560388,0.1347414471845677,0.35965385102969294,prod_ltr_v4,post,2025,2025_22,0.2112427929979546
2,0,0.33904726903501403,0.09188773331247901,0.6954461978888599,prod_ltr_v4,post,2025,2025_23,0.2112427929979546
3,1,0.10404777514579541,0.022300178824852208,0.9910438099037578,prod_ltr_v4,post,2025,2025_24,0.2112427929979546
3,0,0.1134530418397599,0.0277074044831494,0.9410924754941495,prod_ltr_v4,post,2025,2025_3,0.2112427929979546
2,1,0.20459397148751401,0.06922812079050551,0.7410492272586211,prod_ltr_v4,post,2025,2025_4,0.2112427929979546
2,1,0.1863198894169482,0.059857630645044235,0.8289886398633951,prod_ltr_v4,post,2025,2025_5,0.2112427929979546
2,0,0.22513857014519503,0.07579210700623681,0.6954461978888599,prod_ltr_v4,post,2025,2025_6,0.2112427929979546
2,0,0.14523278618206703,0.04044404390272307,0.7016765713029027,prod_ltr_v4,post,2025,2025_7,0.2112427929979546
3,1,0.08299208962541621,0.015098544446588685,0.9910438099037578,prod_ltr_v4,post,2025,2025_8,0.2112427929979546
2,1,0.19392729868702518,0.05797814650629275,0.8289886398633951,prod_ltr_v4,post,2025,2025_9,0.2112427929979546
1,1,0.27939526231047007,0.09166928174223896,0.5700378671220162,prod_ltr_v4,post,2026,2026_1,0.2112427929979546
2,1,0.19516968171394203,0.058215900742236835,0.785830177739832,prod_ltr_v4,post,2026,2026_10,0.2112427929979546
2,1,0.18288844352830713,0.0583565022869027,0.7410492272586211,prod_ltr_v4,post,2026,2026_11,0.2112427929979546
3,1,0.07850463797805239,0.013436105183846718,1.0,prod_ltr_v4,post,2026,2026_12,0.2112427929979546
2,0,0.18786526703625442,0.05881432071121761,0.6954461978888599,prod_ltr_v4,post,2026,2026_13,0.2112427929979546
3,1,0.09356880165855755,0.021945699720151233,0.9910438099037578,prod_ltr_v4,post,2026,2026_14,0.2112427929979546
1,1,0.31545798248803875,0.09374952321620919,0.5700378671220162,prod_ltr_v4,post,2026,2026_15,0.2112427929979546
2,1,0.18238602632695036,0.05714807340999673,0.8289886398633951,prod_ltr_v4,post,2026,2026_2,0.2112427929979546
1,1,0.2474545196013259,0.08522489547326838,0.5700378671220162,prod_ltr_v4,post,2026,2026_3,0.2112427929979546
1,1,0.2505265390152003,0.08533332708320916,0.5700378671220162,prod_ltr_v4,post,2026,2026_4,0.2112427929979546
1,0,0.39041046196917345,0.12863819710381713,0.35965385102969294,prod_ltr_v4,post,2026,2026_5,0.2112427929979546
2,1,0.29983933085353603,0.0870432018362593,0.7752514992859421,prod_ltr_v4,post,2026,2026_6,0.2112427929979546
2,0,0.23972115017187623,0.07558448023617868,0.543969706302387,prod_ltr_v4,post,2026,2026_7,0.2112427929979546
2,1,0.25982600046178733,0.08467715040653664,0.7410492272586211,prod_ltr_v4,post,2026,2026_8,0.2112427929979546
2,0,0.3236747728973353,0.10028392064529736,0.5008112441788239,prod_ltr_v4,post,2026,2026_9,0.2112427929979546
2,1,0.19652578112257602,0.05080586969008453,0.785830177739832,prod_ltr_v4,pre,2021,2021_1,0.2458424285693068
1,0,0.4167382685830141,0.13662366425991773,0.35965385102969294,prod_ltr_v4,pre,2021,2021_10,0.2458424285693068
1,0,0.4373333426402378,0.1238686618661625,0.4104272643278517,prod_ltr_v4,pre,2021,2021_11,0.2458424285693068
2,0,0.28404838077108485,0.07276475979471897,0.7016765713029027,prod_ltr_v4,pre,2021,2021_12,0.2458424285693068
3,0,0.12815002499781325,0.02988249305743517,0.9410924754941495,prod_ltr_v4,pre,2021,2021_13,0.2458424285693068
1,0,0.5117784981470967,0.17285364964416816,0.17101136013660487,prod_ltr_v4,pre,2021,2021_14,0.2458424285693068
2,1,0.27693010343197505,0.07661400141162428,0.8289886398633951,prod_ltr_v4,pre,2021,2021_15,0.2458424285693068
2,0,0.3084801322488806,0.10266589615844413,0.543969706302387,prod_ltr_v4,pre,2021,2021_16,0.2458424285693068
2,0,0.20640686833828875,0.06066165484241258,0.7700811153575446,prod_ltr_v4,pre,2021,2021_17,0.2458424285693068
2,1,0.1853904219339431,0.055428040097673256,0.8289886398633951,prod_ltr_v4,pre,2021,2021_18,0.2458424285693068
2,0,0.164062912721597,0.04261726882214289,0.7700811153575446,prod_ltr_v4,pre,2021,2021_19,0.2458424285693068
2,0,0.2754607062957634,0.07421969714456153,0.7700811153575446,prod_ltr_v4,pre,2021,2021_2,0.2458424285693068
2,1,0.25868980218584037,0.060669928238581014,0.8289886398633951,prod_ltr_v4,pre,2021,2021_20,0.2458424285693068
2,1,0.15361957257973816,0.03960356754022064,0.8289886398633951,prod_ltr_v4,pre,2021,2021_21,0.2458424285693068
2,0,0.23650625655805446,0.06473328686560614,0.7700811153575446,prod_ltr_v4,pre,2021,2021_22,0.2458424285693068
3,1,0.11226807265267151,0.023487213912167185,1.0,prod_ltr_v4,pre,2021,2021_3,0.2458424285693068
3,1,0.1439044960978982,0.03549111726826371,1.0,prod_ltr_v4,pre,2021,2021_4,0.2458424285693068
1,0,0.5391720615846738,0.1581964900950104,0.35965385102969294,prod_ltr_v4,pre,2021,2021_5,0.2458424285693068
0,0,0.6221165320850264,0.1980601387842762,0.0,prod_ltr_v4,pre,2021,2021_6,0.2458424285693068
3,0,0.11006367987807153,0.021864231568255676,0.9410924754941495,prod_ltr_v4,pre,2021,2021_7,0.2458424285693068
2,0,0.18085739365305328,0.05409253192933398,0.7700811153575446,prod_ltr_v4,pre,2021,2021_8,0.2458424285693068
1,1,0.36861862653849553,0.1151507717255241,0.5700378671220162,prod_ltr_v4,pre,2021,2021_9,0.2458424285693068
1,0,0.3954500695779771,0.1196019793108422,0.34202272027320973,prod_ltr_v4,pre,2022,2022_1,0.2458424285693068
2,0,0.2812626101216581,0.09516089040688552,0.543969706302387,prod_ltr_v4,pre,2022,2022_10,0.2458424285693068
1,0,0.30251406293483374,0.10055554240434084,0.4104272643278517,prod_ltr_v4,pre,2022,2022_11,0.2458424285693068
1,1,0.2963696276136164,0.1068221349589665,0.5700378671220162,prod_ltr_v4,pre,2022,2022_12,0.2458424285693068
1,1,0.26881921936399733,0.09158018720272879,0.5700378671220162,prod_ltr_v4,pre,2022,2022_13,0.2458424285693068
2,1,0.2027897109334932,0.06225291774341406,0.7410492272586211,prod_ltr_v4,pre,2022,2022_14,0.2458424285693068
1,1,0.27206208782388164,0.09174153388630743,0.5700378671220162,prod_ltr_v4,pre,2022,2022_15,0.2458424285693068
2,1,0.24094423140101823,0.0750041394774414,0.8289886398633951,prod_ltr_v4,pre,2022,2022_16,0.2458424285693068
2,0,0.24947185435240785,0.08471937652541116,0.42996213287798374,prod_ltr_v4,pre,2022,2022_17,0.2458424285693068
2,1,0.16264836982479797,0.04636953381466678,0.785830177739832,prod_ltr_v4,pre,2022,2022_18,0.2458424285693068
2,1,0.20304790646726656,0.05949631193244791,0.785830177739832,prod_ltr_v4,pre,2022,2022_19,0.2458424285693068
2,0,0.24000320335720288,0.07984087766998298,0.5306652111662978,prod_ltr_v4,pre,2022,2022_2,0.2458424285693068
2,1,0.23267845196269774,0.07664966021372087,0.7410492272586211,prod_ltr_v4,pre,2022,2022_20,0.2458424285693068
0,0,0.39848129819424355,0.14151838184112644,0.0,prod_ltr_v4,pre,2022,2022_21,0.2458424285693068
1,1,0.2096223930602134,0.0648038899566954,0.5700378671220162,prod_ltr_v4,pre,2022,2022_22,0.2458424285693068
0,0,0.3757087930555608,0.13762876989010395,0.0,prod_ltr_v4,pre,2022,2022_3,0.2458424285693068
2,1,0.3380110946877768,0.1000678139421867,0.7752514992859421,prod_ltr_v4,pre,2022,2022_4,0.2458424285693068
2,1,0.19189368636284282,0.056665776165885154,0.8289886398633951,prod_ltr_v4,pre,2022,2022_5,0.2458424285693068
2,1,0.25370911224448206,0.0798610209498474,0.7752514992859421,prod_ltr_v4,pre,2022,2022_6,0.2458424285693068
2,0,0.21357802697255934,0.06418498944283521,0.7016765713029027,prod_ltr_v4,pre,2022,2022_7,0.2458424285693068
2,1,0.2246112186997835,0.06547701069772321,0.8289886398633951,prod_ltr_v4,pre,2022,2022_8,0.2458424285693068
1,1,0.25306054584023124,0.08456325766622524,0.5700378671220162,prod_ltr_v4,pre,2022,2022_9,0.2458424285693068
1,1,0.38400164559602734,0.11109768424601711,0.5700378671220162,prod_ltr_v4,pre,2023,2023_1,0.2458424285693068
2,1,0.3226885432058658,0.08992971904112022,0.7410492272586211,prod_ltr_v4,pre,2023,2023_10,0.2458424285693068
2,1,0.27778476890134696,0.07791327761355661,0.785830177739832,prod_ltr_v4,pre,2023,2023_11,0.2458424285693068
2,1,0.25253252576746166,0.07787875594096791,0.7752514992859421,prod_ltr_v4,pre,2023,2023_12,0.2458424285693068
1,1,0.3428087510093553,0.0989499051577271,0.5700378671220162,prod_ltr_v4,pre,2023,2023_13,0.2458424285693068
2,1,0.23634862614450863,0.07075041225053771,0.7752514992859421,prod_ltr_v4,pre,2023,2023_14,0.2458424285693068
1,0,0.46843521726249754,0.15507777992543417,0.17101136013660487,prod_ltr_v4,pre,2023,2023_15,0.2458424285693068
1,1,0.3966686609196806,0.10939196924020263,0.5700378671220162,prod_ltr_v4,pre,2023,2023_16,0.2458424285693068
1,1,0.3417612810057556,0.10009846279947468,0.5700378671220162,prod_ltr_v4,pre,2023,2023_17,0.2458424285693068
1,1,0.2909104474492433,0.08836022639807124,0.5700378671220162,prod_ltr_v4,pre,2023,2023_18,0.2458424285693068
2,1,0.2430609667107698,0.07393845542649868,0.7752514992859421,prod_ltr_v4,pre,2023,2023_19,0.2458424285693068
2,0,0.2722298425515119,0.07406400063793077,0.7700811153575446,prod_ltr_v4,pre,2023,2023_2,0.2458424285693068
1,1,0.298971911388257,0.08910951243124522,0.5700378671220162,prod_ltr_v4,pre,2023,2023_20,0.2458424285693068
2,1,0.21943478998555138,0.06309635272395374,0.785830177739832,prod_ltr_v4,pre,2023,2023_21,0.2458424285693068
2,1,0.275965285292027,0.0831801426845801,0.7752514992859421,prod_ltr_v4,pre,2023,2023_22,0.2458424285693068
1,0,0.3106466079373655,0.1048722855882602,0.35965385102969294,prod_ltr_v4,pre,2023,2023_3,0.2458424285693068
2,0,0.2004882649755649,0.05820134074693715,0.7700811153575446,prod_ltr_v4,pre,2023,2023_4,0.2458424285693068
2,1,0.20304232221670176,0.058430720537684055,0.8289886398633951,prod_ltr_v4,pre,2023,2023_5,0.2458424285693068
2,1,0.3432101035729732,0.09662193562874549,0.7752514992859421,prod_ltr_v4,pre,2023,2023_6,0.2458424285693068
1,1,0.2811418305557879,0.09226277764162083,0.5700378671220162,prod_ltr_v4,pre,2023,2023_7,0.2458424285693068
1,1,0.23192865726293227,0.07538373954603578,0.5700378671220162,prod_ltr_v4,pre,2023,2023_8,0.2458424285693068
2,1,0.20931534757990944,0.059508180459100855,0.785830177739832,prod_ltr_v4,pre,2023,2023_9,0.2458424285693068
2,1,0.21846052253688836,0.0633269343414706,0.8289886398633951,prod_ltr_v4,pre,2024,2024_1,0.2458424285693068
2,1,0.2533468009236478,0.07472767801755002,0.8289886398633951,prod_ltr_v4,pre,2024,2024_10,0.2458424285693068
0,0,0.4680363087488114,0.1637074759117051,0.0,prod_ltr_v4,pre,2024,2024_11,0.2458424285693068
2,0,0.2542731610033126,0.07908693580645895,0.5814386244644566,prod_ltr_v4,pre,2024,2024_12,0.2458424285693068
1,0,0.34760467858848976,0.11937750105386755,0.2589507727413789,prod_ltr_v4,pre,2024,2024_13,0.2458424285693068
1,0,0.3144961883701426,0.11259846863948217,0.20521363216392585,prod_ltr_v4,pre,2024,2024_14,0.2458424285693068
2,0,0.21206576001634642,0.06856017268024925,0.543969706302387,prod_ltr_v4,pre,2024,2024_15,0.2458424285693068
2,0,0.2031694995390553,0.06304586754874877,0.6270416538342178,prod_ltr_v4,pre,2024,2024_16,0.2458424285693068
0,0,0.40404626587862547,0.13921045238126112,0.0,prod_ltr_v4,pre,2024,2024_17,0.2458424285693068
3,0,0.12785473984682974,0.028699881797007814,0.9068902034668286,prod_ltr_v4,pre,2024,2024_18,0.2458424285693068
1,0,0.3745710058551198,0.13151299887389098,0.17101136013660487,prod_ltr_v4,pre,2024,2024_19,0.2458424285693068
3,1,0.12447642262880573,0.026568117345330357,1.0,prod_ltr_v4,pre,2024,2024_2,0.2458424285693068
1,0,0.25205637825517335,0.08714354506244978,0.4104272643278517,prod_ltr_v4,pre,2024,2024_20,0.2458424285693068
0,0,0.6141062159342645,0.17090094554864455,0.0,prod_ltr_v4,pre,2024,2024_21,0.2458424285693068
0,0,0.48100202651664353,0.17184549929144344,0.0,prod_ltr_v4,pre,2024,2024_22,0.2458424285693068
2,0,0.24213330008007755,0.08267433007516407,0.5008112441788239,prod_ltr_v4,pre,2024,2024_23,0.2458424285693068
1,0,0.2877968710378796,0.1050540581686826,0.17101136013660487,prod_ltr_v4,pre,2024,2024_24,0.2458424285693068
1,0,0.43734391902363173,0.14190387125326057,0.2589507727413789,prod_ltr_v4,pre,2024,2024_3,0.2458424285693068
3,1,0.14370222266142582,0.036106486371953246,0.9910438099037578,prod_ltr_v4,pre,2024,2024_4,0.2458424285693068
2,1,0.2195921075657708,0.06911658144104979,0.7410492272586211,prod_ltr_v4,pre,2024,2024_5,0.2458424285693068
2,0,0.2071538869017381,0.06309979292406694,0.5814386244644566,prod_ltr_v4,pre,2024,2024_6,0.2458424285693068
2,1,0.1940941185434114,0.06010680426333341,0.7752514992859421,prod_ltr_v4,pre,2024,2024_7,0.2458424285693068
1,0,0.3764775139841368,0.1302092801194555,0.2850189335610081,prod_ltr_v4,pre,2024,2024_8,0.2458424285693068
1,1,0.30092858499629316,0.08998809879923617,0.5700378671220162,prod_ltr_v4,pre,2024,2024_9,0.2458424285693068
2,0,0.22539193098503102,0.07228372051983974,0.5814386244644566,prod_ltr_v4,pre,2025,2025_1,0.2458424285693068
1,0,0.43294668324197705,0.1487951731525445,0.20521363216392585,prod_ltr_v4,pre,2025,2025_10,0.2458424285693068
2,0,0.17960996783175806,0.05525390433333259,0.7700811153575446,prod_ltr_v4,pre,2025,2025_11,0.2458424285693068
2,1,0.31088480288697623,0.07576794875898189,0.8289886398633951,prod_ltr_v4,pre,2025,2025_12,0.2458424285693068
2,0,0.19313804271329224,0.059126164824894314,0.7700811153575446,prod_ltr_v4,pre,2025,2025_13,0.2458424285693068
2,1,0.15878917574500995,0.04314895450671481,0.8289886398633951,prod_ltr_v4,pre,2025,2025_14,0.2458424285693068
1,0,0.4248743663253237,0.12949522646036454,0.35965385102969294,prod_ltr_v4,pre,2025,2025_15,0.2458424285693068
2,0,0.14074907574276813,0.0375186890172346,0.6262195749456675,prod_ltr_v4,pre,2025,2025_16,0.2458424285693068
1,0,0.4598262139428697,0.15030112487544645,0.2850189335610081,prod_ltr_v4,pre,2025,2025_17,0.2458424285693068
2,0,0.1795140871225123,0.057624084370727725,0.5472363524371356,prod_ltr_v4,pre,2025,2025_18,0.2458424285693068
2,0,0.2596569924054179,0.08731416716084435,0.6954461978888599,prod_ltr_v4,pre,2025,2025_19,0.2458424285693068
2,0,0.2033801266451794,0.06194478978335979,0.6262195749456675,prod_ltr_v4,pre,2025,2025_2,0.2458424285693068
2,1,0.1768239083972731,0.05586964496463405,0.7410492272586211,prod_ltr_v4,pre,2025,2025_20,0.2458424285693068
2,1,0.32854676916774256,0.09246817158131193,0.7410492272586211,prod_ltr_v4,pre,2025,2025_21,0.2458424285693068
1,0,0.3444237056724889,0.11578013423111803,0.35965385102969294,prod_ltr_v4,pre,2025,2025_22,0.2458424285693068
1,0,0.4209482808142829,0.130967122845575,0.35965385102969294,prod_ltr_v4,pre,2025,2025_23,0.2458424285693068
3,0,0.1257704406119547,0.029923777952258118,0.9068902034668286,prod_ltr_v4,pre,2025,2025_24,0.2458424285693068
3,0,0.1495716048708648,0.03847793629087268,0.9112385085066755,prod_ltr_v4,pre,2025,2025_3,0.2458424285693068
2,0,0.2054968481106787,0.06563585705080335,0.7016765713029027,prod_ltr_v4,pre,2025,2025_4,0.2458424285693068
2,1,0.18059671363613597,0.05713127106416366,0.7752514992859421,prod_ltr_v4,pre,2025,2025_5,0.2458424285693068
2,1,0.16409657794712879,0.046690063155373746,0.8289886398633951,prod_ltr_v4,pre,2025,2025_6,0.2458424285693068
2,0,0.16892629168557005,0.0483444296248932,0.7016765713029027,prod_ltr_v4,pre,2025,2025_7,0.2458424285693068
2,0,0.16897203975916836,0.04795139069440478,0.7016765713029027,prod_ltr_v4,pre,2025,2025_8,0.2458424285693068
3,1,0.14326067156078276,0.03682398648584815,1.0,prod_ltr_v4,pre,2025,2025_9,0.2458424285693068
0,0,0.43517757414712094,0.14721215310379895,0.0,prod_ltr_v4,pre,2026,2026_1,0.2458424285693068
1,0,0.26584187883336957,0.09481708038445459,0.2850189335610081,prod_ltr_v4,pre,2026,2026_10,0.2458424285693068
1,0,0.2107974701393643,0.06743303364232035,0.34202272027320973,prod_ltr_v4,pre,2026,2026_11,0.2458424285693068
1,0,0.22174593798615402,0.07239829452084687,0.4104272643278517,prod_ltr_v4,pre,2026,2026_12,0.2458424285693068
1,1,0.21714127569649921,0.07256483119339913,0.5700378671220162,prod_ltr_v4,pre,2026,2026_13,0.2458424285693068
2,1,0.18528371074431096,0.055623831599392944,0.7410492272586211,prod_ltr_v4,pre,2026,2026_14,0.2458424285693068
1,0,0.38775327444724944,0.12683531679129573,0.2850189335610081,prod_ltr_v4,pre,2026,2026_15,0.2458424285693068
0,0,0.3728117677031358,0.1299074799133393,0.0,prod_ltr_v4,pre,2026,2026_2,0.2458424285693068
1,1,0.24837629494945937,0.08288090249625588,0.5700378671220162,prod_ltr_v4,pre,2026,2026_3,0.2458424285693068
2,1,0.21467277715121227,0.07027717070121621,0.7410492272586211,prod_ltr_v4,pre,2026,2026_4,0.2458424285693068
1,1,0.30181142120334176,0.0969516722793669,0.5700378671220162,prod_ltr_v4,pre,2026,2026_5,0.2458424285693068
1,1,0.3129105192927832,0.08740932946658517,0.5700378671220162,prod_ltr_v4,pre,2026,2026_6,0.2458424285693068
1,0,0.34502995347153126,0.11736764688035514,0.35965385102969294,prod_ltr_v4,pre,2026,2026_7,0.2458424285693068
2,0,0.18748314826097812,0.058664892493832714,0.6270416538342178,prod_ltr_v4,pre,2026,2026_8,0.2458424285693068
2,0,0.29592151486465174,0.09724458694720689,0.42996213287798374,prod_ltr_v4,pre,2026,2026_9,0.2458424285693068
3,0,0.09031835889380883,0.016535077922606608,0.9410924754941495,xgb_rank_top10,post,2021,2021_1,0.710855606272437
2,0,0.29202999302994515,0.09942413850549979,0.5306652111662978,xgb_rank_top10,post,2021,2021_10,0.710855606272437
1,0,0.4709136083531019,0.1368063874553606,0.4104272643278517,xgb_rank_top10,post,2021,2021_11,0.710855606272437
2,0,0.21859517425564629,0.0571063655291798,0.7016765713029027,xgb_rank_top10,post,2021,2021_12,0.710855606272437
3,0,0.11332165129905676,0.025183971551505153,0.9410924754941495,xgb_rank_top10,post,2021,2021_13,0.710855606272437
1,0,0.4159369517343644,0.1453177213034175,0.20521363216392585,xgb_rank_top10,post,2021,2021_14,0.710855606272437
2,0,0.2704229424624581,0.09075205568070867,0.5306652111662978,xgb_rank_top10,post,2021,2021_15,0.710855606272437
2,0,0.27202367069894906,0.09078152078709795,0.6954461978888599,xgb_rank_top10,post,2021,2021_16,0.710855606272437
2,0,0.15392527933112551,0.04374154817940411,0.7700811153575446,xgb_rank_top10,post,2021,2021_17,0.710855606272437
2,1,0.14487747163621092,0.04142752506244512,0.8289886398633951,xgb_rank_top10,post,2021,2021_18,0.710855606272437
3,0,0.17067064041572616,0.05137722665256204,0.9112385085066755,xgb_rank_top10,post,2021,2021_19,0.710855606272437
2,0,0.21584127833044758,0.06262820775895991,0.7700811153575446,xgb_rank_top10,post,2021,2021_2,0.710855606272437
2,1,0.18898883010478,0.05681476068464747,0.8289886398633951,xgb_rank_top10,post,2021,2021_20,0.710855606272437
3,1,0.09345491645297284,0.020922803509723923,1.0,xgb_rank_top10,post,2021,2021_21,0.710855606272437
2,0,0.19993380693547053,0.056957900661050685,0.7700811153575446,xgb_rank_top10,post,2021,2021_22,0.710855606272437
3,1,0.09173355935897398,0.01948371411168863,0.9910438099037578,xgb_rank_top10,post,2021,2021_3,0.710855606272437
3,1,0.07473480789628874,0.014073986726517565,1.0,xgb_rank_top10,post,2021,2021_4,0.710855606272437
1,0,0.3331929186653441,0.12254611316398109,0.35965385102969294,xgb_rank_top10,post,2021,2021_5,0.710855606272437
0,0,0.6641431619632894,0.20110277599684281,0.0,xgb_rank_top10,post,2021,2021_6,0.710855606272437
2,1,0.14233723508611487,0.04075642089289387,0.8289886398633951,xgb_rank_top10,post,2021,2021_7,0.710855606272437
2,1,0.1671674290179669,0.04945121656901021,0.8289886398633951,xgb_rank_top10,post,2021,2021_8,0.710855606272437
1,1,0.2468305258880374,0.08896581514434301,0.5700378671220162,xgb_rank_top10,post,2021,2021_9,0.710855606272437
2,0,0.25773442763511056,0.08533927560114582,0.5008112441788239,xgb_rank_top10,post,2022,2022_1,0.710855606272437
1,0,0.3160246263736615,0.11333157936007739,0.35965385102969294,xgb_rank_top10,post,2022,2022_10,0.710855606272437
2,0,0.25348557549372963,0.08488534312558597,0.6954461978888599,xgb_rank_top10,post,2022,2022_11,0.710855606272437
1,0,0.3421391614776278,0.12933209072303709,0.2850189335610081,xgb_rank_top10,post,2022,2022_12,0.710855606272437
1,0,0.3261882180931876,0.11756252255149575,0.21579231061781579,xgb_rank_top10,post,2022,2022_13,0.710855606272437
3,1,0.11052138176130408,0.025479146977459705,1.0,xgb_rank_top10,post,2022,2022_14,0.710855606272437
2,1,0.23982012207423947,0.0823964627505881,0.7410492272586211,xgb_rank_top10,post,2022,2022_15,0.710855606272437
3,1,0.11726541932213522,0.028371247093656172,1.0,xgb_rank_top10,post,2022,2022_16,0.710855606272437
1,0,0.20997296167685303,0.07441260851904845,0.4104272643278517,xgb_rank_top10,post,2022,2022_17,0.710855606272437
2,1,0.1606130768668852,0.054890430444008244,0.7410492272586211,xgb_rank_top10,post,2022,2022_18,0.710855606272437
2,1,0.22618452887670534,0.08144763293295657,0.7752514992859421,xgb_rank_top10,post,2022,2022_19,0.710855606272437
2,1,0.16678553801567453,0.054516799150929864,0.7410492272586211,xgb_rank_top10,post,2022,2022_2,0.710855606272437
2,1,0.1585985845768189,0.051566223969107136,0.785830177739832,xgb_rank_top10,post,2022,2022_20,0.710855606272437
2,0,0.3256666805219683,0.10642123322069988,0.5648674831936188,xgb_rank_top10,post,2022,2022_21,0.710855606272437
3,1,0.11665195738642017,0.03166782192378202,0.9910438099037578,xgb_rank_top10,post,2022,2022_22,0.710855606272437
2,0,0.3152520876851698,0.10327252285575003,0.5648674831936188,xgb_rank_top10,post,2022,2022_3,0.710855606272437
2,1,0.2874469111627445,0.09811578317745002,0.7752514992859421,xgb_rank_top10,post,2022,2022_4,0.710855606272437
3,0,0.10708752236994742,0.027412213878350616,0.9410924754941495,xgb_rank_top10,post,2022,2022_5,0.710855606272437
1,0,0.32041527451617163,0.11632722298534806,0.35965385102969294,xgb_rank_top10,post,2022,2022_6,0.710855606272437
2,0,0.15288466829364236,0.04907908201390872,0.42100594278174164,xgb_rank_top10,post,2022,2022_7,0.710855606272437
2,0,0.28404080009784727,0.09154070011152972,0.543969706302387,xgb_rank_top10,post,2022,2022_8,0.710855606272437
2,1,0.15017023178064698,0.04501668082751104,0.8289886398633951,xgb_rank_top10,post,2022,2022_9,0.710855606272437
2,1,0.24554299711909677,0.07438093148382427,0.8289886398633951,xgb_rank_top10,post,2023,2023_1,0.7668649016134386
1,1,0.21762095127520342,0.07180413146754824,0.5700378671220162,xgb_rank_top10,post,2023,2023_10,0.7668649016134386
2,1,0.26164153497383263,0.0903828022229896,0.7752514992859421,xgb_rank_top10,post,2023,2023_11,0.7668649016134386
2,1,0.16468285961959966,0.05197025754202922,0.7752514992859421,xgb_rank_top10,post,2023,2023_12,0.7668649016134386
1,1,0.4298771311446222,0.11200138396791992,0.5700378671220162,xgb_rank_top10,post,2023,2023_13,0.7668649016134386
2,1,0.16142975296065928,0.049655843173281186,0.785830177739832,xgb_rank_top10,post,2023,2023_14,0.7668649016134386
1,0,0.3140201455587902,0.11365704062741022,0.35965385102969294,xgb_rank_top10,post,2023,2023_15,0.7668649016134386
2,1,0.1902612023376437,0.061803743376204964,0.8289886398633951,xgb_rank_top10,post,2023,2023_16,0.7668649016134386
1,1,0.3690862740592018,0.11811967275194184,0.5700378671220162,xgb_rank_top10,post,2023,2023_17,0.7668649016134386
1,1,0.21606574870230294,0.07208625647600174,0.5700378671220162,xgb_rank_top10,post,2023,2023_18,0.7668649016134386
2,1,0.1892116559946187,0.061937495430180026,0.7410492272586211,xgb_rank_top10,post,2023,2023_19,0.7668649016134386
1,1,0.22244815149661576,0.07622250071455036,0.5700378671220162,xgb_rank_top10,post,2023,2023_2,0.7668649016134386
1,1,0.2572813951465852,0.0871969101841335,0.5700378671220162,xgb_rank_top10,post,2023,2023_20,0.7668649016134386
2,1,0.20667651657651756,0.06601695278291297,0.7752514992859421,xgb_rank_top10,post,2023,2023_21,0.7668649016134386
2,1,0.17728697839043608,0.054722018125893515,0.8289886398633951,xgb_rank_top10,post,2023,2023_22,0.7668649016134386
2,1,0.20739132323496787,0.06753825300293384,0.7752514992859421,xgb_rank_top10,post,2023,2023_3,0.7668649016134386
3,0,0.1053808398981074,0.02425492386547124,0.9410924754941495,xgb_rank_top10,post,2023,2023_4,0.7668649016134386
2,0,0.15229662448198028,0.04313242827962454,0.6262195749456675,xgb_rank_top10,post,2023,2023_5,0.7668649016134386
2,1,0.18204460457736474,0.055818246082631404,0.8289886398633951,xgb_rank_top10,post,2023,2023_6,0.7668649016134386
2,1,0.2590863105987495,0.08272508768218968,0.7752514992859421,xgb_rank_top10,post,2023,2023_7,0.7668649016134386
3,1,0.10617119502221117,0.025699251921516182,0.9910438099037578,xgb_rank_top10,post,2023,2023_8,0.7668649016134386
2,1,0.20859302394220633,0.06603892333633964,0.8289886398633951,xgb_rank_top10,post,2023,2023_9,0.7668649016134386
1,1,0.22081345986484896,0.07688022544207469,0.5700378671220162,xgb_rank_top10,post,2024,2024_1,0.7668649016134386
2,0,0.14983034586869032,0.04201796320255835,0.7700811153575446,xgb_rank_top10,post,2024,2024_10,0.7668649016134386
1,0,0.35885196973315053,0.13366022203180478,0.2850189335610081,xgb_rank_top10,post,2024,2024_11,0.7668649016134386
2,0,0.17846927651189598,0.057377843736707713,0.543969706302387,xgb_rank_top10,post,2024,2024_12,0.7668649016134386
2,0,0.27898836845300035,0.09573569371125132,0.543969706302387,xgb_rank_top10,post,2024,2024_13,0.7668649016134386
2,0,0.25297563123624994,0.08736480359725259,0.5306652111662978,xgb_rank_top10,post,2024,2024_14,0.7668649016134386
2,1,0.18929317804705728,0.05946463336150883,0.8289886398633951,xgb_rank_top10,post,2024,2024_15,0.7668649016134386
2,0,0.18913758364925576,0.05985652531877622,0.6009734930145886,xgb_rank_top10,post,2024,2024_16,0.7668649016134386
2,1,0.21968009325679588,0.06943961819439674,0.8289886398633951,xgb_rank_top10,post,2024,2024_17,0.7668649016134386
3,1,0.1150384729742074,0.02716097343731404,1.0,xgb_rank_top10,post,2024,2024_18,0.7668649016134386
2,0,0.30350691373824706,0.09560562095174033,0.42100594278174164,xgb_rank_top10,post,2024,2024_19,0.7668649016134386
3,1,0.13073808477328636,0.036251848195554034,0.9910438099037578,xgb_rank_top10,post,2024,2024_2,0.7668649016134386
2,0,0.1644033502270827,0.05276464018207853,0.6954461978888599,xgb_rank_top10,post,2024,2024_20,0.7668649016134386
0,0,0.6936199148350346,0.18010566335598366,0.0,xgb_rank_top10,post,2024,2024_21,0.7668649016134386
2,0,0.29764416155022094,0.10080829626145146,0.5306652111662978,xgb_rank_top10,post,2024,2024_22,0.7668649016134386
1,1,0.23192605525504276,0.08039727288298269,0.5700378671220162,xgb_rank_top10,post,2024,2024_23,0.7668649016134386
1,1,0.25586680961231484,0.09123838394012364,0.5700378671220162,xgb_rank_top10,post,2024,2024_24,0.7668649016134386
2,0,0.4113663766953418,0.11749903590575354,0.5648674831936188,xgb_rank_top10,post,2024,2024_3,0.7668649016134386
2,1,0.12890946504519685,0.03573604136408763,0.8289886398633951,xgb_rank_top10,post,2024,2024_4,0.7668649016134386
2,1,0.15373848978237603,0.044835846170542634,0.785830177739832,xgb_rank_top10,post,2024,2024_5,0.7668649016134386
2,0,0.20055123070547265,0.06695858049850513,0.6262195749456675,xgb_rank_top10,post,2024,2024_6,0.7668649016134386
3,1,0.136762863857879,0.03877848194007095,1.0,xgb_rank_top10,post,2024,2024_7,0.7668649016134386
2,1,0.1936170586512392,0.06318572176023379,0.7752514992859421,xgb_rank_top10,post,2024,2024_8,0.7668649016134386
3,1,0.13547576624568164,0.03356570157355246,1.0,xgb_rank_top10,post,2024,2024_9,0.7668649016134386
2,1,0.1649560339095289,0.05137191330137022,0.8289886398633951,xgb_rank_top10,post,2025,2025_1,0.7668649016134386
2,1,0.20929477586166914,0.07031588197086755,0.7752514992859421,xgb_rank_top10,post,2025,2025_10,0.7668649016134386
3,1,0.09515914715450942,0.021403351608564266,1.0,xgb_rank_top10,post,2025,2025_11,0.7668649016134386
2,0,0.44287713638396714,0.08508891700006985,0.7700811153575446,xgb_rank_top10,post,2025,2025_12,0.7668649016134386
2,0,0.12410008025655486,0.03661738687845427,0.7700811153575446,xgb_rank_top10,post,2025,2025_13,0.7668649016134386
2,0,0.15489025170661366,0.05161691108068185,0.7700811153575446,xgb_rank_top10,post,2025,2025_14,0.7668649016134386
2,1,0.2764533252158105,0.09359476133497847,0.7752514992859421,xgb_rank_top10,post,2025,2025_15,0.7668649016134386
3,0,0.08692811528539549,0.018462363782803817,0.9112385085066755,xgb_rank_top10,post,2025,2025_16,0.7668649016134386
1,0,0.330688726511226,0.11771115378725365,0.35965385102969294,xgb_rank_top10,post,2025,2025_17,0.7668649016134386
2,1,0.161978662459054,0.05142953912695086,0.8289886398633951,xgb_rank_top10,post,2025,2025_18,0.7668649016134386
2,1,0.15016507045625488,0.046138809152247474,0.8289886398633951,xgb_rank_top10,post,2025,2025_19,0.7668649016134386
3,1,0.13353682128670089,0.036918027704424865,1.0,xgb_rank_top10,post,2025,2025_2,0.7668649016134386
2,1,0.1529373409344618,0.04722748644114932,0.8289886398633951,xgb_rank_top10,post,2025,2025_20,0.7668649016134386
1,1,0.25073627576672963,0.08875925034338286,0.5700378671220162,xgb_rank_top10,post,2025,2025_21,0.7668649016134386
1,0,0.4445213426623475,0.12737058736286358,0.35965385102969294,xgb_rank_top10,post,2025,2025_22,0.7668649016134386
2,0,0.32614890614066555,0.09737614907821525,0.543969706302387,xgb_rank_top10,post,2025,2025_23,0.7668649016134386
3,1,0.0908092304295483,0.022125042110340973,0.9910438099037578,xgb_rank_top10,post,2025,2025_24,0.7668649016134386
3,0,0.10428130324677005,0.024966450477344436,0.9410924754941495,xgb_rank_top10,post,2025,2025_3,0.7668649016134386
2,1,0.15726954708394653,0.04814565003143754,0.785830177739832,xgb_rank_top10,post,2025,2025_4,0.7668649016134386
2,0,0.1604999885012294,0.05041682765667308,0.7700811153575446,xgb_rank_top10,post,2025,2025_5,0.7668649016134386
2,0,0.22726225576553385,0.07760488034830952,0.543969706302387,xgb_rank_top10,post,2025,2025_6,0.7668649016134386
2,0,0.15124022566093723,0.04972913792738515,0.7016765713029027,xgb_rank_top10,post,2025,2025_7,0.7668649016134386
3,1,0.09207891030158823,0.022147627561209925,0.9910438099037578,xgb_rank_top10,post,2025,2025_8,0.7668649016134386
2,1,0.20554291162739607,0.06877895410154537,0.8289886398633951,xgb_rank_top10,post,2025,2025_9,0.7668649016134386
2,1,0.18158400934452573,0.05781972918904492,0.8289886398633951,xgb_rank_top10,post,2026,2026_1,0.7668649016134386
2,1,0.15408522773303213,0.04733651755365099,0.785830177739832,xgb_rank_top10,post,2026,2026_10,0.7668649016134386
2,1,0.2003512012972635,0.06831773321998272,0.7410492272586211,xgb_rank_top10,post,2026,2026_11,0.7668649016134386
3,1,0.1443593175497131,0.04220502891623644,0.9910438099037578,xgb_rank_top10,post,2026,2026_12,0.7668649016134386
1,0,0.22814747524674936,0.07706911585681361,0.4104272643278517,xgb_rank_top10,post,2026,2026_13,0.7668649016134386
3,1,0.11951730617398298,0.031797784663465174,0.9910438099037578,xgb_rank_top10,post,2026,2026_14,0.7668649016134386
1,1,0.2635813582007324,0.09062559944459017,0.5700378671220162,xgb_rank_top10,post,2026,2026_15,0.7668649016134386
2,1,0.14449109607302116,0.042032666669845446,0.8289886398633951,xgb_rank_top10,post,2026,2026_2,0.7668649016134386
2,1,0.17912265302239136,0.060836751346721,0.7752514992859421,xgb_rank_top10,post,2026,2026_3,0.7668649016134386
2,1,0.232183693525307,0.0813691844584216,0.7752514992859421,xgb_rank_top10,post,2026,2026_4,0.7668649016134386
1,0,0.3232007445633172,0.11621502753142415,0.35965385102969294,xgb_rank_top10,post,2026,2026_5,0.7668649016134386
2,1,0.2505407891848868,0.07885271892177081,0.7752514992859421,xgb_rank_top10,post,2026,2026_6,0.7668649016134386
2,0,0.17626836380079128,0.058911905119827315,0.6954461978888599,xgb_rank_top10,post,2026,2026_7,0.7668649016134386
2,1,0.17808524792742877,0.05717059373661209,0.785830177739832,xgb_rank_top10,post,2026,2026_8,0.7668649016134386
2,0,0.23468963481910715,0.07773935592191229,0.5648674831936188,xgb_rank_top10,post,2026,2026_9,0.7668649016134386
3,1,0.14595341938056874,0.03551573813556392,0.9910438099037578,xgb_rank_top10,pre,2021,2021_1,0.8272872467171695
1,1,0.2852363825612521,0.09762189489440543,0.5700378671220162,xgb_rank_top10,pre,2021,2021_10,0.8272872467171695
1,0,0.4349880068555055,0.13025716044667618,0.4104272643278517,xgb_rank_top10,pre,2021,2021_11,0.8272872467171695
2,0,0.3559733611383721,0.07013929275259762,0.7016765713029027,xgb_rank_top10,pre,2021,2021_12,0.8272872467171695
3,0,0.14261850257944111,0.03389111036240126,0.9410924754941495,xgb_rank_top10,pre,2021,2021_13,0.8272872467171695
1,0,0.38648787089835585,0.13226950099464507,0.21579231061781579,xgb_rank_top10,pre,2021,2021_14,0.8272872467171695
2,1,0.2251432765560067,0.06524883617762964,0.8289886398633951,xgb_rank_top10,pre,2021,2021_15,0.8272872467171695
2,0,0.2985199170642826,0.10009891624424774,0.543969706302387,xgb_rank_top10,pre,2021,2021_16,0.8272872467171695
2,0,0.17148891355035462,0.04857105016469205,0.7700811153575446,xgb_rank_top10,pre,2021,2021_17,0.8272872467171695
2,1,0.16227339783667177,0.044697074554835806,0.8289886398633951,xgb_rank_top10,pre,2021,2021_18,0.8272872467171695
3,0,0.15824936005596843,0.04243042758757502,0.9410924754941495,xgb_rank_top10,pre,2021,2021_19,0.8272872467171695
2,0,0.243079601589286,0.07284343376456648,0.6954461978888599,xgb_rank_top10,pre,2021,2021_2,0.8272872467171695
2,1,0.2901839998117781,0.07387270949543835,0.8289886398633951,xgb_rank_top10,pre,2021,2021_20,0.8272872467171695
3,1,0.1528819597512344,0.03888802490981823,1.0,xgb_rank_top10,pre,2021,2021_21,0.8272872467171695
2,0,0.22469405406018064,0.06625341834309702,0.7700811153575446,xgb_rank_top10,pre,2021,2021_22,0.8272872467171695
3,1,0.120702848012322,0.027663989496527354,1.0,xgb_rank_top10,pre,2021,2021_3,0.8272872467171695
3,1,0.10838033254880267,0.023168764345695016,1.0,xgb_rank_top10,pre,2021,2021_4,0.8272872467171695
1,0,0.4307640475311308,0.14522533015268274,0.35965385102969294,xgb_rank_top10,pre,2021,2021_5,0.8272872467171695
0,0,0.6497096728291079,0.20344336811016994,0.0,xgb_rank_top10,pre,2021,2021_6,0.8272872467171695
3,1,0.17540537508044654,0.04900922780277976,1.0,xgb_rank_top10,pre,2021,2021_7,0.8272872467171695
2,1,0.17333350793416274,0.05053905070682433,0.8289886398633951,xgb_rank_top10,pre,2021,2021_8,0.8272872467171695
1,1,0.278176925236166,0.09584431693940304,0.5700378671220162,xgb_rank_top10,pre,2021,2021_9,0.8272872467171695
1,0,0.3110047358492991,0.10516320655094018,0.34202272027320973,xgb_rank_top10,pre,2022,2022_1,0.8272872467171695
2,1,0.23263600331526185,0.0775267766124769,0.7752514992859421,xgb_rank_top10,pre,2022,2022_10,0.8272872467171695
1,0,0.2442021907532458,0.08591519333338143,0.4104272643278517,xgb_rank_top10,pre,2022,2022_11,0.8272872467171695
0,0,0.32256501823318573,0.12020262259367634,0.0,xgb_rank_top10,pre,2022,2022_12,0.8272872467171695
0,0,0.3233159673273888,0.12148390207240296,0.0,xgb_rank_top10,pre,2022,2022_13,0.8272872467171695
3,1,0.18640768292408277,0.0572364357447247,1.0,xgb_rank_top10,pre,2022,2022_14,0.8272872467171695
1,0,0.2631279389103364,0.09375163872934765,0.35965385102969294,xgb_rank_top10,pre,2022,2022_15,0.8272872467171695
2,1,0.20167109820152063,0.06526324473880617,0.7752514992859421,xgb_rank_top10,pre,2022,2022_16,0.8272872467171695
1,0,0.2802107147587144,0.10147769961435557,0.2589507727413789,xgb_rank_top10,pre,2022,2022_17,0.8272872467171695
3,1,0.15625810151855918,0.04637616016676018,0.9910438099037578,xgb_rank_top10,pre,2022,2022_18,0.8272872467171695
1,1,0.2370126351778088,0.08365633047419471,0.5700378671220162,xgb_rank_top10,pre,2022,2022_19,0.8272872467171695
2,1,0.20468135579696992,0.06619033465814131,0.7410492272586211,xgb_rank_top10,pre,2022,2022_2,0.8272872467171695
2,1,0.18419702619629225,0.058408288636498926,0.785830177739832,xgb_rank_top10,pre,2022,2022_20,0.8272872467171695
0,0,0.35644056256114753,0.1353321695785499,0.0,xgb_rank_top10,pre,2022,2022_21,0.8272872467171695
2,1,0.1815036973210141,0.05771074235310417,0.7752514992859421,xgb_rank_top10,pre,2022,2022_22,0.8272872467171695
1,0,0.31864225275790126,0.11413648781039269,0.2850189335610081,xgb_rank_top10,pre,2022,2022_3,0.8272872467171695
1,1,0.3451000711099047,0.10866718566562536,0.5700378671220162,xgb_rank_top10,pre,2022,2022_4,0.8272872467171695
2,1,0.15581391912114004,0.047221551141438146,0.8289886398633951,xgb_rank_top10,pre,2022,2022_5,0.8272872467171695
2,1,0.28463683131427187,0.09771235697798003,0.7752514992859421,xgb_rank_top10,pre,2022,2022_6,0.8272872467171695
2,0,0.1759276780920516,0.054674281031589375,0.6270416538342178,xgb_rank_top10,pre,2022,2022_7,0.8272872467171695
2,0,0.23291733571165235,0.07806351070689765,0.6954461978888599,xgb_rank_top10,pre,2022,2022_8,0.8272872467171695
1,1,0.2552869826542416,0.0882623219805972,0.5700378671220162,xgb_rank_top10,pre,2022,2022_9,0.8272872467171695
1,1,0.3385684781410593,0.09237543594123833,0.5700378671220162,xgb_rank_top10,pre,2023,2023_1,0.8272872467171695
2,1,0.315073825930943,0.0916259735330544,0.7410492272586211,xgb_rank_top10,pre,2023,2023_10,0.8272872467171695
2,1,0.28721090176617614,0.08922921664013374,0.7410492272586211,xgb_rank_top10,pre,2023,2023_11,0.8272872467171695
2,1,0.21249564206337235,0.0682094905191041,0.7752514992859421,xgb_rank_top10,pre,2023,2023_12,0.8272872467171695
1,1,0.3713668175083954,0.10074621681564093,0.5700378671220162,xgb_rank_top10,pre,2023,2023_13,0.8272872467171695
2,1,0.19350879147124372,0.05918264725911406,0.8289886398633951,xgb_rank_top10,pre,2023,2023_14,0.8272872467171695
1,0,0.49374884069188696,0.15823561690710547,0.17101136013660487,xgb_rank_top10,pre,2023,2023_15,0.8272872467171695
1,1,0.38487636259419616,0.11546314320113613,0.5700378671220162,xgb_rank_top10,pre,2023,2023_16,0.8272872467171695
1,1,0.33346621306716484,0.1049429309499994,0.5700378671220162,xgb_rank_top10,pre,2023,2023_17,0.8272872467171695
2,1,0.2376047874684581,0.07595298991952791,0.785830177739832,xgb_rank_top10,pre,2023,2023_18,0.8272872467171695
1,1,0.22842484641129301,0.07450690345463395,0.5700378671220162,xgb_rank_top10,pre,2023,2023_19,0.8272872467171695
2,0,0.24434915973298135,0.07211185560812153,0.7700811153575446,xgb_rank_top10,pre,2023,2023_2,0.8272872467171695
1,1,0.34162257937528506,0.10518565134269935,0.5700378671220162,xgb_rank_top10,pre,2023,2023_20,0.8272872467171695
1,1,0.21874532378249817,0.07026019526137843,0.5700378671220162,xgb_rank_top10,pre,2023,2023_21,0.8272872467171695
2,1,0.1952988385606993,0.062311625227559064,0.8289886398633951,xgb_rank_top10,pre,2023,2023_22,0.8272872467171695
1,0,0.33351340460471,0.11906811156522794,0.35965385102969294,xgb_rank_top10,pre,2023,2023_3,0.8272872467171695
2,0,0.22767185676230653,0.07441354881179219,0.6954461978888599,xgb_rank_top10,pre,2023,2023_4,0.8272872467171695
2,1,0.172541895559772,0.050290230903237663,0.8289886398633951,xgb_rank_top10,pre,2023,2023_5,0.8272872467171695
2,1,0.35589474316855096,0.10250596659634681,0.7752514992859421,xgb_rank_top10,pre,2023,2023_6,0.8272872467171695
1,1,0.24493075223052982,0.08188275246030566,0.5700378671220162,xgb_rank_top10,pre,2023,2023_7,0.8272872467171695
2,1,0.21152712545763164,0.06809854951672202,0.7410492272586211,xgb_rank_top10,pre,2023,2023_8,0.8272872467171695
2,1,0.22351790262102914,0.07290658085745608,0.7410492272586211,xgb_rank_top10,pre,2023,2023_9,0.8272872467171695
2,1,0.19182427536563101,0.0560048240812258,0.8289886398633951,xgb_rank_top10,pre,2024,2024_1,0.8924703518715341
2,1,0.2540236548498321,0.08047788135420408,0.8289886398633951,xgb_rank_top10,pre,2024,2024_10,0.8924703518715341
0,0,0.350838651618229,0.1292352713260663,0.0,xgb_rank_top10,pre,2024,2024_11,0.8924703518715341
2,0,0.23422280113554983,0.07513629039666318,0.5814386244644566,xgb_rank_top10,pre,2024,2024_12,0.8924703518715341
2,0,0.2869932704851109,0.1009791932136995,0.543969706302387,xgb_rank_top10,pre,2024,2024_13,0.8924703518715341
1,0,0.31304604725480284,0.11384492607955295,0.20521363216392585,xgb_rank_top10,pre,2024,2024_14,0.8924703518715341
2,0,0.1884061657550541,0.05654280535442374,0.7700811153575446,xgb_rank_top10,pre,2024,2024_15,0.8924703518715341
2,0,0.2380545786536739,0.08053544203365665,0.42996213287798374,xgb_rank_top10,pre,2024,2024_16,0.8924703518715341
1,0,0.27085208498675667,0.09479482983870344,0.35965385102969294,xgb_rank_top10,pre,2024,2024_17,0.8924703518715341
3,0,0.167785220940435,0.04681118170570405,0.9068902034668286,xgb_rank_top10,pre,2024,2024_18,0.8924703518715341
1,0,0.3468522458460198,0.12715525435298924,0.2850189335610081,xgb_rank_top10,pre,2024,2024_19,0.8924703518715341
3,1,0.14869147299294597,0.038754565594504284,1.0,xgb_rank_top10,pre,2024,2024_2,0.8924703518715341
2,0,0.22999424716971034,0.07727108759793129,0.5814386244644566,xgb_rank_top10,pre,2024,2024_20,0.8924703518715341
1,1,0.6900417668986629,0.1557123477573949,0.5700378671220162,xgb_rank_top10,pre,2024,2024_21,0.8924703518715341
0,0,0.4334037387744994,0.16237548553985406,0.0,xgb_rank_top10,pre,2024,2024_22,0.8924703518715341
2,0,0.2335677483888055,0.0777335512284233,0.6954461978888599,xgb_rank_top10,pre,2024,2024_23,0.8924703518715341
2,0,0.24369870434541796,0.08368971337869258,0.5008112441788239,xgb_rank_top10,pre,2024,2024_24,0.8924703518715341
1,0,0.3939301239700697,0.13913123796870275,0.20521363216392585,xgb_rank_top10,pre,2024,2024_3,0.8924703518715341
2,1,0.17319685908212856,0.05243476417821809,0.7410492272586211,xgb_rank_top10,pre,2024,2024_4,0.8924703518715341
2,1,0.18394567058693967,0.05556206147060977,0.785830177739832,xgb_rank_top10,pre,2024,2024_5,0.8924703518715341
2,0,0.20635212308467005,0.0653582438854077,0.6954461978888599,xgb_rank_top10,pre,2024,2024_6,0.8924703518715341
1,1,0.21573965040186857,0.07255228434169365,0.5700378671220162,xgb_rank_top10,pre,2024,2024_7,0.8924703518715341
1,0,0.31907103035748824,0.11693316889966358,0.2850189335610081,xgb_rank_top10,pre,2024,2024_8,0.8924703518715341
2,1,0.25842600681428407,0.08427628949383817,0.8289886398633951,xgb_rank_top10,pre,2024,2024_9,0.8924703518715341
2,0,0.2364904128493223,0.07548801447212129,0.7700811153575446,xgb_rank_top10,pre,2025,2025_1,0.8924703518715341
1,0,0.37563590712711276,0.13528366704161737,0.20521363216392585,xgb_rank_top10,pre,2025,2025_10,0.8924703518715341
2,0,0.1735470904053066,0.052696375516729274,0.7700811153575446,xgb_rank_top10,pre,2025,2025_11,0.8924703518715341
2,0,0.34341268811679143,0.06864892826590172,0.7700811153575446,xgb_rank_top10,pre,2025,2025_12,0.8924703518715341
2,0,0.17913483326446217,0.05343462001671602,0.7700811153575446,xgb_rank_top10,pre,2025,2025_13,0.8924703518715341
2,0,0.1552828900413853,0.0441760648434066,0.7700811153575446,xgb_rank_top10,pre,2025,2025_14,0.8924703518715341
1,0,0.4244268993088397,0.12685368613408615,0.35965385102969294,xgb_rank_top10,pre,2025,2025_15,0.8924703518715341
2,0,0.14984453903701553,0.04211731669023997,0.6262195749456675,xgb_rank_top10,pre,2025,2025_16,0.8924703518715341
1,0,0.5563309479954378,0.17768205970101267,0.2850189335610081,xgb_rank_top10,pre,2025,2025_17,0.8924703518715341
2,0,0.22616285354906823,0.07663665379617057,0.42100594278174164,xgb_rank_top10,pre,2025,2025_18,0.8924703518715341
2,0,0.25833464095566205,0.08869156201145023,0.543969706302387,xgb_rank_top10,pre,2025,2025_19,0.8924703518715341
3,0,0.16719219561514223,0.04871223196307277,0.9410924754941495,xgb_rank_top10,pre,2025,2025_2,0.8924703518715341
2,0,0.2302422094419822,0.07677155804620475,0.5008112441788239,xgb_rank_top10,pre,2025,2025_20,0.8924703518715341
2,1,0.2368500747357462,0.07400137601635276,0.785830177739832,xgb_rank_top10,pre,2025,2025_21,0.8924703518715341
1,0,0.328238968280196,0.12129481825069237,0.2850189335610081,xgb_rank_top10,pre,2025,2025_22,0.8924703518715341
2,0,0.4011824408809053,0.12024925847658578,0.5648674831936188,xgb_rank_top10,pre,2025,2025_23,0.8924703518715341
3,1,0.11443746298372903,0.026153968109007202,0.9910438099037578,xgb_rank_top10,pre,2025,2025_24,0.8924703518715341
2,0,0.15934397903820624,0.04595514009099657,0.6262195749456675,xgb_rank_top10,pre,2025,2025_3,0.8924703518715341
3,1,0.15105289264698366,0.04104124767466884,0.9910438099037578,xgb_rank_top10,pre,2025,2025_4,0.8924703518715341
1,1,0.20590682544703545,0.06922183960826879,0.5700378671220162,xgb_rank_top10,pre,2025,2025_5,0.8924703518715341
3,1,0.166328666618057,0.04974843319738379,1.0,xgb_rank_top10,pre,2025,2025_6,0.8924703518715341
2,0,0.1928238277850709,0.06186433602123302,0.6270416538342178,xgb_rank_top10,pre,2025,2025_7,0.8924703518715341
2,0,0.21452309615450052,0.06939122302821807,0.6270416538342178,xgb_rank_top10,pre,2025,2025_8,0.8924703518715341
2,1,0.18375196103525945,0.05532620139932269,0.8289886398633951,xgb_rank_top10,pre,2025,2025_9,0.8924703518715341
0,0,0.35822340583829726,0.1301839482354355,0.0,xgb_rank_top10,pre,2026,2026_1,0.8924703518715341
2,1,0.2247622772959449,0.07554363142901602,0.7752514992859421,xgb_rank_top10,pre,2026,2026_10,0.8924703518715341
1,0,0.22177800776037165,0.07389050842025396,0.34202272027320973,xgb_rank_top10,pre,2026,2026_11,0.8924703518715341
2,0,0.20211344098223807,0.06603519537699766,0.5814386244644566,xgb_rank_top10,pre,2026,2026_12,0.8924703518715341
2,1,0.21939728935457595,0.07397138985917397,0.7752514992859421,xgb_rank_top10,pre,2026,2026_13,0.8924703518715341
1,1,0.21463525289711152,0.07254370188623725,0.5700378671220162,xgb_rank_top10,pre,2026,2026_14,0.8924703518715341
1,0,0.3250034547102471,0.11423453305527938,0.35965385102969294,xgb_rank_top10,pre,2026,2026_15,0.8924703518715341
2,0,0.23804867343165392,0.07477639637277002,0.7700811153575446,xgb_rank_top10,pre,2026,2026_2,0.8924703518715341
2,1,0.22716980567507197,0.07813211736742093,0.7410492272586211,xgb_rank_top10,pre,2026,2026_3,0.8924703518715341
2,1,0.19987441073726353,0.06791054228074875,0.7410492272586211,xgb_rank_top10,pre,2026,2026_4,0.8924703518715341
1,1,0.28011062496323585,0.09826653243492228,0.5700378671220162,xgb_rank_top10,pre,2026,2026_5,0.8924703518715341
1,1,0.3173788251870128,0.09895033301721474,0.5700378671220162,xgb_rank_top10,pre,2026,2026_6,0.8924703518715341
2,0,0.2748128717872467,0.09838145885678914,0.543969706302387,xgb_rank_top10,pre,2026,2026_7,0.8924703518715341
2,0,0.18017596050192242,0.05496155598106747,0.7016765713029027,xgb_rank_top10,pre,2026,2026_8,0.8924703518715341
2,0,0.25284824803661426,0.08891797841883159,0.42996213287798374,xgb_rank_top10,pre,2026,2026_9,0.8924703518715341
2,0,0.23023075523581776,0.07812312805730119,0.5306652111662978,xgb_rank_top10@2018,post,2022,2022_1,0.7668649016134386
1,0,0.3207384273887632,0.12109985386492843,0.2850189335610081,xgb_rank_top10@2018,post,2022,2022_10,0.7668649016134386
2,0,0.24138327815816546,0.08024518264774819,0.6954461978888599,xgb_rank_top10@2018,post,2022,2022_11,0.7668649016134386
1,0,0.30360380057964975,0.11245603543033304,0.2850189335610081,xgb_rank_top10@2018,post,2022,2022_12,0.7668649016134386
1,0,0.2806315011435895,0.09927744512256073,0.34202272027320973,xgb_rank_top10@2018,post,2022,2022_13,0.7668649016134386
2,0,0.15135949098602097,0.04257960700799565,0.6009734930145886,xgb_rank_top10@2018,post,2022,2022_14,0.7668649016134386
2,1,0.20660393068823107,0.07134076962818421,0.7410492272586211,xgb_rank_top10@2018,post,2022,2022_15,0.7668649016134386
3,1,0.1404802317124562,0.03557502986730575,1.0,xgb_rank_top10@2018,post,2022,2022_16,0.7668649016134386
2,0,0.248825147262031,0.08738808214633587,0.543969706302387,xgb_rank_top10@2018,post,2022,2022_17,0.7668649016134386
2,1,0.17336683705850767,0.05676678911212999,0.7410492272586211,xgb_rank_top10@2018,post,2022,2022_18,0.7668649016134386
1,1,0.22208784547042523,0.07919813266276067,0.5700378671220162,xgb_rank_top10@2018,post,2022,2022_19,0.7668649016134386
3,0,0.1390456072705068,0.037264288554112866,0.9112385085066755,xgb_rank_top10@2018,post,2022,2022_2,0.7668649016134386
2,1,0.19256551410657233,0.06609934224202361,0.7410492272586211,xgb_rank_top10@2018,post,2022,2022_20,0.7668649016134386
2,0,0.3118261545866968,0.10150354933070167,0.5648674831936188,xgb_rank_top10@2018,post,2022,2022_21,0.7668649016134386
3,1,0.1254124634676389,0.03315100967600458,0.9910438099037578,xgb_rank_top10@2018,post,2022,2022_22,0.7668649016134386
2,1,0.24123597503212743,0.0730465181325821,0.8289886398633951,xgb_rank_top10@2018,post,2022,2022_3,0.7668649016134386
2,1,0.22932577254287506,0.07738727917724661,0.7752514992859421,xgb_rank_top10@2018,post,2022,2022_4,0.7668649016134386
3,1,0.1460161993314519,0.039719860025936825,1.0,xgb_rank_top10@2018,post,2022,2022_5,0.7668649016134386
1,0,0.3278540186413101,0.12226686013699688,0.2850189335610081,xgb_rank_top10@2018,post,2022,2022_6,0.7668649016134386
2,0,0.14737914853901862,0.04442864916355113,0.6954461978888599,xgb_rank_top10@2018,post,2022,2022_7,0.7668649016134386
2,0,0.2878900419728177,0.09672561542056679,0.6954461978888599,xgb_rank_top10@2018,post,2022,2022_8,0.7668649016134386
2,1,0.15780693821071573,0.04687067262862605,0.8289886398633951,xgb_rank_top10@2018,post,2022,2022_9,0.7668649016134386
2,1,0.24050605503623737,0.07000014236568777,0.8289886398633951,xgb_rank_top10@2018,post,2023,2023_1,0.7668649016134386
1,1,0.227586614808554,0.07697419447088848,0.5700378671220162,xgb_rank_top10@2018,post,2023,2023_10,0.7668649016134386
2,1,0.2550028347362621,0.09037372510706147,0.7752514992859421,xgb_rank_top10@2018,post,2023,2023_11,0.7668649016134386
2,1,0.14296910863694423,0.04123706515620797,0.8289886398633951,xgb_rank_top10@2018,post,2023,2023_12,0.7668649016134386
1,1,0.45420956626520076,0.12268933438658144,0.5700378671220162,xgb_rank_top10@2018,post,2023,2023_13,0.7668649016134386
2,1,0.15226901116154704,0.04623327958736261,0.785830177739832,xgb_rank_top10@2018,post,2023,2023_14,0.7668649016134386
1,0,0.33728769397531494,0.12314575857005623,0.35965385102969294,xgb_rank_top10@2018,post,2023,2023_15,0.7668649016134386
2,1,0.20693748274029802,0.06855071375808205,0.8289886398633951,xgb_rank_top10@2018,post,2023,2023_16,0.7668649016134386
1,1,0.3725665953876397,0.1202683933329916,0.5700378671220162,xgb_rank_top10@2018,post,2023,2023_17,0.7668649016134386
2,1,0.23231396656450592,0.07941002864131405,0.7752514992859421,xgb_rank_top10@2018,post,2023,2023_18,0.7668649016134386
2,1,0.18228136079225943,0.05905400135607295,0.785830177739832,xgb_rank_top10@2018,post,2023,2023_19,0.7668649016134386
1,1,0.2642990593760623,0.0911095276296469,0.5700378671220162,xgb_rank_top10@2018,post,2023,2023_2,0.7668649016134386
1,1,0.26404705617359037,0.08971769115557585,0.5700378671220162,xgb_rank_top10@2018,post,2023,2023_20,0.7668649016134386
2,1,0.221444881317665,0.07191878754333564,0.7752514992859421,xgb_rank_top10@2018,post,2023,2023_21,0.7668649016134386
2,1,0.19850947550389597,0.06376491515733351,0.8289886398633951,xgb_rank_top10@2018,post,2023,2023_22,0.7668649016134386
2,1,0.20062401993357723,0.06638327170202783,0.7752514992859421,xgb_rank_top10@2018,post,2023,2023_3,0.7668649016134386
3,0,0.1134959126519669,0.02678990006111906,0.9410924754941495,xgb_rank_top10@2018,post,2023,2023_4,0.7668649016134386
2,0,0.14052857736629076,0.03979141683221242,0.6262195749456675,xgb_rank_top10@2018,post,2023,2023_5,0.7668649016134386
2,1,0.1825162486461464,0.055188077284894596,0.8289886398633951,xgb_rank_top10@2018,post,2023,2023_6,0.7668649016134386
2,1,0.2569746784782678,0.08513922354554555,0.7752514992859421,xgb_rank_top10@2018,post,2023,2023_7,0.7668649016134386
3,1,0.083023122269956,0.016944694551230086,1.0,xgb_rank_top10@2018,post,2023,2023_8,0.7668649016134386
2,1,0.21358257278298803,0.06508193062688225,0.8289886398633951,xgb_rank_top10@2018,post,2023,2023_9,0.7668649016134386
1,1,0.2373505248119275,0.0842366457002901,0.5700378671220162,xgb_rank_top10@2018,post,2024,2024_1,0.7668649016134386
3,0,0.11696701528607764,0.02909768466159026,0.9410924754941495,xgb_rank_top10@2018,post,2024,2024_10,0.7668649016134386
1,0,0.40683934220880313,0.14582085297405037,0.2850189335610081,xgb_rank_top10@2018,post,2024,2024_11,0.7668649016134386
2,0,0.16133107502040747,0.0513791780261739,0.6954461978888599,xgb_rank_top10@2018,post,2024,2024_12,0.7668649016134386
2,0,0.2648742842210856,0.08885048881799582,0.543969706302387,xgb_rank_top10@2018,post,2024,2024_13,0.7668649016134386
2,0,0.33294332694909906,0.11603191284607298,0.5008112441788239,xgb_rank_top10@2018,post,2024,2024_14,0.7668649016134386
2,0,0.17330595876092808,0.05301913616426449,0.7700811153575446,xgb_rank_top10@2018,post,2024,2024_15,0.7668649016134386
2,0,0.19066691683303538,0.06076370967467541,0.6009734930145886,xgb_rank_top10@2018,post,2024,2024_16,0.7668649016134386
2,0,0.24471523038030382,0.07872174905767068,0.7700811153575446,xgb_rank_top10@2018,post,2024,2024_17,0.7668649016134386
3,1,0.10917623889169666,0.025004225194328628,1.0,xgb_rank_top10@2018,post,2024,2024_18,0.7668649016134386
2,0,0.2874566082862028,0.09304136335363679,0.42100594278174164,xgb_rank_top10@2018,post,2024,2024_19,0.7668649016134386
3,1,0.12501982718893156,0.035563163424648006,1.0,xgb_rank_top10@2018,post,2024,2024_2,0.7668649016134386
2,0,0.2019086647975002,0.0674639942563124,0.543969706302387,xgb_rank_top10@2018,post,2024,2024_20,0.7668649016134386
1,0,0.734534397505693,0.18429123932262298,0.2850189335610081,xgb_rank_top10@2018,post,2024,2024_21,0.7668649016134386
1,0,0.3280540643432722,0.1122424659128041,0.21579231061781579,xgb_rank_top10@2018,post,2024,2024_22,0.7668649016134386
1,1,0.2557644424084251,0.09283838842969845,0.5700378671220162,xgb_rank_top10@2018,post,2024,2024_23,0.7668649016134386
2,1,0.25755313042385564,0.08881876895288664,0.7752514992859421,xgb_rank_top10@2018,post,2024,2024_24,0.7668649016134386
1,0,0.45508454628233974,0.12518618202730422,0.35965385102969294,xgb_rank_top10@2018,post,2024,2024_3,0.7668649016134386
2,1,0.13913512197446737,0.0401505728119382,0.8289886398633951,xgb_rank_top10@2018,post,2024,2024_4,0.7668649016134386
2,1,0.15990732208844285,0.04692686883345545,0.785830177739832,xgb_rank_top10@2018,post,2024,2024_5,0.7668649016134386
2,0,0.1985733058364978,0.06445966049774984,0.6262195749456675,xgb_rank_top10@2018,post,2024,2024_6,0.7668649016134386
3,1,0.1408226103724596,0.03907872622205637,1.0,xgb_rank_top10@2018,post,2024,2024_7,0.7668649016134386
2,0,0.20889272318007296,0.07086793852189437,0.5648674831936188,xgb_rank_top10@2018,post,2024,2024_8,0.7668649016134386
3,1,0.12340917381544551,0.029506992995789072,0.9910438099037578,xgb_rank_top10@2018,post,2024,2024_9,0.7668649016134386
2,1,0.1981670878638075,0.06507675632381092,0.7752514992859421,xgb_rank_top10@2018,post,2025,2025_1,0.8272872467171695
2,0,0.2192082707271815,0.07318881948271069,0.543969706302387,xgb_rank_top10@2018,post,2025,2025_10,0.8272872467171695
3,1,0.09548853088595317,0.020053673463210485,1.0,xgb_rank_top10@2018,post,2025,2025_11,0.8272872467171695
2,0,0.4635442918502359,0.10402473327011377,0.543969706302387,xgb_rank_top10@2018,post,2025,2025_12,0.8272872467171695
3,1,0.1024882902374139,0.024356284403938173,1.0,xgb_rank_top10@2018,post,2025,2025_13,0.8272872467171695
2,0,0.16592276698364966,0.05356131583867657,0.6954461978888599,xgb_rank_top10@2018,post,2025,2025_14,0.8272872467171695
2,1,0.2510559125590798,0.08565831201325268,0.7752514992859421,xgb_rank_top10@2018,post,2025,2025_15,0.8272872467171695
3,0,0.10028625718965864,0.021820210648454814,0.9112385085066755,xgb_rank_top10@2018,post,2025,2025_16,0.8272872467171695
1,0,0.3130056347443693,0.10907641636007599,0.35965385102969294,xgb_rank_top10@2018,post,2025,2025_17,0.8272872467171695
2,0,0.16699523895774643,0.05293078358536387,0.7700811153575446,xgb_rank_top10@2018,post,2025,2025_18,0.8272872467171695
3,1,0.12955542549034282,0.03714305302839962,1.0,xgb_rank_top10@2018,post,2025,2025_19,0.8272872467171695
3,1,0.14277477187365809,0.038783100673632005,1.0,xgb_rank_top10@2018,post,2025,2025_2,0.8272872467171695
3,1,0.13623174600707555,0.038916551056624615,1.0,xgb_rank_top10@2018,post,2025,2025_20,0.8272872467171695
1,1,0.2387051533864438,0.08477375152252761,0.5700378671220162,xgb_rank_top10@2018,post,2025,2025_21,0.8272872467171695
2,0,0.3950195815305319,0.11553480815042812,0.5648674831936188,xgb_rank_top10@2018,post,2025,2025_22,0.8272872467171695
2,0,0.3224213394490462,0.09502654626695617,0.5648674831936188,xgb_rank_top10@2018,post,2025,2025_23,0.8272872467171695
3,1,0.1136285663991378,0.030813019412291566,0.9910438099037578,xgb_rank_top10@2018,post,2025,2025_24,0.8272872467171695
3,0,0.11269009252699999,0.026890705949759,0.9410924754941495,xgb_rank_top10@2018,post,2025,2025_3,0.8272872467171695
3,1,0.157243834441505,0.0453065712281429,0.9910438099037578,xgb_rank_top10@2018,post,2025,2025_4,0.8272872467171695
2,0,0.17599964734695772,0.05648234206143343,0.7700811153575446,xgb_rank_top10@2018,post,2025,2025_5,0.8272872467171695
2,0,0.2441486350469348,0.08340235813473423,0.543969706302387,xgb_rank_top10@2018,post,2025,2025_6,0.8272872467171695
2,1,0.1528762738757572,0.047263627492769175,0.785830177739832,xgb_rank_top10@2018,post,2025,2025_7,0.8272872467171695
3,1,0.08502409585316285,0.016419798511898197,0.9910438099037578,xgb_rank_top10@2018,post,2025,2025_8,0.8272872467171695
2,1,0.20649866817767465,0.06784170255909645,0.8289886398633951,xgb_rank_top10@2018,post,2025,2025_9,0.8272872467171695
2,1,0.17225498029109587,0.05428884090005684,0.8289886398633951,xgb_rank_top10@2018,post,2026,2026_1,0.7668649016134386
2,0,0.1745864473023502,0.055013840185518366,0.7016765713029027,xgb_rank_top10@2018,post,2026,2026_10,0.7668649016134386
2,1,0.21175239158584816,0.07380636656636212,0.7410492272586211,xgb_rank_top10@2018,post,2026,2026_11,0.7668649016134386
3,0,0.13847090718867014,0.039232417596040875,0.9068902034668286,xgb_rank_top10@2018,post,2026,2026_12,0.7668649016134386
1,0,0.23139745472680048,0.07974455852181858,0.4104272643278517,xgb_rank_top10@2018,post,2026,2026_13,0.7668649016134386
3,1,0.10278345770336307,0.025708040332720408,0.9910438099037578,xgb_rank_top10@2018,post,2026,2026_14,0.7668649016134386
1,1,0.2683478723141934,0.09216697768182591,0.5700378671220162,xgb_rank_top10@2018,post,2026,2026_15,0.7668649016134386
2,1,0.14139254254062048,0.04205285125603652,0.8289886398633951,xgb_rank_top10@2018,post,2026,2026_2,0.7668649016134386
2,1,0.16441698414100858,0.05446670672213159,0.7752514992859421,xgb_rank_top10@2018,post,2026,2026_3,0.7668649016134386
1,1,0.2934044679849055,0.10439810116583433,0.5700378671220162,xgb_rank_top10@2018,post,2026,2026_4,0.7668649016134386
1,0,0.36912327307416515,0.12540415139429725,0.35965385102969294,xgb_rank_top10@2018,post,2026,2026_5,0.7668649016134386
2,1,0.256762153580752,0.08224997006925087,0.7752514992859421,xgb_rank_top10@2018,post,2026,2026_6,0.7668649016134386
2,0,0.15070201678612324,0.04761068680652015,0.7700811153575446,xgb_rank_top10@2018,post,2026,2026_7,0.7668649016134386
2,1,0.21170656555419534,0.0737334461264077,0.7410492272586211,xgb_rank_top10@2018,post,2026,2026_8,0.7668649016134386
2,0,0.2219972845025449,0.07461603927365502,0.5648674831936188,xgb_rank_top10@2018,post,2026,2026_9,0.7668649016134386
1,0,0.2946793175612127,0.09777359444851116,0.34202272027320973,xgb_rank_top10@2018,pre,2022,2022_1,0.7668649016134386
1,0,0.2439554569798354,0.0858167446116763,0.20521363216392585,xgb_rank_top10@2018,pre,2022,2022_10,0.7668649016134386
1,0,0.2531214447358072,0.09111672447787636,0.2589507727413789,xgb_rank_top10@2018,pre,2022,2022_11,0.7668649016134386
0,0,0.25719936987677333,0.09157287702563663,0.0,xgb_rank_top10@2018,pre,2022,2022_12,0.7668649016134386
1,0,0.2516967839653538,0.08955968047638535,0.34202272027320973,xgb_rank_top10@2018,pre,2022,2022_13,0.7668649016134386
1,1,0.22078238871040412,0.07592373120467319,0.5700378671220162,xgb_rank_top10@2018,pre,2022,2022_14,0.7668649016134386
1,1,0.222875738277975,0.07661354669436463,0.5700378671220162,xgb_rank_top10@2018,pre,2022,2022_15,0.7668649016134386
2,1,0.19717361744360878,0.06471305595749297,0.7410492272586211,xgb_rank_top10@2018,pre,2022,2022_16,0.7668649016134386
1,0,0.3297923223090313,0.11971910308886242,0.20521363216392585,xgb_rank_top10@2018,pre,2022,2022_17,0.7668649016134386
2,1,0.21508687299151807,0.07354246769656206,0.7410492272586211,xgb_rank_top10@2018,pre,2022,2022_18,0.7668649016134386
1,1,0.22955254183308846,0.08013407551010253,0.5700378671220162,xgb_rank_top10@2018,pre,2022,2022_19,0.7668649016134386
2,0,0.21302969172178265,0.0666761922292917,0.42100594278174164,xgb_rank_top10@2018,pre,2022,2022_2,0.7668649016134386
2,1,0.1777136870228254,0.05884790844135829,0.7410492272586211,xgb_rank_top10@2018,pre,2022,2022_20,0.7668649016134386
1,0,0.3867515557046841,0.13677723659591126,0.20521363216392585,xgb_rank_top10@2018,pre,2022,2022_21,0.7668649016134386
2,1,0.1833608952750945,0.0597225436838314,0.7752514992859421,xgb_rank_top10@2018,pre,2022,2022_22,0.7668649016134386
1,0,0.32833564355004835,0.11875625791526485,0.35965385102969294,xgb_rank_top10@2018,pre,2022,2022_3,0.7668649016134386
1,0,0.3963528622724385,0.12904493977636083,0.2850189335610081,xgb_rank_top10@2018,pre,2022,2022_4,0.7668649016134386
2,1,0.18478870627224764,0.05883883198559013,0.8289886398633951,xgb_rank_top10@2018,pre,2022,2022_5,0.7668649016134386
2,1,0.23038632182494742,0.0773970057464924,0.7752514992859421,xgb_rank_top10@2018,pre,2022,2022_6,0.7668649016134386
2,0,0.1561859802154713,0.04563337624462861,0.7016765713029027,xgb_rank_top10@2018,pre,2022,2022_7,0.7668649016134386
1,0,0.2558230586559722,0.09028966646882614,0.2589507727413789,xgb_rank_top10@2018,pre,2022,2022_8,0.7668649016134386
1,1,0.24520356504345045,0.08514937834527427,0.5700378671220162,xgb_rank_top10@2018,pre,2022,2022_9,0.7668649016134386
1,1,0.3850844223157325,0.10696385057444575,0.5700378671220162,xgb_rank_top10@2018,pre,2023,2023_1,0.7668649016134386
1,1,0.3236508207028853,0.0952166049055807,0.5700378671220162,xgb_rank_top10@2018,pre,2023,2023_10,0.7668649016134386
1,1,0.31294260275508395,0.09406922322609863,0.5700378671220162,xgb_rank_top10@2018,pre,2023,2023_11,0.7668649016134386
2,1,0.19964823891047973,0.06365849778610808,0.8289886398633951,xgb_rank_top10@2018,pre,2023,2023_12,0.7668649016134386
1,1,0.4029580926729858,0.11272425575525342,0.5700378671220162,xgb_rank_top10@2018,pre,2023,2023_13,0.7668649016134386
2,1,0.19348349808529025,0.05964626757665524,0.8289886398633951,xgb_rank_top10@2018,pre,2023,2023_14,0.7668649016134386
1,0,0.5600304588250122,0.16858296034725367,0.17101136013660487,xgb_rank_top10@2018,pre,2023,2023_15,0.7668649016134386
1,1,0.41852399042253075,0.11769499038579809,0.5700378671220162,xgb_rank_top10@2018,pre,2023,2023_16,0.7668649016134386
1,1,0.3622359819064914,0.11042083302104558,0.5700378671220162,xgb_rank_top10@2018,pre,2023,2023_17,0.7668649016134386
1,1,0.2557343163504707,0.0843150966280474,0.5700378671220162,xgb_rank_top10@2018,pre,2023,2023_18,0.7668649016134386
2,1,0.2063534496822345,0.067152218928962,0.8289886398633951,xgb_rank_top10@2018,pre,2023,2023_19,0.7668649016134386
2,0,0.30064053791828066,0.09540957908698759,0.6954461978888599,xgb_rank_top10@2018,pre,2023,2023_2,0.7668649016134386
1,1,0.34800327614142545,0.10846982681300996,0.5700378671220162,xgb_rank_top10@2018,pre,2023,2023_20,0.7668649016134386
2,1,0.21030426505715782,0.06858821599009977,0.7752514992859421,xgb_rank_top10@2018,pre,2023,2023_21,0.7668649016134386
2,1,0.1805850699814567,0.0575159528572595,0.8289886398633951,xgb_rank_top10@2018,pre,2023,2023_22,0.7668649016134386
2,0,0.30415437010152,0.10484176509239215,0.5648674831936188,xgb_rank_top10@2018,pre,2023,2023_3,0.7668649016134386
2,0,0.2158009379312394,0.0712545296464062,0.6954461978888599,xgb_rank_top10@2018,pre,2023,2023_4,0.7668649016134386
2,1,0.15830286569024016,0.04568161382052508,0.8289886398633951,xgb_rank_top10@2018,pre,2023,2023_5,0.7668649016134386
2,1,0.38141896498246786,0.10737962022936864,0.7752514992859421,xgb_rank_top10@2018,pre,2023,2023_6,0.7668649016134386
2,1,0.17396562640203184,0.05299095601117972,0.8289886398633951,xgb_rank_top10@2018,pre,2023,2023_7,0.7668649016134386
2,1,0.2102260392841489,0.06872521919607114,0.7410492272586211,xgb_rank_top10@2018,pre,2023,2023_8,0.7668649016134386
2,1,0.21418180480751206,0.07176799117928667,0.7410492272586211,xgb_rank_top10@2018,pre,2023,2023_9,0.7668649016134386
2,1,0.21067282402841134,0.06517185139220702,0.8289886398633951,xgb_rank_top10@2018,pre,2024,2024_1,0.8924703518715341
2,1,0.24507470457177302,0.07955954107188137,0.8289886398633951,xgb_rank_top10@2018,pre,2024,2024_10,0.8924703518715341
0,0,0.347707722950704,0.12829761926593458,0.0,xgb_rank_top10@2018,pre,2024,2024_11,0.8924703518715341
2,0,0.21205662663705752,0.06687402566403598,0.6262195749456675,xgb_rank_top10@2018,pre,2024,2024_12,0.8924703518715341
2,0,0.29713373446340374,0.10446616017327821,0.543969706302387,xgb_rank_top10@2018,pre,2024,2024_13,0.8924703518715341
1,0,0.29351377606958007,0.10647453637363564,0.20521363216392585,xgb_rank_top10@2018,pre,2024,2024_14,0.8924703518715341
2,0,0.18337488715149083,0.05519167543468131,0.7700811153575446,xgb_rank_top10@2018,pre,2024,2024_15,0.8924703518715341
2,0,0.2174873336826635,0.07175935020132256,0.42100594278174164,xgb_rank_top10@2018,pre,2024,2024_16,0.8924703518715341
1,1,0.272206956587999,0.09349535749448705,0.5700378671220162,xgb_rank_top10@2018,pre,2024,2024_17,0.8924703518715341
3,1,0.17009175770958052,0.048014404383596845,0.9910438099037578,xgb_rank_top10@2018,pre,2024,2024_18,0.8924703518715341
1,0,0.3230346635557017,0.12095779759423693,0.2850189335610081,xgb_rank_top10@2018,pre,2024,2024_19,0.8924703518715341
3,1,0.14646719012407677,0.040324173836931695,0.9910438099037578,xgb_rank_top10@2018,pre,2024,2024_2,0.8924703518715341
2,0,0.21252111115719133,0.07171294555239707,0.5814386244644566,xgb_rank_top10@2018,pre,2024,2024_20,0.8924703518715341
1,0,0.7137391077294849,0.16518164806017657,0.2850189335610081,xgb_rank_top10@2018,pre,2024,2024_21,0.8924703518715341
0,0,0.4445395860991055,0.16630772184415052,0.0,xgb_rank_top10@2018,pre,2024,2024_22,0.8924703518715341
1,0,0.24196634012263013,0.08238602303902405,0.4104272643278517,xgb_rank_top10@2018,pre,2024,2024_23,0.8924703518715341
2,0,0.2425429213458919,0.08388510738744141,0.5008112441788239,xgb_rank_top10@2018,pre,2024,2024_24,0.8924703518715341
1,0,0.40945687261071995,0.1426798984983746,0.20521363216392585,xgb_rank_top10@2018,pre,2024,2024_3,0.8924703518715341
2,1,0.1836341756145494,0.05616144519214465,0.785830177739832,xgb_rank_top10@2018,pre,2024,2024_4,0.8924703518715341
2,1,0.20584226861720728,0.06533086371343313,0.785830177739832,xgb_rank_top10@2018,pre,2024,2024_5,0.8924703518715341
1,0,0.20490390872699416,0.06535758954804494,0.4104272643278517,xgb_rank_top10@2018,pre,2024,2024_6,0.8924703518715341
1,1,0.20914190178800113,0.06967562946249908,0.5700378671220162,xgb_rank_top10@2018,pre,2024,2024_7,0.8924703518715341
1,0,0.3401147328570418,0.12288032918072551,0.21579231061781579,xgb_rank_top10@2018,pre,2024,2024_8,0.8924703518715341
2,1,0.26513511574112025,0.08804087649716276,0.7752514992859421,xgb_rank_top10@2018,pre,2024,2024_9,0.8924703518715341
1,1,0.24691326141658224,0.08474992839490166,0.5700378671220162,xgb_rank_top10@2018,pre,2025,2025_1,0.8924703518715341
0,0,0.3786578654592688,0.13533620701170881,0.0,xgb_rank_top10@2018,pre,2025,2025_10,0.8924703518715341
2,0,0.18504403370260566,0.058759387474059975,0.6954461978888599,xgb_rank_top10@2018,pre,2025,2025_11,0.8924703518715341
2,0,0.34862856856299695,0.07497817943209664,0.7700811153575446,xgb_rank_top10@2018,pre,2025,2025_12,0.8924703518715341
2,0,0.17335643755838986,0.05115271390170558,0.7700811153575446,xgb_rank_top10@2018,pre,2025,2025_13,0.8924703518715341
2,0,0.1635133308679879,0.048077159418245294,0.7700811153575446,xgb_rank_top10@2018,pre,2025,2025_14,0.8924703518715341
1,1,0.40984664813727834,0.11894779548434176,0.5700378671220162,xgb_rank_top10@2018,pre,2025,2025_15,0.8924703518715341
2,0,0.15235929952610197,0.04253522350920051,0.6009734930145886,xgb_rank_top10@2018,pre,2025,2025_16,0.8924703518715341
1,0,0.5323824499356631,0.16936343211001834,0.2850189335610081,xgb_rank_top10@2018,pre,2025,2025_17,0.8924703518715341
2,0,0.21990836027860178,0.0729826718425527,0.42996213287798374,xgb_rank_top10@2018,pre,2025,2025_18,0.8924703518715341
2,0,0.23956101995838805,0.08121283987269354,0.5648674831936188,xgb_rank_top10@2018,pre,2025,2025_19,0.8924703518715341
2,0,0.1791085731951736,0.051845769996463176,0.7700811153575446,xgb_rank_top10@2018,pre,2025,2025_2,0.8924703518715341
2,0,0.21084174373712541,0.06973729007313093,0.6270416538342178,xgb_rank_top10@2018,pre,2025,2025_20,0.8924703518715341
2,1,0.27334956541592254,0.08324626033764881,0.7410492272586211,xgb_rank_top10@2018,pre,2025,2025_21,0.8924703518715341
1,0,0.33874680967833404,0.12489863729207837,0.2850189335610081,xgb_rank_top10@2018,pre,2025,2025_22,0.8924703518715341
1,1,0.36279444008980377,0.10470435918182444,0.5700378671220162,xgb_rank_top10@2018,pre,2025,2025_23,0.8924703518715341
3,1,0.12522095709433048,0.030520754313801995,0.9910438099037578,xgb_rank_top10@2018,pre,2025,2025_24,0.8924703518715341
2,0,0.1633705641635933,0.04662063880798441,0.6262195749456675,xgb_rank_top10@2018,pre,2025,2025_3,0.8924703518715341
3,0,0.13778052878274025,0.03486243003889301,0.9068902034668286,xgb_rank_top10@2018,pre,2025,2025_4,0.8924703518715341
1,1,0.21561196329247054,0.07370526480199825,0.5700378671220162,xgb_rank_top10@2018,pre,2025,2025_5,0.8924703518715341
3,1,0.14788683396660673,0.04102634236712553,0.9910438099037578,xgb_rank_top10@2018,pre,2025,2025_6,0.8924703518715341
2,0,0.20800260647392058,0.06780524616854766,0.6270416538342178,xgb_rank_top10@2018,pre,2025,2025_7,0.8924703518715341
2,0,0.1832732858200238,0.055007000581178286,0.7016765713029027,xgb_rank_top10@2018,pre,2025,2025_8,0.8924703518715341
2,1,0.17595639591624565,0.05165888141881134,0.8289886398633951,xgb_rank_top10@2018,pre,2025,2025_9,0.8924703518715341
0,0,0.35942692374289636,0.1359940002296961,0.0,xgb_rank_top10@2018,pre,2026,2026_1,0.8924703518715341
2,0,0.22952238611421494,0.07716907758272135,0.543969706302387,xgb_rank_top10@2018,pre,2026,2026_10,0.8924703518715341
1,0,0.2282711598758673,0.07585872543200184,0.34202272027320973,xgb_rank_top10@2018,pre,2026,2026_11,0.8924703518715341
2,0,0.2170129812148345,0.07249736179096554,0.5814386244644566,xgb_rank_top10@2018,pre,2026,2026_12,0.8924703518715341
2,1,0.21115505785238223,0.06971176498704955,0.7752514992859421,xgb_rank_top10@2018,pre,2026,2026_13,0.8924703518715341
2,1,0.19734406133347412,0.06402264379632505,0.7410492272586211,xgb_rank_top10@2018,pre,2026,2026_14,0.8924703518715341
1,0,0.3180070123839881,0.11237107803351076,0.35965385102969294,xgb_rank_top10@2018,pre,2026,2026_15,0.8924703518715341
2,0,0.2308412542770205,0.07333156465734156,0.7700811153575446,xgb_rank_top10@2018,pre,2026,2026_2,0.8924703518715341
2,0,0.22314993850982653,0.07551833811394908,0.5306652111662978,xgb_rank_top10@2018,pre,2026,2026_3,0.8924703518715341
1,1,0.2276719964584957,0.0787936756200526,0.5700378671220162,xgb_rank_top10@2018,pre,2026,2026_4,0.8924703518715341
1,1,0.27737036071096005,0.0974647182144714,0.5700378671220162,xgb_rank_top10@2018,pre,2026,2026_5,0.8924703518715341
1,1,0.2957663928781317,0.09469825813853823,0.5700378671220162,xgb_rank_top10@2018,pre,2026,2026_6,0.8924703518715341
2,0,0.27887796500473283,0.09951369821990395,0.5648674831936188,xgb_rank_top10@2018,pre,2026,2026_7,0.8924703518715341
2,0,0.20775696399087007,0.06647549813081102,0.7016765713029027,xgb_rank_top10@2018,pre,2026,2026_8,0.8924703518715341
2,0,0.2347153867747952,0.08011941060626324,0.42996213287798374,xgb_rank_top10@2018,pre,2026,2026_9,0.8924703518715341
2,1,0.27839411129382563,0.08034759737773953,0.8289886398633951,xgb_rank_top10@2022,post,2023,2023_1,0.8272872467171695
1,1,0.2705169731460711,0.08565124687942352,0.5700378671220162,xgb_rank_top10@2022,post,2023,2023_10,0.8272872467171695
2,1,0.20909586263349222,0.07097991040215128,0.7410492272586211,xgb_rank_top10@2022,post,2023,2023_11,0.8272872467171695
3,1,0.11226807767886035,0.03030853569648644,1.0,xgb_rank_top10@2022,post,2023,2023_12,0.8272872467171695
1,1,0.4138650671428351,0.10756371170768242,0.5700378671220162,xgb_rank_top10@2022,post,2023,2023_13,0.8272872467171695
3,1,0.13403468409416952,0.03843007928681262,1.0,xgb_rank_top10@2022,post,2023,2023_14,0.8272872467171695
1,0,0.32261031716185123,0.11504121838670063,0.17101136013660487,xgb_rank_top10@2022,post,2023,2023_15,0.8272872467171695
2,1,0.2632267179449975,0.08727783000360613,0.7752514992859421,xgb_rank_top10@2022,post,2023,2023_16,0.8272872467171695
1,1,0.3364519230113191,0.11481119979663286,0.5700378671220162,xgb_rank_top10@2022,post,2023,2023_17,0.8272872467171695
2,1,0.20036580396076994,0.06476401915250568,0.8289886398633951,xgb_rank_top10@2022,post,2023,2023_18,0.8272872467171695
1,1,0.24574702653321584,0.09036484303099553,0.5700378671220162,xgb_rank_top10@2022,post,2023,2023_19,0.8272872467171695
1,1,0.28380166460972467,0.09583310431999101,0.5700378671220162,xgb_rank_top10@2022,post,2023,2023_2,0.8272872467171695
1,1,0.311711711928236,0.10340028901458823,0.5700378671220162,xgb_rank_top10@2022,post,2023,2023_20,0.8272872467171695
2,1,0.19905351732980361,0.06181932107008664,0.8289886398633951,xgb_rank_top10@2022,post,2023,2023_21,0.8272872467171695
2,1,0.19269837929180902,0.05851781717800507,0.8289886398633951,xgb_rank_top10@2022,post,2023,2023_22,0.8272872467171695
2,1,0.25428799253124984,0.08625945095794463,0.7752514992859421,xgb_rank_top10@2022,post,2023,2023_3,0.8272872467171695
2,0,0.1344194108013761,0.03732208464597458,0.7700811153575446,xgb_rank_top10@2022,post,2023,2023_4,0.8272872467171695
3,0,0.14341636549622894,0.04049050154696286,0.9410924754941495,xgb_rank_top10@2022,post,2023,2023_5,0.8272872467171695
2,1,0.25436485680020693,0.07722649230862595,0.7752514992859421,xgb_rank_top10@2022,post,2023,2023_6,0.8272872467171695
2,1,0.2080803345656502,0.062434353400178375,0.8289886398633951,xgb_rank_top10@2022,post,2023,2023_7,0.8272872467171695
3,1,0.12098986421044969,0.03183904944319773,1.0,xgb_rank_top10@2022,post,2023,2023_8,0.8272872467171695
1,1,0.21451021226659361,0.07249297055879762,0.5700378671220162,xgb_rank_top10@2022,post,2023,2023_9,0.8272872467171695
2,1,0.2024111167411493,0.06725495368308179,0.7410492272586211,xgb_rank_top10@2022,post,2024,2024_1,0.8272872467171695
2,1,0.1585337277330885,0.04572470816710855,0.8289886398633951,xgb_rank_top10@2022,post,2024,2024_10,0.8272872467171695
1,0,0.43798198005814515,0.15283757622476488,0.2850189335610081,xgb_rank_top10@2022,post,2024,2024_11,0.8272872467171695
2,0,0.16682113755724262,0.05295306046838748,0.7700811153575446,xgb_rank_top10@2022,post,2024,2024_12,0.8272872467171695
2,0,0.21864963803647455,0.07451642336400707,0.543969706302387,xgb_rank_top10@2022,post,2024,2024_13,0.8272872467171695
1,0,0.23185392957006226,0.07752774359981099,0.34202272027320973,xgb_rank_top10@2022,post,2024,2024_14,0.8272872467171695
2,1,0.18437817271024864,0.05743115047596341,0.8289886398633951,xgb_rank_top10@2022,post,2024,2024_15,0.8272872467171695
2,0,0.14473399388400307,0.0410047354252184,0.6009734930145886,xgb_rank_top10@2022,post,2024,2024_16,0.8272872467171695
2,1,0.22482071072372753,0.07159659620209173,0.8289886398633951,xgb_rank_top10@2022,post,2024,2024_17,0.8272872467171695
3,1,0.1145577687460588,0.030343156051384094,0.9910438099037578,xgb_rank_top10@2022,post,2024,2024_18,0.8272872467171695
2,0,0.3139041224094644,0.10454623015903779,0.5008112441788239,xgb_rank_top10@2022,post,2024,2024_19,0.8272872467171695
3,1,0.11972827843477943,0.032629260283509154,1.0,xgb_rank_top10@2022,post,2024,2024_2,0.8272872467171695
2,0,0.136614290790727,0.04319184504020844,0.6954461978888599,xgb_rank_top10@2022,post,2024,2024_20,0.8272872467171695
0,0,0.7515589513298404,0.19998872809294616,0.0,xgb_rank_top10@2022,post,2024,2024_21,0.8272872467171695
1,0,0.29503419082380505,0.10020576328058832,0.34202272027320973,xgb_rank_top10@2022,post,2024,2024_22,0.8272872467171695
1,0,0.22404164814214714,0.07818102175144039,0.20521363216392585,xgb_rank_top10@2022,post,2024,2024_23,0.8272872467171695
2,0,0.2449960146271684,0.08632768487012821,0.5648674831936188,xgb_rank_top10@2022,post,2024,2024_24,0.8272872467171695
1,0,0.4982571656203409,0.1600245857504409,0.2850189335610081,xgb_rank_top10@2022,post,2024,2024_3,0.8272872467171695
2,1,0.20298879435621306,0.064163820567985,0.8289886398633951,xgb_rank_top10@2022,post,2024,2024_4,0.8272872467171695
2,1,0.14734698839005417,0.04115343752568145,0.785830177739832,xgb_rank_top10@2022,post,2024,2024_5,0.8272872467171695
2,0,0.18214756259097895,0.06147390778747547,0.5814386244644566,xgb_rank_top10@2022,post,2024,2024_6,0.8272872467171695
3,1,0.13565064102353805,0.038055615690800265,1.0,xgb_rank_top10@2022,post,2024,2024_7,0.8272872467171695
1,0,0.25416567252515865,0.09272837074523628,0.35965385102969294,xgb_rank_top10@2022,post,2024,2024_8,0.8272872467171695
2,1,0.14601382984083283,0.04213036248024287,0.8289886398633951,xgb_rank_top10@2022,post,2024,2024_9,0.8272872467171695
2,1,0.20121703482491018,0.06449668732406953,0.7410492272586211,xgb_rank_top10@2022,post,2025,2025_1,0.8924703518715341
1,0,0.29849752578581634,0.10721471589974607,0.35965385102969294,xgb_rank_top10@2022,post,2025,2025_10,0.8924703518715341
3,1,0.10885469255776596,0.026951516220036158,1.0,xgb_rank_top10@2022,post,2025,2025_11,0.8924703518715341
2,0,0.3982541251905895,0.07674172677519828,0.7700811153575446,xgb_rank_top10@2022,post,2025,2025_12,0.8924703518715341
2,0,0.1144656050508038,0.032635984155764096,0.7700811153575446,xgb_rank_top10@2022,post,2025,2025_13,0.8924703518715341
2,0,0.12006033472388951,0.038466737667796166,0.7700811153575446,xgb_rank_top10@2022,post,2025,2025_14,0.8924703518715341
2,0,0.35572611090756584,0.10880517614444234,0.5648674831936188,xgb_rank_top10@2022,post,2025,2025_15,0.8924703518715341
3,0,0.08578827585629906,0.017979589788254757,0.9112385085066755,xgb_rank_top10@2022,post,2025,2025_16,0.8924703518715341
1,1,0.2851690535377988,0.09672369408181018,0.5700378671220162,xgb_rank_top10@2022,post,2025,2025_17,0.8924703518715341
2,0,0.1670066869054891,0.054497022018724174,0.5648674831936188,xgb_rank_top10@2022,post,2025,2025_18,0.8924703518715341
2,1,0.12919707069176603,0.03858377836415874,0.8289886398633951,xgb_rank_top10@2022,post,2025,2025_19,0.8924703518715341
3,0,0.1448361650930352,0.039663174717400815,0.9112385085066755,xgb_rank_top10@2022,post,2025,2025_2,0.8924703518715341
2,1,0.14897039620553418,0.04520269227292956,0.8289886398633951,xgb_rank_top10@2022,post,2025,2025_20,0.8924703518715341
1,1,0.28857451354888713,0.0999095383341814,0.5700378671220162,xgb_rank_top10@2022,post,2025,2025_21,0.8924703518715341
2,0,0.42539891070726094,0.12041419291695765,0.5648674831936188,xgb_rank_top10@2022,post,2025,2025_22,0.8924703518715341
2,1,0.32308490073996465,0.09705452119049993,0.8289886398633951,xgb_rank_top10@2022,post,2025,2025_23,0.8924703518715341
2,1,0.13551072377524348,0.0405211134695823,0.785830177739832,xgb_rank_top10@2022,post,2025,2025_24,0.8924703518715341
2,0,0.12984130249444423,0.03612310466287553,0.6262195749456675,xgb_rank_top10@2022,post,2025,2025_3,0.8924703518715341
3,1,0.12996383299737674,0.035182909092616746,0.9910438099037578,xgb_rank_top10@2022,post,2025,2025_4,0.8924703518715341
2,1,0.18741939101907013,0.06296394321539871,0.7752514992859421,xgb_rank_top10@2022,post,2025,2025_5,0.8924703518715341
2,0,0.1616391308521537,0.04950172654250803,0.7700811153575446,xgb_rank_top10@2022,post,2025,2025_6,0.8924703518715341
2,0,0.11493171583547557,0.03341601269378569,0.6009734930145886,xgb_rank_top10@2022,post,2025,2025_7,0.8924703518715341
3,1,0.07016759026319265,0.013279273980062633,0.9910438099037578,xgb_rank_top10@2022,post,2025,2025_8,0.8924703518715341
2,1,0.18610911116569112,0.05965564786581125,0.8289886398633951,xgb_rank_top10@2022,post,2025,2025_9,0.8924703518715341
3,1,0.14624531812539687,0.04021718027073528,1.0,xgb_rank_top10@2022,post,2026,2026_1,0.8924703518715341
2,1,0.1825586025636249,0.058657550878566125,0.7410492272586211,xgb_rank_top10@2022,post,2026,2026_10,0.8924703518715341
1,1,0.2141491907404057,0.0744124558674457,0.5700378671220162,xgb_rank_top10@2022,post,2026,2026_11,0.8924703518715341
2,0,0.16866182262223214,0.05205816877492237,0.7016765713029027,xgb_rank_top10@2022,post,2026,2026_12,0.8924703518715341
1,0,0.22347368045949054,0.07396689892733413,0.4104272643278517,xgb_rank_top10@2022,post,2026,2026_13,0.8924703518715341
3,1,0.13087266061665848,0.03816510815579645,0.9910438099037578,xgb_rank_top10@2022,post,2026,2026_14,0.8924703518715341
1,1,0.24996303127286143,0.08515146621918017,0.5700378671220162,xgb_rank_top10@2022,post,2026,2026_15,0.8924703518715341
2,1,0.16877714708103664,0.054943041538015214,0.7752514992859421,xgb_rank_top10@2022,post,2026,2026_2,0.8924703518715341
2,1,0.19585653503514944,0.06724623016576592,0.7410492272586211,xgb_rank_top10@2022,post,2026,2026_3,0.8924703518715341
1,1,0.2892450999173332,0.10142986689610196,0.5700378671220162,xgb_rank_top10@2022,post,2026,2026_4,0.8924703518715341
1,0,0.31169152027076646,0.11013011638851039,0.35965385102969294,xgb_rank_top10@2022,post,2026,2026_5,0.8924703518715341
2,1,0.2613363173886946,0.08819796773614887,0.7752514992859421,xgb_rank_top10@2022,post,2026,2026_6,0.8924703518715341
2,0,0.1490140901917183,0.04602869992848782,0.7700811153575446,xgb_rank_top10@2022,post,2026,2026_7,0.8924703518715341
2,1,0.19365177391876973,0.06548093083802782,0.7410492272586211,xgb_rank_top10@2022,post,2026,2026_8,0.8924703518715341
2,0,0.23853132501731356,0.08121983237059877,0.543969706302387,xgb_rank_top10@2022,post,2026,2026_9,0.8924703518715341
1,1,0.3763678674456592,0.10998841056865198,0.5700378671220162,xgb_rank_top10@2022,pre,2023,2023_1,1.1204854008908787
1,1,0.3610273705746052,0.10441438286691548,0.5700378671220162,xgb_rank_top10@2022,pre,2023,2023_10,1.1204854008908787
2,1,0.2736267043600723,0.08259912057489306,0.785830177739832,xgb_rank_top10@2022,pre,2023,2023_11,1.1204854008908787
2,1,0.21729529659044983,0.0655695626777404,0.8289886398633951,xgb_rank_top10@2022,pre,2023,2023_12,1.1204854008908787
1,1,0.38959638306830835,0.11068448377299808,0.5700378671220162,xgb_rank_top10@2022,pre,2023,2023_13,1.1204854008908787
2,1,0.23202671401767966,0.06885997711097133,0.8289886398633951,xgb_rank_top10@2022,pre,2023,2023_14,1.1204854008908787
1,0,0.41108934268224084,0.14358100762324294,0.17101136013660487,xgb_rank_top10@2022,pre,2023,2023_15,1.1204854008908787
1,1,0.362547623004742,0.10996731272309208,0.5700378671220162,xgb_rank_top10@2022,pre,2023,2023_16,1.1204854008908787
1,1,0.2771493100603793,0.09158402615596799,0.5700378671220162,xgb_rank_top10@2022,pre,2023,2023_17,1.1204854008908787
1,1,0.23241683497670107,0.07421589184403275,0.5700378671220162,xgb_rank_top10@2022,pre,2023,2023_18,1.1204854008908787
2,1,0.22492106389866234,0.06962071583760535,0.8289886398633951,xgb_rank_top10@2022,pre,2023,2023_19,1.1204854008908787
2,0,0.30282675575047724,0.09098222068301848,0.7700811153575446,xgb_rank_top10@2022,pre,2023,2023_2,1.1204854008908787
1,1,0.3356931803605324,0.10292111443875065,0.5700378671220162,xgb_rank_top10@2022,pre,2023,2023_20,1.1204854008908787
2,1,0.22466123077318248,0.06930869194809867,0.8289886398633951,xgb_rank_top10@2022,pre,2023,2023_21,1.1204854008908787
2,1,0.21823238752074742,0.0668915356493768,0.8289886398633951,xgb_rank_top10@2022,pre,2023,2023_22,1.1204854008908787
1,0,0.3187026422201134,0.10700345777604237,0.35965385102969294,xgb_rank_top10@2022,pre,2023,2023_3,1.1204854008908787
2,0,0.2342431486679804,0.07339344511049495,0.7700811153575446,xgb_rank_top10@2022,pre,2023,2023_4,1.1204854008908787
2,1,0.22711825507513614,0.06822178909620727,0.8289886398633951,xgb_rank_top10@2022,pre,2023,2023_5,1.1204854008908787
1,1,0.4052765037101529,0.12048164319165804,0.5700378671220162,xgb_rank_top10@2022,pre,2023,2023_6,1.1204854008908787
3,1,0.17242585601255112,0.04812379109538124,1.0,xgb_rank_top10@2022,pre,2023,2023_7,1.1204854008908787
2,1,0.23797097900373348,0.07501615741632717,0.785830177739832,xgb_rank_top10@2022,pre,2023,2023_8,1.1204854008908787
1,1,0.2503809921584958,0.08000974964757347,0.5700378671220162,xgb_rank_top10@2022,pre,2023,2023_9,1.1204854008908787
2,1,0.22347507222524082,0.06666535466008316,0.8289886398633951,xgb_rank_top10@2022,pre,2024,2024_1,1.1204854008908787
2,1,0.2582161030881215,0.0826139859419442,0.8289886398633951,xgb_rank_top10@2022,pre,2024,2024_10,1.1204854008908787
0,0,0.385505720949851,0.14031281408072158,0.0,xgb_rank_top10@2022,pre,2024,2024_11,1.1204854008908787
2,0,0.22985196334025965,0.07323048591987223,0.6954461978888599,xgb_rank_top10@2022,pre,2024,2024_12,1.1204854008908787
2,0,0.3084079273050388,0.10872751299008035,0.543969706302387,xgb_rank_top10@2022,pre,2024,2024_13,1.1204854008908787
2,0,0.2583104188922397,0.08665096145852573,0.42996213287798374,xgb_rank_top10@2022,pre,2024,2024_14,1.1204854008908787
2,0,0.24151587187764237,0.07878831428627034,0.5306652111662978,xgb_rank_top10@2022,pre,2024,2024_15,1.1204854008908787
2,0,0.19547025606540336,0.0574957493553477,0.6262195749456675,xgb_rank_top10@2022,pre,2024,2024_16,1.1204854008908787
1,0,0.2794039557843374,0.09515061612140611,0.35965385102969294,xgb_rank_top10@2022,pre,2024,2024_17,1.1204854008908787
2,0,0.17148482955575944,0.047693408896455666,0.7016765713029027,xgb_rank_top10@2022,pre,2024,2024_18,1.1204854008908787
1,0,0.33507150943356584,0.12200843514657131,0.2850189335610081,xgb_rank_top10@2022,pre,2024,2024_19,1.1204854008908787
2,1,0.190746887976687,0.05673712086650469,0.8289886398633951,xgb_rank_top10@2022,pre,2024,2024_2,1.1204854008908787
1,0,0.24904494191166598,0.08556632335142969,0.4104272643278517,xgb_rank_top10@2022,pre,2024,2024_20,1.1204854008908787
1,0,0.6198758450816205,0.1627449344553167,0.2850189335610081,xgb_rank_top10@2022,pre,2024,2024_21,1.1204854008908787
0,0,0.3787861225929724,0.13766295678589402,0.0,xgb_rank_top10@2022,pre,2024,2024_22,1.1204854008908787
1,0,0.2842948660695138,0.09963968449803486,0.4104272643278517,xgb_rank_top10@2022,pre,2024,2024_23,1.1204854008908787
1,0,0.26470881893474674,0.08917694500605108,0.34202272027320973,xgb_rank_top10@2022,pre,2024,2024_24,1.1204854008908787
1,0,0.38914636355758897,0.1391647885531008,0.2850189335610081,xgb_rank_top10@2022,pre,2024,2024_3,1.1204854008908787
2,1,0.2487653738179128,0.08015509889566791,0.7410492272586211,xgb_rank_top10@2022,pre,2024,2024_4,1.1204854008908787
2,1,0.2013028250231618,0.0612607488234184,0.785830177739832,xgb_rank_top10@2022,pre,2024,2024_5,1.1204854008908787
2,0,0.19866374940858816,0.060901868687156926,0.7700811153575446,xgb_rank_top10@2022,pre,2024,2024_6,1.1204854008908787
1,1,0.2098236258696599,0.06772847554546729,0.5700378671220162,xgb_rank_top10@2022,pre,2024,2024_7,1.1204854008908787
0,0,0.3343421818901659,0.12282487633303056,0.0,xgb_rank_top10@2022,pre,2024,2024_8,1.1204854008908787
2,1,0.27258577797511335,0.08928253944006899,0.7752514992859421,xgb_rank_top10@2022,pre,2024,2024_9,1.1204854008908787
1,1,0.26993252070947327,0.08835766322484927,0.5700378671220162,xgb_rank_top10@2022,pre,2025,2025_1,1.1204854008908787
0,0,0.42312626379994384,0.15193437063546034,0.0,xgb_rank_top10@2022,pre,2025,2025_10,1.1204854008908787
2,0,0.20003319009607406,0.06240367073610217,0.5814386244644566,xgb_rank_top10@2022,pre,2025,2025_11,1.1204854008908787
2,0,0.3432054758256545,0.0814549816187837,0.7700811153575446,xgb_rank_top10@2022,pre,2025,2025_12,1.1204854008908787
2,0,0.1864190790790673,0.0549482905676564,0.7700811153575446,xgb_rank_top10@2022,pre,2025,2025_13,1.1204854008908787
3,0,0.14401532704972037,0.039376332363776176,0.9410924754941495,xgb_rank_top10@2022,pre,2025,2025_14,1.1204854008908787
1,1,0.4009243621722849,0.11606034709264823,0.5700378671220162,xgb_rank_top10@2022,pre,2025,2025_15,1.1204854008908787
2,0,0.16769982697990599,0.046964909443475325,0.6009734930145886,xgb_rank_top10@2022,pre,2025,2025_16,1.1204854008908787
1,0,0.4818500831332502,0.15141731635565708,0.20521363216392585,xgb_rank_top10@2022,pre,2025,2025_17,1.1204854008908787
2,0,0.20509047065226255,0.06620098859161769,0.42100594278174164,xgb_rank_top10@2022,pre,2025,2025_18,1.1204854008908787
2,1,0.20556681015073547,0.06512165454449885,0.7752514992859421,xgb_rank_top10@2022,pre,2025,2025_19,1.1204854008908787
2,0,0.20965710894296477,0.06254554686575896,0.6262195749456675,xgb_rank_top10@2022,pre,2025,2025_2,1.1204854008908787
2,0,0.19121972672704518,0.05966207922059663,0.6270416538342178,xgb_rank_top10@2022,pre,2025,2025_20,1.1204854008908787
2,0,0.27970492728481017,0.08378506191625082,0.7016765713029027,xgb_rank_top10@2022,pre,2025,2025_21,1.1204854008908787
1,0,0.2911511660233968,0.1038987707309891,0.2850189335610081,xgb_rank_top10@2022,pre,2025,2025_22,1.1204854008908787
1,1,0.3965332271461298,0.11752458214456465,0.5700378671220162,xgb_rank_top10@2022,pre,2025,2025_23,1.1204854008908787
3,1,0.16493689934578595,0.045016506313773144,0.9910438099037578,xgb_rank_top10@2022,pre,2025,2025_24,1.1204854008908787
2,0,0.20365394992126862,0.06066052519392549,0.6262195749456675,xgb_rank_top10@2022,pre,2025,2025_3,1.1204854008908787
3,0,0.16667624482921203,0.044963894914774025,0.9068902034668286,xgb_rank_top10@2022,pre,2025,2025_4,1.1204854008908787
1,1,0.24973816449333003,0.0868569825866016,0.5700378671220162,xgb_rank_top10@2022,pre,2025,2025_5,1.1204854008908787
3,1,0.16205332735896907,0.04489256694968266,1.0,xgb_rank_top10@2022,pre,2025,2025_6,1.1204854008908787
2,0,0.195536365848162,0.061619156891898806,0.6270416538342178,xgb_rank_top10@2022,pre,2025,2025_7,1.1204854008908787
2,0,0.1925361957908834,0.057818698275862834,0.7016765713029027,xgb_rank_top10@2022,pre,2025,2025_8,1.1204854008908787
2,1,0.16342334280344262,0.04562799822230432,0.8289886398633951,xgb_rank_top10@2022,pre,2025,2025_9,1.1204854008908787
1,0,0.2951240004909828,0.10460711731234539,0.2850189335610081,xgb_rank_top10@2022,pre,2026,2026_1,1.0386488249676107
2,0,0.24100821221968102,0.08075669208522417,0.5648674831936188,xgb_rank_top10@2022,pre,2026,2026_10,1.0386488249676107
1,0,0.23818108870351856,0.07955603512051118,0.34202272027320973,xgb_rank_top10@2022,pre,2026,2026_11,1.0386488249676107
2,0,0.2152830360451181,0.07010751346494132,0.6262195749456675,xgb_rank_top10@2022,pre,2026,2026_12,1.0386488249676107
3,1,0.2009732252101597,0.06367707025147742,0.9910438099037578,xgb_rank_top10@2022,pre,2026,2026_13,1.0386488249676107
1,1,0.23042079281869893,0.07724547452893954,0.5700378671220162,xgb_rank_top10@2022,pre,2026,2026_14,1.0386488249676107
2,0,0.3054685661635792,0.10577306886196966,0.5648674831936188,xgb_rank_top10@2022,pre,2026,2026_15,1.0386488249676107
2,1,0.24828865224879273,0.08030615581950575,0.7752514992859421,xgb_rank_top10@2022,pre,2026,2026_2,1.0386488249676107
2,1,0.21761941509271682,0.07019798201417915,0.785830177739832,xgb_rank_top10@2022,pre,2026,2026_3,1.0386488249676107
1,1,0.23045150433231718,0.07858379702192733,0.5700378671220162,xgb_rank_top10@2022,pre,2026,2026_4,1.0386488249676107
1,1,0.260137116775333,0.09030236416630856,0.5700378671220162,xgb_rank_top10@2022,pre,2026,2026_5,1.0386488249676107
1,1,0.2890535330663907,0.0933003983174585,0.5700378671220162,xgb_rank_top10@2022,pre,2026,2026_6,1.0386488249676107
2,0,0.24831519359020343,0.08606837150938904,0.5648674831936188,xgb_rank_top10@2022,pre,2026,2026_7,1.0386488249676107
2,0,0.21614374421727242,0.06961424189514685,0.7016765713029027,xgb_rank_top10@2022,pre,2026,2026_8,1.0386488249676107
2,0,0.23665926198741027,0.0793568395481514,0.5814386244644566,xgb_rank_top10@2022,pre,2026,2026_9,1.0386488249676107
2,0,0.25836407208836304,0.0879581918195888,0.5008112441788239,xgb_rank_top10_sprint,post,2022,2022_1,0.8272872467171695
1,0,0.2907775375139704,0.10679811571753835,0.35965385102969294,xgb_rank_top10_sprint,post,2022,2022_10,0.8272872467171695
2,0,0.2659924417003866,0.08839938071495496,0.543969706302387,xgb_rank_top10_sprint,post,2022,2022_11,0.8272872467171695
1,0,0.331881579149354,0.12415142308091384,0.2850189335610081,xgb_rank_top10_sprint,post,2022,2022_12,0.8272872467171695
1,0,0.3094446483877945,0.11050348908491389,0.21579231061781579,xgb_rank_top10_sprint,post,2022,2022_13,0.8272872467171695
3,1,0.12380124691347558,0.02934178016891447,1.0,xgb_rank_top10_sprint,post,2022,2022_14,0.8272872467171695
2,1,0.22753973399132493,0.07793303980914283,0.7410492272586211,xgb_rank_top10_sprint,post,2022,2022_15,0.8272872467171695
3,1,0.13058525992190734,0.031956691643202285,1.0,xgb_rank_top10_sprint,post,2022,2022_16,0.8272872467171695
1,0,0.22597808385013143,0.07996433697084601,0.4104272643278517,xgb_rank_top10_sprint,post,2022,2022_17,0.8272872467171695
2,1,0.15247108160505712,0.048596628605833185,0.7410492272586211,xgb_rank_top10_sprint,post,2022,2022_18,0.8272872467171695
2,1,0.22801595114805734,0.08104025486665922,0.7752514992859421,xgb_rank_top10_sprint,post,2022,2022_19,0.8272872467171695
2,1,0.16245805218144155,0.0499520624754824,0.7410492272586211,xgb_rank_top10_sprint,post,2022,2022_2,0.8272872467171695
2,1,0.16373463638420818,0.052440613673206814,0.7752514992859421,xgb_rank_top10_sprint,post,2022,2022_20,0.8272872467171695
2,0,0.29586821757497495,0.10020603624103448,0.543969706302387,xgb_rank_top10_sprint,post,2022,2022_21,0.8272872467171695
3,1,0.12746247755055795,0.034694104020800906,0.9910438099037578,xgb_rank_top10_sprint,post,2022,2022_22,0.8272872467171695
2,1,0.2829728542004757,0.0908374248160957,0.7752514992859421,xgb_rank_top10_sprint,post,2022,2022_3,0.8272872467171695
2,1,0.2669862287179653,0.08994607434361421,0.7752514992859421,xgb_rank_top10_sprint,post,2022,2022_4,0.8272872467171695
3,1,0.11668721379141796,0.029032568044457824,1.0,xgb_rank_top10_sprint,post,2022,2022_5,0.8272872467171695
1,0,0.3010385681998559,0.10986068838805645,0.35965385102969294,xgb_rank_top10_sprint,post,2022,2022_6,0.8272872467171695
2,0,0.15622898715976616,0.04833283119324471,0.5472363524371356,xgb_rank_top10_sprint,post,2022,2022_7,0.8272872467171695
2,0,0.27633037116862136,0.09265025918466543,0.6954461978888599,xgb_rank_top10_sprint,post,2022,2022_8,0.8272872467171695
2,1,0.16443282269480025,0.04849178917375176,0.8289886398633951,xgb_rank_top10_sprint,post,2022,2022_9,0.8272872467171695
2,1,0.23502125122801884,0.07173741387156883,0.8289886398633951,xgb_rank_top10_sprint,post,2023,2023_1,0.8272872467171695
1,1,0.23224892439366168,0.07710255285007916,0.5700378671220162,xgb_rank_top10_sprint,post,2023,2023_10,0.8272872467171695
2,1,0.26474761437180905,0.09063870056552364,0.7752514992859421,xgb_rank_top10_sprint,post,2023,2023_11,0.8272872467171695
2,1,0.17167344472708368,0.05427485609632415,0.7410492272586211,xgb_rank_top10_sprint,post,2023,2023_12,0.8272872467171695
1,1,0.420248989579976,0.11178293859169323,0.5700378671220162,xgb_rank_top10_sprint,post,2023,2023_13,0.8272872467171695
2,1,0.16451448073637176,0.050191995928089615,0.785830177739832,xgb_rank_top10_sprint,post,2023,2023_14,0.8272872467171695
1,0,0.30383681241930705,0.10863083575997383,0.35965385102969294,xgb_rank_top10_sprint,post,2023,2023_15,0.8272872467171695
2,1,0.18169527660859774,0.05805793303676858,0.8289886398633951,xgb_rank_top10_sprint,post,2023,2023_16,0.8272872467171695
1,1,0.3651527353975218,0.11683448971252186,0.5700378671220162,xgb_rank_top10_sprint,post,2023,2023_17,0.8272872467171695
1,1,0.2150656767945324,0.07108124463466473,0.5700378671220162,xgb_rank_top10_sprint,post,2023,2023_18,0.8272872467171695
2,1,0.19487735677140047,0.06328509122895781,0.7410492272586211,xgb_rank_top10_sprint,post,2023,2023_19,0.8272872467171695
1,1,0.2265999551502133,0.07580383645961339,0.5700378671220162,xgb_rank_top10_sprint,post,2023,2023_2,0.8272872467171695
1,1,0.25913099797391465,0.08692590500278147,0.5700378671220162,xgb_rank_top10_sprint,post,2023,2023_20,0.8272872467171695
2,1,0.2168896403807838,0.06800156487089373,0.7752514992859421,xgb_rank_top10_sprint,post,2023,2023_21,0.8272872467171695
2,1,0.18537324053372722,0.05742458632136617,0.8289886398633951,xgb_rank_top10_sprint,post,2023,2023_22,0.8272872467171695
2,1,0.22219566559574053,0.07356382997720332,0.7752514992859421,xgb_rank_top10_sprint,post,2023,2023_3,0.8272872467171695
3,0,0.1367526286604735,0.03556302795163395,0.9410924754941495,xgb_rank_top10_sprint,post,2023,2023_4,0.8272872467171695
3,0,0.15472803877221605,0.04282379778678537,0.9410924754941495,xgb_rank_top10_sprint,post,2023,2023_5,0.8272872467171695
2,1,0.19854606924948578,0.06163201810265341,0.8289886398633951,xgb_rank_top10_sprint,post,2023,2023_6,0.8272872467171695
2,1,0.26027546002091095,0.08407780622387984,0.7752514992859421,xgb_rank_top10_sprint,post,2023,2023_7,0.8272872467171695
3,1,0.11670563626986666,0.029545832283726238,0.9910438099037578,xgb_rank_top10_sprint,post,2023,2023_8,0.8272872467171695
2,1,0.21031947161854886,0.06502099509772938,0.8289886398633951,xgb_rank_top10_sprint,post,2023,2023_9,0.8272872467171695
1,1,0.22405384154529026,0.07875212510645727,0.5700378671220162,xgb_rank_top10_sprint,post,2024,2024_1,0.7668649016134386
3,0,0.14453347886794657,0.040110437207950426,0.9410924754941495,xgb_rank_top10_sprint,post,2024,2024_10,0.7668649016134386
1,0,0.3711017028028265,0.13489433162551795,0.17101136013660487,xgb_rank_top10_sprint,post,2024,2024_11,0.7668649016134386
2,0,0.17648324428637835,0.05601510952967461,0.42996213287798374,xgb_rank_top10_sprint,post,2024,2024_12,0.7668649016134386
2,0,0.2836274528241181,0.0970356681640698,0.543969706302387,xgb_rank_top10_sprint,post,2024,2024_13,0.7668649016134386
2,0,0.2517119022201756,0.08748204104295085,0.5008112441788239,xgb_rank_top10_sprint,post,2024,2024_14,0.7668649016134386
2,0,0.17856772116312675,0.0547424178347972,0.7700811153575446,xgb_rank_top10_sprint,post,2024,2024_15,0.7668649016134386
2,0,0.19050269480571164,0.060970245630156884,0.6009734930145886,xgb_rank_top10_sprint,post,2024,2024_16,0.7668649016134386
2,0,0.2286800606006422,0.07167929188508548,0.7700811153575446,xgb_rank_top10_sprint,post,2024,2024_17,0.7668649016134386
3,1,0.12254698617816111,0.030454118124717433,1.0,xgb_rank_top10_sprint,post,2024,2024_18,0.7668649016134386
2,0,0.29715511891868474,0.09381030432656985,0.42100594278174164,xgb_rank_top10_sprint,post,2024,2024_19,0.7668649016134386
3,1,0.11747485397587551,0.03033456778245112,0.9910438099037578,xgb_rank_top10_sprint,post,2024,2024_2,0.7668649016134386
2,0,0.17679600253539793,0.05763734965468972,0.543969706302387,xgb_rank_top10_sprint,post,2024,2024_20,0.7668649016134386
0,0,0.6763475847445084,0.1828618531441576,0.0,xgb_rank_top10_sprint,post,2024,2024_21,0.7668649016134386
2,0,0.29624514795759044,0.1020558681427373,0.5008112441788239,xgb_rank_top10_sprint,post,2024,2024_22,0.7668649016134386
1,1,0.22744143042704326,0.07948834679642197,0.5700378671220162,xgb_rank_top10_sprint,post,2024,2024_23,0.7668649016134386
2,1,0.24074615844845032,0.08397108618821941,0.7752514992859421,xgb_rank_top10_sprint,post,2024,2024_24,0.7668649016134386
2,0,0.393060115654155,0.11367950008127083,0.5648674831936188,xgb_rank_top10_sprint,post,2024,2024_3,0.7668649016134386
2,1,0.1365786316315364,0.03981297130898931,0.8289886398633951,xgb_rank_top10_sprint,post,2024,2024_4,0.7668649016134386
2,1,0.15085766908682788,0.04397208244955721,0.785830177739832,xgb_rank_top10_sprint,post,2024,2024_5,0.7668649016134386
2,0,0.19641218785305067,0.06508206774031979,0.6262195749456675,xgb_rank_top10_sprint,post,2024,2024_6,0.7668649016134386
3,1,0.13148623204047935,0.03556108393842852,0.9910438099037578,xgb_rank_top10_sprint,post,2024,2024_7,0.7668649016134386
2,1,0.18474213028130834,0.05951104900862446,0.7410492272586211,xgb_rank_top10_sprint,post,2024,2024_8,0.7668649016134386
3,1,0.12840413556102087,0.031002759702303574,1.0,xgb_rank_top10_sprint,post,2024,2024_9,0.7668649016134386
2,1,0.17500152728570603,0.05723694136138526,0.7752514992859421,xgb_rank_top10_sprint,post,2025,2025_1,0.7668649016134386
2,1,0.21904441283853116,0.07481827204129336,0.7752514992859421,xgb_rank_top10_sprint,post,2025,2025_10,0.7668649016134386
3,1,0.09717394226281391,0.022833870503552182,1.0,xgb_rank_top10_sprint,post,2025,2025_11,0.7668649016134386
2,0,0.44115093752087864,0.08156644323250627,0.7700811153575446,xgb_rank_top10_sprint,post,2025,2025_12,0.7668649016134386
3,0,0.10851231171591595,0.029388025763514514,0.9410924754941495,xgb_rank_top10_sprint,post,2025,2025_13,0.7668649016134386
2,0,0.14094166794404592,0.04593015898978527,0.7700811153575446,xgb_rank_top10_sprint,post,2025,2025_14,0.7668649016134386
2,1,0.27978038852784926,0.09441684601430812,0.7752514992859421,xgb_rank_top10_sprint,post,2025,2025_15,0.7668649016134386
3,0,0.08580918564552024,0.01720952844137469,0.9112385085066755,xgb_rank_top10_sprint,post,2025,2025_16,0.7668649016134386
1,1,0.31772844342731255,0.1118058818504638,0.5700378671220162,xgb_rank_top10_sprint,post,2025,2025_17,0.7668649016134386
2,1,0.169130817170704,0.05509093825013557,0.8289886398633951,xgb_rank_top10_sprint,post,2025,2025_18,0.7668649016134386
2,1,0.15642019688751596,0.04919703370500285,0.8289886398633951,xgb_rank_top10_sprint,post,2025,2025_19,0.7668649016134386
2,0,0.13528338649169033,0.03825596572075969,0.7700811153575446,xgb_rank_top10_sprint,post,2025,2025_2,0.7668649016134386
3,1,0.15078094374408976,0.04575922290444151,1.0,xgb_rank_top10_sprint,post,2025,2025_20,0.7668649016134386
1,1,0.2401422429666583,0.08703113918455074,0.5700378671220162,xgb_rank_top10_sprint,post,2025,2025_21,0.7668649016134386
1,0,0.458212070199536,0.12794105629520083,0.35965385102969294,xgb_rank_top10_sprint,post,2025,2025_22,0.7668649016134386
2,0,0.3151289859581979,0.09567711204558875,0.6954461978888599,xgb_rank_top10_sprint,post,2025,2025_23,0.7668649016134386
3,1,0.09249290734743987,0.022190225880606144,0.9910438099037578,xgb_rank_top10_sprint,post,2025,2025_24,0.7668649016134386
3,0,0.11479281424121335,0.02943638439241677,0.9410924754941495,xgb_rank_top10_sprint,post,2025,2025_3,0.7668649016134386
2,1,0.16635185853832607,0.05237489577364307,0.7752514992859421,xgb_rank_top10_sprint,post,2025,2025_4,0.7668649016134386
2,1,0.1601869624250311,0.050786723013705314,0.8289886398633951,xgb_rank_top10_sprint,post,2025,2025_5,0.7668649016134386
2,1,0.2135114994638661,0.07200894452001932,0.7752514992859421,xgb_rank_top10_sprint,post,2025,2025_6,0.7668649016134386
2,0,0.16244533612083026,0.05475641303408248,0.7016765713029027,xgb_rank_top10_sprint,post,2025,2025_7,0.7668649016134386
3,1,0.10034594266491284,0.02593347079891558,0.9910438099037578,xgb_rank_top10_sprint,post,2025,2025_8,0.7668649016134386
2,1,0.20762388303751847,0.06864428108913297,0.8289886398633951,xgb_rank_top10_sprint,post,2025,2025_9,0.7668649016134386
2,1,0.20009906613671918,0.06582446870785245,0.7752514992859421,xgb_rank_top10_sprint,post,2026,2026_1,0.7668649016134386
2,1,0.14802741679561476,0.04487006605351795,0.785830177739832,xgb_rank_top10_sprint,post,2026,2026_10,0.7668649016134386
2,1,0.19010642017263477,0.06412727735995448,0.7410492272586211,xgb_rank_top10_sprint,post,2026,2026_11,0.7668649016134386
2,1,0.14880849664867524,0.04410726683422749,0.785830177739832,xgb_rank_top10_sprint,post,2026,2026_12,0.7668649016134386
2,0,0.21415759047624247,0.07113483166787472,0.6954461978888599,xgb_rank_top10_sprint,post,2026,2026_13,0.7668649016134386
3,1,0.10408577687095573,0.025879614955974687,0.9910438099037578,xgb_rank_top10_sprint,post,2026,2026_14,0.7668649016134386
1,1,0.2659048247819484,0.09194163580934621,0.5700378671220162,xgb_rank_top10_sprint,post,2026,2026_15,0.7668649016134386
2,1,0.15549931461384817,0.04704742409222835,0.8289886398633951,xgb_rank_top10_sprint,post,2026,2026_2,0.7668649016134386
2,1,0.17122721250740067,0.05718282133933581,0.7752514992859421,xgb_rank_top10_sprint,post,2026,2026_3,0.7668649016134386
1,1,0.23959520958415992,0.08527339331375637,0.5700378671220162,xgb_rank_top10_sprint,post,2026,2026_4,0.7668649016134386
1,0,0.33626985586619473,0.11835732054323488,0.35965385102969294,xgb_rank_top10_sprint,post,2026,2026_5,0.7668649016134386
2,1,0.24906592103142058,0.08076969186509554,0.7752514992859421,xgb_rank_top10_sprint,post,2026,2026_6,0.7668649016134386
2,0,0.16978426000927746,0.05665930099908292,0.6954461978888599,xgb_rank_top10_sprint,post,2026,2026_7,0.7668649016134386
2,1,0.19065133453526553,0.06344068230883254,0.785830177739832,xgb_rank_top10_sprint,post,2026,2026_8,0.7668649016134386
2,0,0.25702834446581213,0.08236882779094182,0.5648674831936188,xgb_rank_top10_sprint,post,2026,2026_9,0.7668649016134386
